Workbook

Sheet 言語切替
A1: 言語切替 / 语言切换 / Chuyển ngôn ngữ
A3: 表示言語 | B3: Tiếng Việt
A6: 言語コード / 语言代码 / Mã ngôn ngữ (TRANSLATE用・変更禁止)
A7: 日本語 | B7: ja
A8: 中文 | B8: zh-Hans
A9: Tiếng Việt | B9: vi
A11: 自動翻訳はM365+ネット要。TRANSLATEが#NAME?なら手動でCopilotに貼付翻訳。 / 需M365+网络，若#NAME?请用Copilot手动翻译 / Cần M365 + mạng, nếu #NAME? thì dùng Copilot dịch tay.

Sheet 00_運用ルール
A1: =INDEX(_ゴミ箱_Backup!$B$2:$D$32,MATCH("TITLE",_ゴミ箱_Backup!$A$2:$A$32,0),MATCH(言語切替!$B$3,_ゴミ箱_Backup!$B$1:$D$1,0)) -> #N/A
A2: =INDEX(_ゴミ箱_Backup!$B$2:$D$32,MATCH("PURPOSE",_ゴミ箱_Backup!$A$2:$A$32,0),MATCH(言語切替!$B$3,_ゴミ箱_Backup!$B$1:$D$1,0)) -> #N/A
A4: =INDEX(_ゴミ箱_Backup!$B$2:$D$32,MATCH("PRINCIPLE_HEADER",_ゴミ箱_Backup!$A$2:$A$32,0),MATCH(言語切替!$B$3,_ゴミ箱_Backup!$B$1:$D$1,0)) -> #N/A | J4: =INDEX(_ゴミ箱_Backup!$B$2:$D$32,MATCH("COL_SHEET",_ゴミ箱_Backup!$A$2:$A$32,0),MATCH(言語切替!$B$3,_ゴミ箱_Backup!$B$1:$D$1,0)) -> #N/A | K4: =INDEX(_ゴミ箱_Backup!$B$2:$D$32,MATCH("COL_USAGE",_ゴミ箱_Backup!$A$2:$A$32,0),MATCH(言語切替!$B$3,_ゴミ箱_Backup!$B$1:$D$1,0)) -> #N/A
A5: =INDEX(_ゴミ箱_Backup!$B$2:$D$32,MATCH("P1",_ゴミ箱_Backup!$A$2:$A$32,0),MATCH(言語切替!$B$3,_ゴミ箱_Backup!$B$1:$D$1,0)) -> #N/A | J5: 01_全体サマリー | K5: =INDEX(_ゴミ箱_Backup!$B$2:$D$32,MATCH("U1",_ゴミ箱_Backup!$A$2:$A$32,0),MATCH(言語切替!$B$3,_ゴミ箱_Backup!$B$1:$D$1,0)) -> #N/A
A6: =INDEX(_ゴミ箱_Backup!$B$2:$D$32,MATCH("P2",_ゴミ箱_Backup!$A$2:$A$32,0),MATCH(言語切替!$B$3,_ゴミ箱_Backup!$B$1:$D$1,0)) -> #N/A | J6: 02_マスタ | K6: =INDEX(_ゴミ箱_Backup!$B$2:$D$32,MATCH("U2",_ゴミ箱_Backup!$A$2:$A$32,0),MATCH(言語切替!$B$3,_ゴミ箱_Backup!$B$1:$D$1,0)) -> #N/A
A7: =INDEX(_ゴミ箱_Backup!$B$2:$D$32,MATCH("P3",_ゴミ箱_Backup!$A$2:$A$32,0),MATCH(言語切替!$B$3,_ゴミ箱_Backup!$B$1:$D$1,0)) -> #N/A | J7: 03_WBS | K7: =INDEX(_ゴミ箱_Backup!$B$2:$D$32,MATCH("U3",_ゴミ箱_Backup!$A$2:$A$32,0),MATCH(言語切替!$B$3,_ゴミ箱_Backup!$B$1:$D$1,0)) -> #N/A
A8: =INDEX(_ゴミ箱_Backup!$B$2:$D$32,MATCH("P4",_ゴミ箱_Backup!$A$2:$A$32,0),MATCH(言語切替!$B$3,_ゴミ箱_Backup!$B$1:$D$1,0)) -> #N/A | J8: 04_課題ToDo | K8: =INDEX(_ゴミ箱_Backup!$B$2:$D$32,MATCH("U4",_ゴミ箱_Backup!$A$2:$A$32,0),MATCH(言語切替!$B$3,_ゴミ箱_Backup!$B$1:$D$1,0)) -> #N/A
J9: 05_決定事項 | K9: =INDEX(_ゴミ箱_Backup!$B$2:$D$32,MATCH("U5",_ゴミ箱_Backup!$A$2:$A$32,0),MATCH(言語切替!$B$3,_ゴミ箱_Backup!$B$1:$D$1,0)) -> #N/A
A10: =INDEX(_ゴミ箱_Backup!$B$2:$D$32,MATCH("RESP_HEADER",_ゴミ箱_Backup!$A$2:$A$32,0),MATCH(言語切替!$B$3,_ゴミ箱_Backup!$B$1:$D$1,0)) -> #N/A | J10: 06_KPI | K10: =INDEX(_ゴミ箱_Backup!$B$2:$D$32,MATCH("U6",_ゴミ箱_Backup!$A$2:$A$32,0),MATCH(言語切替!$B$3,_ゴミ箱_Backup!$B$1:$D$1,0)) -> #N/A
A11: =INDEX(_ゴミ箱_Backup!$B$2:$D$32,MATCH("R1",_ゴミ箱_Backup!$A$2:$A$32,0),MATCH(言語切替!$B$3,_ゴミ箱_Backup!$B$1:$D$1,0)) -> #N/A | J11: 07_更新履歴 | K11: =INDEX(_ゴミ箱_Backup!$B$2:$D$32,MATCH("U7",_ゴミ箱_Backup!$A$2:$A$32,0),MATCH(言語切替!$B$3,_ゴミ箱_Backup!$B$1:$D$1,0)) -> #N/A
A12: =INDEX(_ゴミ箱_Backup!$B$2:$D$32,MATCH("R2",_ゴミ箱_Backup!$A$2:$A$32,0),MATCH(言語切替!$B$3,_ゴミ箱_Backup!$B$1:$D$1,0)) -> #N/A
A13: =INDEX(_ゴミ箱_Backup!$B$2:$D$32,MATCH("R3",_ゴミ箱_Backup!$A$2:$A$32,0),MATCH(言語切替!$B$3,_ゴミ箱_Backup!$B$1:$D$1,0)) -> #N/A
A14: =INDEX(_ゴミ箱_Backup!$B$2:$D$32,MATCH("R4",_ゴミ箱_Backup!$A$2:$A$32,0),MATCH(言語切替!$B$3,_ゴミ箱_Backup!$B$1:$D$1,0)) -> #N/A
A16: =INDEX(_ゴミ箱_Backup!$B$2:$D$32,MATCH("CYCLE_HEADER",_ゴミ箱_Backup!$A$2:$A$32,0),MATCH(言語切替!$B$3,_ゴミ箱_Backup!$B$1:$D$1,0)) -> #N/A
A17: =INDEX(_ゴミ箱_Backup!$B$2:$D$32,MATCH("C1",_ゴミ箱_Backup!$A$2:$A$32,0),MATCH(言語切替!$B$3,_ゴミ箱_Backup!$B$1:$D$1,0)) -> #N/A
A18: =INDEX(_ゴミ箱_Backup!$B$2:$D$32,MATCH("C2",_ゴミ箱_Backup!$A$2:$A$32,0),MATCH(言語切替!$B$3,_ゴミ箱_Backup!$B$1:$D$1,0)) -> #N/A
A19: =INDEX(_ゴミ箱_Backup!$B$2:$D$32,MATCH("C3",_ゴミ箱_Backup!$A$2:$A$32,0),MATCH(言語切替!$B$3,_ゴミ箱_Backup!$B$1:$D$1,0)) -> #N/A
A20: =INDEX(_ゴミ箱_Backup!$B$2:$D$32,MATCH("C4",_ゴミ箱_Backup!$A$2:$A$32,0),MATCH(言語切替!$B$3,_ゴミ箱_Backup!$B$1:$D$1,0)) -> #N/A
A22: =INDEX(_ゴミ箱_Backup!$B$2:$D$32,MATCH("ESC_HEADER",_ゴミ箱_Backup!$A$2:$A$32,0),MATCH(言語切替!$B$3,_ゴミ箱_Backup!$B$1:$D$1,0)) -> #N/A
A23: =INDEX(_ゴミ箱_Backup!$B$2:$D$32,MATCH("E1",_ゴミ箱_Backup!$A$2:$A$32,0),MATCH(言語切替!$B$3,_ゴミ箱_Backup!$B$1:$D$1,0)) -> #N/A
A24: =INDEX(_ゴミ箱_Backup!$B$2:$D$32,MATCH("E2",_ゴミ箱_Backup!$A$2:$A$32,0),MATCH(言語切替!$B$3,_ゴミ箱_Backup!$B$1:$D$1,0)) -> #N/A
A25: =INDEX(_ゴミ箱_Backup!$B$2:$D$32,MATCH("E3",_ゴミ箱_Backup!$A$2:$A$32,0),MATCH(言語切替!$B$3,_ゴミ箱_Backup!$B$1:$D$1,0)) -> #N/A
A26: =INDEX(_ゴミ箱_Backup!$B$2:$D$32,MATCH("E4",_ゴミ箱_Backup!$A$2:$A$32,0),MATCH(言語切替!$B$3,_ゴミ箱_Backup!$B$1:$D$1,0)) -> #N/A
A27: =INDEX(_ゴミ箱_Backup!$B$2:$D$300,MATCH("PARA_TITLE",_ゴミ箱_Backup!$A$2:$A$300,0),MATCH(言語切替!$B$3,_ゴミ箱_Backup!$B$1:$D$1,0)) -> #N/A
A28: =INDEX(_ゴミ箱_Backup!$B$2:$D$300,MATCH("PARA_DESC",_ゴミ箱_Backup!$A$2:$A$300,0),MATCH(言語切替!$B$3,_ゴミ箱_Backup!$B$1:$D$1,0)) -> #N/A
A29: =INDEX(_ゴミ箱_Backup!$B$2:$D$300,MATCH("PARA_HOWTO",_ゴミ箱_Backup!$A$2:$A$300,0),MATCH(言語切替!$B$3,_ゴミ箱_Backup!$B$1:$D$1,0)) -> #N/A
A30: =INDEX(_ゴミ箱_Backup!$B$2:$D$300,MATCH("BACKUP_TITLE",_ゴミ箱_Backup!$A$2:$A$300,0),MATCH(言語切替!$B$3,_ゴミ箱_Backup!$B$1:$D$1,0)) -> #N/A
A31: =INDEX(_ゴミ箱_Backup!$B$2:$D$300,MATCH("BACKUP_DESC",_ゴミ箱_Backup!$A$2:$A$300,0),MATCH(言語切替!$B$3,_ゴミ箱_Backup!$B$1:$D$1,0)) -> #N/A

Sheet 01_全体サマリー
A1: =INDEX(_ゴミ箱_Backup!$B$33:$D$45,MATCH("DASH_TITLE",_ゴミ箱_Backup!$A$33:$A$45,0),MATCH(言語切替!$B$3,_ゴミ箱_Backup!$B$1:$D$1,0)) -> #N/A
A2: =INDEX(_ゴミ箱_Backup!$B$33:$D$45,MATCH("DASH_DESC",_ゴミ箱_Backup!$A$33:$A$45,0),MATCH(言語切替!$B$3,_ゴミ箱_Backup!$B$1:$D$1,0)) -> #N/A
B4: =INDEX(_ゴミ箱_Backup!$B$33:$D$45,MATCH("DASH_OPEN_WBS",_ゴミ箱_Backup!$A$33:$A$45,0),MATCH(言語切替!$B$3,_ゴミ箱_Backup!$B$1:$D$1,0)) -> #N/A | D4: =INDEX(_ゴミ箱_Backup!$B$33:$D$45,MATCH("DASH_DELAY_WBS",_ゴミ箱_Backup!$A$33:$A$45,0),MATCH(言語切替!$B$3,_ゴミ箱_Backup!$B$1:$D$1,0)) -> #N/A | F4: =INDEX(_ゴミ箱_Backup!$B$33:$D$45,MATCH("DASH_OPEN_ISSUES",_ゴミ箱_Backup!$A$33:$A$45,0),MATCH(言語切替!$B$3,_ゴミ箱_Backup!$B$1:$D$1,0)) -> #N/A | H4: =INDEX(_ゴミ箱_Backup!$B$33:$D$45,MATCH("DASH_HIGH_OVERDUE",_ゴミ箱_Backup!$A$33:$A$45,0),MATCH(言語切替!$B$3,_ゴミ箱_Backup!$B$1:$D$1,0)) -> #N/A | J4: =INDEX(_ゴミ箱_Backup!$B$33:$D$45,MATCH("DASH_KPI_MISS",_ゴミ箱_Backup!$A$33:$A$45,0),MATCH(言語切替!$B$3,_ゴミ箱_Backup!$B$1:$D$1,0)) -> #N/A
B5: =COUNTIFS('03_WBS'!$A$5:$A$204,"<>",'03_WBS'!$L$5:$L$204,"<>"&INDEX(_ゴミ箱_Backup!$B$75:$D$75,1,MATCH(言語切替!$B$3,_ゴミ箱_Backup!$B$1:$D$1,0))) -> 3 | D5: =COUNTIF('03_WBS'!$N$5:$N$204,INDEX(_ゴミ箱_Backup!$B$92:$D$92,1,MATCH(言語切替!$B$3,_ゴミ箱_Backup!$B$1:$D$1,0))) -> 3 | F5: =COUNTIFS('04_課題ToDo'!$A$5:$A$304,"<>",'04_課題ToDo'!$M$5:$M$304,"<>"&INDEX(_ゴミ箱_Backup!$B$75:$D$75,1,MATCH(言語切替!$B$3,_ゴミ箱_Backup!$B$1:$D$1,0)),'04_課題ToDo'!$M$5:$M$304,"<>"&INDEX(_ゴミ箱_Backup!$B$77:$D$77,1,MATCH(言語切替!$B$3,_ゴミ箱_Backup!$B$1:$D$1,0))) -> 4 | H5: =COUNTIFS('04_課題ToDo'!$A$5:$A$304,"<>",'04_課題ToDo'!$S$5:$S$304,"High")+COUNTIFS('04_課題ToDo'!$A$5:$A$304,"<>",'04_課題ToDo'!$S$5:$S$304,INDEX(_ゴミ箱_Backup!$B$117:$D$247,MATCH("ALERT_OVERDUE",_ゴミ箱_Backup!$A$117:$A$247,0),MATCH(言語切替!$B$3,_ゴミ箱_Backup!$B$1:$D$1,0))) -> 4 | J5: =COUNTIFS('06_KPI'!$A$5:$A$204,"<>",'06_KPI'!$O$5:$O$204,INDEX(_ゴミ箱_Backup!$B$94:$D$94,1,MATCH(言語切替!$B$3,_ゴミ箱_Backup!$B$1:$D$1,0))) -> 4
A9: =INDEX(_ゴミ箱_Backup!$B$33:$D$45,MATCH("DASH_WG",_ゴミ箱_Backup!$A$33:$A$45,0),MATCH(言語切替!$B$3,_ゴミ箱_Backup!$B$1:$D$1,0)) -> #N/A | B9: =INDEX(_ゴミ箱_Backup!$B$33:$D$45,MATCH("DASH_OPEN_WBS",_ゴミ箱_Backup!$A$33:$A$45,0),MATCH(言語切替!$B$3,_ゴミ箱_Backup!$B$1:$D$1,0)) -> #N/A | C9: =INDEX(_ゴミ箱_Backup!$B$33:$D$45,MATCH("DASH_DELAY_WBS",_ゴミ箱_Backup!$A$33:$A$45,0),MATCH(言語切替!$B$3,_ゴミ箱_Backup!$B$1:$D$1,0)) -> #N/A | D9: =INDEX(_ゴミ箱_Backup!$B$33:$D$45,MATCH("DASH_OPEN_ISSUES_SHORT",_ゴミ箱_Backup!$A$33:$A$45,0),MATCH(言語切替!$B$3,_ゴミ箱_Backup!$B$1:$D$1,0)) -> #N/A | E9: =INDEX(_ゴミ箱_Backup!$B$33:$D$45,MATCH("DASH_HIGH_OVERDUE_SHORT",_ゴミ箱_Backup!$A$33:$A$45,0),MATCH(言語切替!$B$3,_ゴミ箱_Backup!$B$1:$D$1,0)) -> #N/A | F9: =INDEX(_ゴミ箱_Backup!$B$33:$D$45,MATCH("DASH_WAITING",_ゴミ箱_Backup!$A$33:$A$45,0),MATCH(言語切替!$B$3,_ゴミ箱_Backup!$B$1:$D$1,0)) -> #N/A | G9: =INDEX(_ゴミ箱_Backup!$B$33:$D$45,MATCH("DASH_KPI_MISS",_ゴミ箱_Backup!$A$33:$A$45,0),MATCH(言語切替!$B$3,_ゴミ箱_Backup!$B$1:$D$1,0)) -> #N/A
A10: ='02_マスタ'!$A$5 -> #N/A | B10: =COUNTIFS('03_WBS'!$B$5:$B$204,$A10,'03_WBS'!$L$5:$L$204,"<>"&INDEX(_ゴミ箱_Backup!$B$75:$D$75,1,MATCH(言語切替!$B$3,_ゴミ箱_Backup!$B$1:$D$1,0))) -> 1 | C10: =COUNTIFS('03_WBS'!$B$5:$B$204,$A10,'03_WBS'!$N$5:$N$204,INDEX(_ゴミ箱_Backup!$B$92:$D$92,1,MATCH(言語切替!$B$3,_ゴミ箱_Backup!$B$1:$D$1,0))) -> 1 | D10: =COUNTIFS('04_課題ToDo'!$C$5:$C$304,$A10,'04_課題ToDo'!$M$5:$M$304,"<>"&INDEX(_ゴミ箱_Backup!$B$75:$D$75,1,MATCH(言語切替!$B$3,_ゴミ箱_Backup!$B$1:$D$1,0)),'04_課題ToDo'!$M$5:$M$304,"<>"&INDEX(_ゴミ箱_Backup!$B$77:$D$77,1,MATCH(言語切替!$B$3,_ゴミ箱_Backup!$B$1:$D$1,0))) -> 4 | E10: =COUNTIFS('04_課題ToDo'!$C$5:$C$304,$A10,'04_課題ToDo'!$S$5:$S$304,"High")+COUNTIFS('04_課題ToDo'!$C$5:$C$304,$A10,'04_課題ToDo'!$S$5:$S$304,INDEX(_ゴミ箱_Backup!$B$117:$D$247,MATCH("ALERT_OVERDUE",_ゴミ箱_Backup!$A$117:$A$247,0),MATCH(言語切替!$B$3,_ゴミ箱_Backup!$B$1:$D$1,0))) -> 4 | F10: =COUNTIFS('04_課題ToDo'!$C$5:$C$304,$A10,'04_課題ToDo'!$M$5:$M$304,INDEX(_ゴミ箱_Backup!$B$72:$D$72,1,MATCH(言語切替!$B$3,_ゴミ箱_Backup!$B$1:$D$1,0)))+COUNTIFS('04_課題ToDo'!$C$5:$C$304,$A10,'04_課題ToDo'!$M$5:$M$304,INDEX(_ゴミ箱_Backup!$B$73:$D$73,1,MATCH(言語切替!$B$3,_ゴミ箱_Backup!$B$1:$D$1,0))) -> 8 | G10: =COUNTIFS('06_KPI'!$B$5:$B$204,$A10,'06_KPI'!$O$5:$O$204,INDEX(_ゴミ箱_Backup!$B$94:$D$94,1,MATCH(言語切替!$B$3,_ゴミ箱_Backup!$B$1:$D$1,0))) -> 4
A11: WG-1 | B11: =COUNTIFS('03_WBS'!$B$5:$B$204,$A11,'03_WBS'!$L$5:$L$204,"<>"&INDEX(_ゴミ箱_Backup!$B$75:$D$75,1,MATCH(言語切替!$B$3,_ゴミ箱_Backup!$B$1:$D$1,0))) -> 1 | C11: =COUNTIFS('03_WBS'!$B$5:$B$204,$A11,'03_WBS'!$N$5:$N$204,INDEX(_ゴミ箱_Backup!$B$92:$D$92,1,MATCH(言語切替!$B$3,_ゴミ箱_Backup!$B$1:$D$1,0))) -> 1 | D11: =COUNTIFS('04_課題ToDo'!$C$5:$C$304,$A11,'04_課題ToDo'!$M$5:$M$304,"<>"&INDEX(_ゴミ箱_Backup!$B$75:$D$75,1,MATCH(言語切替!$B$3,_ゴミ箱_Backup!$B$1:$D$1,0)),'04_課題ToDo'!$M$5:$M$304,"<>"&INDEX(_ゴミ箱_Backup!$B$77:$D$77,1,MATCH(言語切替!$B$3,_ゴミ箱_Backup!$B$1:$D$1,0))) -> 0 | E11: =COUNTIFS('04_課題ToDo'!$C$5:$C$304,$A11,'04_課題ToDo'!$S$5:$S$304,"High")+COUNTIFS('04_課題ToDo'!$C$5:$C$304,$A11,'04_課題ToDo'!$S$5:$S$304,INDEX(_ゴミ箱_Backup!$B$117:$D$247,MATCH("ALERT_OVERDUE",_ゴミ箱_Backup!$A$117:$A$247,0),MATCH(言語切替!$B$3,_ゴミ箱_Backup!$B$1:$D$1,0))) -> 0 | F11: =COUNTIFS('04_課題ToDo'!$C$5:$C$304,$A11,'04_課題ToDo'!$M$5:$M$304,INDEX(_ゴミ箱_Backup!$B$72:$D$72,1,MATCH(言語切替!$B$3,_ゴミ箱_Backup!$B$1:$D$1,0)))+COUNTIFS('04_課題ToDo'!$C$5:$C$304,$A11,'04_課題ToDo'!$M$5:$M$304,INDEX(_ゴミ箱_Backup!$B$73:$D$73,1,MATCH(言語切替!$B$3,_ゴミ箱_Backup!$B$1:$D$1,0))) -> 0 | G11: =COUNTIFS('06_KPI'!$B$5:$B$204,$A11,'06_KPI'!$O$5:$O$204,INDEX(_ゴミ箱_Backup!$B$94:$D$94,1,MATCH(言語切替!$B$3,_ゴミ箱_Backup!$B$1:$D$1,0))) -> 0
A12: WG-2 | B12: =COUNTIFS('03_WBS'!$B$5:$B$204,$A12,'03_WBS'!$L$5:$L$204,"<>"&INDEX(_ゴミ箱_Backup!$B$75:$D$75,1,MATCH(言語切替!$B$3,_ゴミ箱_Backup!$B$1:$D$1,0))) -> 0 | C12: =COUNTIFS('03_WBS'!$B$5:$B$204,$A12,'03_WBS'!$N$5:$N$204,INDEX(_ゴミ箱_Backup!$B$92:$D$92,1,MATCH(言語切替!$B$3,_ゴミ箱_Backup!$B$1:$D$1,0))) -> 0 | D12: =COUNTIFS('04_課題ToDo'!$C$5:$C$304,$A12,'04_課題ToDo'!$M$5:$M$304,"<>"&INDEX(_ゴミ箱_Backup!$B$75:$D$75,1,MATCH(言語切替!$B$3,_ゴミ箱_Backup!$B$1:$D$1,0)),'04_課題ToDo'!$M$5:$M$304,"<>"&INDEX(_ゴミ箱_Backup!$B$77:$D$77,1,MATCH(言語切替!$B$3,_ゴミ箱_Backup!$B$1:$D$1,0))) -> 0 | E12: =COUNTIFS('04_課題ToDo'!$C$5:$C$304,$A12,'04_課題ToDo'!$S$5:$S$304,"High")+COUNTIFS('04_課題ToDo'!$C$5:$C$304,$A12,'04_課題ToDo'!$S$5:$S$304,INDEX(_ゴミ箱_Backup!$B$117:$D$247,MATCH("ALERT_OVERDUE",_ゴミ箱_Backup!$A$117:$A$247,0),MATCH(言語切替!$B$3,_ゴミ箱_Backup!$B$1:$D$1,0))) -> 0 | F12: =COUNTIFS('04_課題ToDo'!$C$5:$C$304,$A12,'04_課題ToDo'!$M$5:$M$304,INDEX(_ゴミ箱_Backup!$B$72:$D$72,1,MATCH(言語切替!$B$3,_ゴミ箱_Backup!$B$1:$D$1,0)))+COUNTIFS('04_課題ToDo'!$C$5:$C$304,$A12,'04_課題ToDo'!$M$5:$M$304,INDEX(_ゴミ箱_Backup!$B$73:$D$73,1,MATCH(言語切替!$B$3,_ゴミ箱_Backup!$B$1:$D$1,0))) -> 0 | G12: =COUNTIFS('06_KPI'!$B$5:$B$204,$A12,'06_KPI'!$O$5:$O$204,INDEX(_ゴミ箱_Backup!$B$94:$D$94,1,MATCH(言語切替!$B$3,_ゴミ箱_Backup!$B$1:$D$1,0))) -> 0
A13: WG-3 | B13: =COUNTIFS('03_WBS'!$B$5:$B$204,$A13,'03_WBS'!$L$5:$L$204,"<>"&INDEX(_ゴミ箱_Backup!$B$75:$D$75,1,MATCH(言語切替!$B$3,_ゴミ箱_Backup!$B$1:$D$1,0))) -> 0 | C13: =COUNTIFS('03_WBS'!$B$5:$B$204,$A13,'03_WBS'!$N$5:$N$204,INDEX(_ゴミ箱_Backup!$B$92:$D$92,1,MATCH(言語切替!$B$3,_ゴミ箱_Backup!$B$1:$D$1,0))) -> 0 | D13: =COUNTIFS('04_課題ToDo'!$C$5:$C$304,$A13,'04_課題ToDo'!$M$5:$M$304,"<>"&INDEX(_ゴミ箱_Backup!$B$75:$D$75,1,MATCH(言語切替!$B$3,_ゴミ箱_Backup!$B$1:$D$1,0)),'04_課題ToDo'!$M$5:$M$304,"<>"&INDEX(_ゴミ箱_Backup!$B$77:$D$77,1,MATCH(言語切替!$B$3,_ゴミ箱_Backup!$B$1:$D$1,0))) -> 0 | E13: =COUNTIFS('04_課題ToDo'!$C$5:$C$304,$A13,'04_課題ToDo'!$S$5:$S$304,"High")+COUNTIFS('04_課題ToDo'!$C$5:$C$304,$A13,'04_課題ToDo'!$S$5:$S$304,INDEX(_ゴミ箱_Backup!$B$117:$D$247,MATCH("ALERT_OVERDUE",_ゴミ箱_Backup!$A$117:$A$247,0),MATCH(言語切替!$B$3,_ゴミ箱_Backup!$B$1:$D$1,0))) -> 0 | F13: =COUNTIFS('04_課題ToDo'!$C$5:$C$304,$A13,'04_課題ToDo'!$M$5:$M$304,INDEX(_ゴミ箱_Backup!$B$72:$D$72,1,MATCH(言語切替!$B$3,_ゴミ箱_Backup!$B$1:$D$1,0)))+COUNTIFS('04_課題ToDo'!$C$5:$C$304,$A13,'04_課題ToDo'!$M$5:$M$304,INDEX(_ゴミ箱_Backup!$B$73:$D$73,1,MATCH(言語切替!$B$3,_ゴミ箱_Backup!$B$1:$D$1,0))) -> 0 | G13: =COUNTIFS('06_KPI'!$B$5:$B$204,$A13,'06_KPI'!$O$5:$O$204,INDEX(_ゴミ箱_Backup!$B$94:$D$94,1,MATCH(言語切替!$B$3,_ゴミ箱_Backup!$B$1:$D$1,0))) -> 0
A14: WG-4 | B14: =COUNTIFS('03_WBS'!$B$5:$B$204,$A14,'03_WBS'!$L$5:$L$204,"<>"&INDEX(_ゴミ箱_Backup!$B$75:$D$75,1,MATCH(言語切替!$B$3,_ゴミ箱_Backup!$B$1:$D$1,0))) -> 0 | C14: =COUNTIFS('03_WBS'!$B$5:$B$204,$A14,'03_WBS'!$N$5:$N$204,INDEX(_ゴミ箱_Backup!$B$92:$D$92,1,MATCH(言語切替!$B$3,_ゴミ箱_Backup!$B$1:$D$1,0))) -> 0 | D14: =COUNTIFS('04_課題ToDo'!$C$5:$C$304,$A14,'04_課題ToDo'!$M$5:$M$304,"<>"&INDEX(_ゴミ箱_Backup!$B$75:$D$75,1,MATCH(言語切替!$B$3,_ゴミ箱_Backup!$B$1:$D$1,0)),'04_課題ToDo'!$M$5:$M$304,"<>"&INDEX(_ゴミ箱_Backup!$B$77:$D$77,1,MATCH(言語切替!$B$3,_ゴミ箱_Backup!$B$1:$D$1,0))) -> 0 | E14: =COUNTIFS('04_課題ToDo'!$C$5:$C$304,$A14,'04_課題ToDo'!$S$5:$S$304,"High")+COUNTIFS('04_課題ToDo'!$C$5:$C$304,$A14,'04_課題ToDo'!$S$5:$S$304,INDEX(_ゴミ箱_Backup!$B$117:$D$247,MATCH("ALERT_OVERDUE",_ゴミ箱_Backup!$A$117:$A$247,0),MATCH(言語切替!$B$3,_ゴミ箱_Backup!$B$1:$D$1,0))) -> 0 | F14: =COUNTIFS('04_課題ToDo'!$C$5:$C$304,$A14,'04_課題ToDo'!$M$5:$M$304,INDEX(_ゴミ箱_Backup!$B$72:$D$72,1,MATCH(言語切替!$B$3,_ゴミ箱_Backup!$B$1:$D$1,0)))+COUNTIFS('04_課題ToDo'!$C$5:$C$304,$A14,'04_課題ToDo'!$M$5:$M$304,INDEX(_ゴミ箱_Backup!$B$73:$D$73,1,MATCH(言語切替!$B$3,_ゴミ箱_Backup!$B$1:$D$1,0))) -> 0 | G14: =COUNTIFS('06_KPI'!$B$5:$B$204,$A14,'06_KPI'!$O$5:$O$204,INDEX(_ゴミ箱_Backup!$B$94:$D$94,1,MATCH(言語切替!$B$3,_ゴミ箱_Backup!$B$1:$D$1,0))) -> 0
A15: WG-5 | B15: =COUNTIFS('03_WBS'!$B$5:$B$204,$A15,'03_WBS'!$L$5:$L$204,"<>"&INDEX(_ゴミ箱_Backup!$B$75:$D$75,1,MATCH(言語切替!$B$3,_ゴミ箱_Backup!$B$1:$D$1,0))) -> 0 | C15: =COUNTIFS('03_WBS'!$B$5:$B$204,$A15,'03_WBS'!$N$5:$N$204,INDEX(_ゴミ箱_Backup!$B$92:$D$92,1,MATCH(言語切替!$B$3,_ゴミ箱_Backup!$B$1:$D$1,0))) -> 0 | D15: =COUNTIFS('04_課題ToDo'!$C$5:$C$304,$A15,'04_課題ToDo'!$M$5:$M$304,"<>"&INDEX(_ゴミ箱_Backup!$B$75:$D$75,1,MATCH(言語切替!$B$3,_ゴミ箱_Backup!$B$1:$D$1,0)),'04_課題ToDo'!$M$5:$M$304,"<>"&INDEX(_ゴミ箱_Backup!$B$77:$D$77,1,MATCH(言語切替!$B$3,_ゴミ箱_Backup!$B$1:$D$1,0))) -> 0 | E15: =COUNTIFS('04_課題ToDo'!$C$5:$C$304,$A15,'04_課題ToDo'!$S$5:$S$304,"High")+COUNTIFS('04_課題ToDo'!$C$5:$C$304,$A15,'04_課題ToDo'!$S$5:$S$304,INDEX(_ゴミ箱_Backup!$B$117:$D$247,MATCH("ALERT_OVERDUE",_ゴミ箱_Backup!$A$117:$A$247,0),MATCH(言語切替!$B$3,_ゴミ箱_Backup!$B$1:$D$1,0))) -> 0 | F15: =COUNTIFS('04_課題ToDo'!$C$5:$C$304,$A15,'04_課題ToDo'!$M$5:$M$304,INDEX(_ゴミ箱_Backup!$B$72:$D$72,1,MATCH(言語切替!$B$3,_ゴミ箱_Backup!$B$1:$D$1,0)))+COUNTIFS('04_課題ToDo'!$C$5:$C$304,$A15,'04_課題ToDo'!$M$5:$M$304,INDEX(_ゴミ箱_Backup!$B$73:$D$73,1,MATCH(言語切替!$B$3,_ゴミ箱_Backup!$B$1:$D$1,0))) -> 0 | G15: =COUNTIFS('06_KPI'!$B$5:$B$204,$A15,'06_KPI'!$O$5:$O$204,INDEX(_ゴミ箱_Backup!$B$94:$D$94,1,MATCH(言語切替!$B$3,_ゴミ箱_Backup!$B$1:$D$1,0))) -> 0
A16: WG-6 | B16: =COUNTIFS('03_WBS'!$B$5:$B$204,$A16,'03_WBS'!$L$5:$L$204,"<>"&INDEX(_ゴミ箱_Backup!$B$75:$D$75,1,MATCH(言語切替!$B$3,_ゴミ箱_Backup!$B$1:$D$1,0))) -> 0 | C16: =COUNTIFS('03_WBS'!$B$5:$B$204,$A16,'03_WBS'!$N$5:$N$204,INDEX(_ゴミ箱_Backup!$B$92:$D$92,1,MATCH(言語切替!$B$3,_ゴミ箱_Backup!$B$1:$D$1,0))) -> 0 | D16: =COUNTIFS('04_課題ToDo'!$C$5:$C$304,$A16,'04_課題ToDo'!$M$5:$M$304,"<>"&INDEX(_ゴミ箱_Backup!$B$75:$D$75,1,MATCH(言語切替!$B$3,_ゴミ箱_Backup!$B$1:$D$1,0)),'04_課題ToDo'!$M$5:$M$304,"<>"&INDEX(_ゴミ箱_Backup!$B$77:$D$77,1,MATCH(言語切替!$B$3,_ゴミ箱_Backup!$B$1:$D$1,0))) -> 0 | E16: =COUNTIFS('04_課題ToDo'!$C$5:$C$304,$A16,'04_課題ToDo'!$S$5:$S$304,"High")+COUNTIFS('04_課題ToDo'!$C$5:$C$304,$A16,'04_課題ToDo'!$S$5:$S$304,INDEX(_ゴミ箱_Backup!$B$117:$D$247,MATCH("ALERT_OVERDUE",_ゴミ箱_Backup!$A$117:$A$247,0),MATCH(言語切替!$B$3,_ゴミ箱_Backup!$B$1:$D$1,0))) -> 0 | F16: =COUNTIFS('04_課題ToDo'!$C$5:$C$304,$A16,'04_課題ToDo'!$M$5:$M$304,INDEX(_ゴミ箱_Backup!$B$72:$D$72,1,MATCH(言語切替!$B$3,_ゴミ箱_Backup!$B$1:$D$1,0)))+COUNTIFS('04_課題ToDo'!$C$5:$C$304,$A16,'04_課題ToDo'!$M$5:$M$304,INDEX(_ゴミ箱_Backup!$B$73:$D$73,1,MATCH(言語切替!$B$3,_ゴミ箱_Backup!$B$1:$D$1,0))) -> 0 | G16: =COUNTIFS('06_KPI'!$B$5:$B$204,$A16,'06_KPI'!$O$5:$O$204,INDEX(_ゴミ箱_Backup!$B$94:$D$94,1,MATCH(言語切替!$B$3,_ゴミ箱_Backup!$B$1:$D$1,0))) -> 0
A17: WG-7 | B17: =COUNTIFS('03_WBS'!$B$5:$B$204,$A17,'03_WBS'!$L$5:$L$204,"<>"&INDEX(_ゴミ箱_Backup!$B$75:$D$75,1,MATCH(言語切替!$B$3,_ゴミ箱_Backup!$B$1:$D$1,0))) -> 0 | C17: =COUNTIFS('03_WBS'!$B$5:$B$204,$A17,'03_WBS'!$N$5:$N$204,INDEX(_ゴミ箱_Backup!$B$92:$D$92,1,MATCH(言語切替!$B$3,_ゴミ箱_Backup!$B$1:$D$1,0))) -> 0 | D17: =COUNTIFS('04_課題ToDo'!$C$5:$C$304,$A17,'04_課題ToDo'!$M$5:$M$304,"<>"&INDEX(_ゴミ箱_Backup!$B$75:$D$75,1,MATCH(言語切替!$B$3,_ゴミ箱_Backup!$B$1:$D$1,0)),'04_課題ToDo'!$M$5:$M$304,"<>"&INDEX(_ゴミ箱_Backup!$B$77:$D$77,1,MATCH(言語切替!$B$3,_ゴミ箱_Backup!$B$1:$D$1,0))) -> 0 | E17: =COUNTIFS('04_課題ToDo'!$C$5:$C$304,$A17,'04_課題ToDo'!$S$5:$S$304,"High")+COUNTIFS('04_課題ToDo'!$C$5:$C$304,$A17,'04_課題ToDo'!$S$5:$S$304,INDEX(_ゴミ箱_Backup!$B$117:$D$247,MATCH("ALERT_OVERDUE",_ゴミ箱_Backup!$A$117:$A$247,0),MATCH(言語切替!$B$3,_ゴミ箱_Backup!$B$1:$D$1,0))) -> 0 | F17: =COUNTIFS('04_課題ToDo'!$C$5:$C$304,$A17,'04_課題ToDo'!$M$5:$M$304,INDEX(_ゴミ箱_Backup!$B$72:$D$72,1,MATCH(言語切替!$B$3,_ゴミ箱_Backup!$B$1:$D$1,0)))+COUNTIFS('04_課題ToDo'!$C$5:$C$304,$A17,'04_課題ToDo'!$M$5:$M$304,INDEX(_ゴミ箱_Backup!$B$73:$D$73,1,MATCH(言語切替!$B$3,_ゴミ箱_Backup!$B$1:$D$1,0))) -> 0 | G17: =COUNTIFS('06_KPI'!$B$5:$B$204,$A17,'06_KPI'!$O$5:$O$204,INDEX(_ゴミ箱_Backup!$B$94:$D$94,1,MATCH(言語切替!$B$3,_ゴミ箱_Backup!$B$1:$D$1,0))) -> 0
A18: WG-8 | B18: =COUNTIFS('03_WBS'!$B$5:$B$204,$A18,'03_WBS'!$L$5:$L$204,"<>"&INDEX(_ゴミ箱_Backup!$B$75:$D$75,1,MATCH(言語切替!$B$3,_ゴミ箱_Backup!$B$1:$D$1,0))) -> 1 | C18: =COUNTIFS('03_WBS'!$B$5:$B$204,$A18,'03_WBS'!$N$5:$N$204,INDEX(_ゴミ箱_Backup!$B$92:$D$92,1,MATCH(言語切替!$B$3,_ゴミ箱_Backup!$B$1:$D$1,0))) -> 1 | D18: =COUNTIFS('04_課題ToDo'!$C$5:$C$304,$A18,'04_課題ToDo'!$M$5:$M$304,"<>"&INDEX(_ゴミ箱_Backup!$B$75:$D$75,1,MATCH(言語切替!$B$3,_ゴミ箱_Backup!$B$1:$D$1,0)),'04_課題ToDo'!$M$5:$M$304,"<>"&INDEX(_ゴミ箱_Backup!$B$77:$D$77,1,MATCH(言語切替!$B$3,_ゴミ箱_Backup!$B$1:$D$1,0))) -> 0 | E18: =COUNTIFS('04_課題ToDo'!$C$5:$C$304,$A18,'04_課題ToDo'!$S$5:$S$304,"High")+COUNTIFS('04_課題ToDo'!$C$5:$C$304,$A18,'04_課題ToDo'!$S$5:$S$304,INDEX(_ゴミ箱_Backup!$B$117:$D$247,MATCH("ALERT_OVERDUE",_ゴミ箱_Backup!$A$117:$A$247,0),MATCH(言語切替!$B$3,_ゴミ箱_Backup!$B$1:$D$1,0))) -> 0 | F18: =COUNTIFS('04_課題ToDo'!$C$5:$C$304,$A18,'04_課題ToDo'!$M$5:$M$304,INDEX(_ゴミ箱_Backup!$B$72:$D$72,1,MATCH(言語切替!$B$3,_ゴミ箱_Backup!$B$1:$D$1,0)))+COUNTIFS('04_課題ToDo'!$C$5:$C$304,$A18,'04_課題ToDo'!$M$5:$M$304,INDEX(_ゴミ箱_Backup!$B$73:$D$73,1,MATCH(言語切替!$B$3,_ゴミ箱_Backup!$B$1:$D$1,0))) -> 0 | G18: =COUNTIFS('06_KPI'!$B$5:$B$204,$A18,'06_KPI'!$O$5:$O$204,INDEX(_ゴミ箱_Backup!$B$94:$D$94,1,MATCH(言語切替!$B$3,_ゴミ箱_Backup!$B$1:$D$1,0))) -> 0
A19: WG-9 | B19: =COUNTIFS('03_WBS'!$B$5:$B$204,$A19,'03_WBS'!$L$5:$L$204,"<>"&INDEX(_ゴミ箱_Backup!$B$75:$D$75,1,MATCH(言語切替!$B$3,_ゴミ箱_Backup!$B$1:$D$1,0))) -> 0 | C19: =COUNTIFS('03_WBS'!$B$5:$B$204,$A19,'03_WBS'!$N$5:$N$204,INDEX(_ゴミ箱_Backup!$B$92:$D$92,1,MATCH(言語切替!$B$3,_ゴミ箱_Backup!$B$1:$D$1,0))) -> 0 | D19: =COUNTIFS('04_課題ToDo'!$C$5:$C$304,$A19,'04_課題ToDo'!$M$5:$M$304,"<>"&INDEX(_ゴミ箱_Backup!$B$75:$D$75,1,MATCH(言語切替!$B$3,_ゴミ箱_Backup!$B$1:$D$1,0)),'04_課題ToDo'!$M$5:$M$304,"<>"&INDEX(_ゴミ箱_Backup!$B$77:$D$77,1,MATCH(言語切替!$B$3,_ゴミ箱_Backup!$B$1:$D$1,0))) -> 0 | E19: =COUNTIFS('04_課題ToDo'!$C$5:$C$304,$A19,'04_課題ToDo'!$S$5:$S$304,"High")+COUNTIFS('04_課題ToDo'!$C$5:$C$304,$A19,'04_課題ToDo'!$S$5:$S$304,INDEX(_ゴミ箱_Backup!$B$117:$D$247,MATCH("ALERT_OVERDUE",_ゴミ箱_Backup!$A$117:$A$247,0),MATCH(言語切替!$B$3,_ゴミ箱_Backup!$B$1:$D$1,0))) -> 0 | F19: =COUNTIFS('04_課題ToDo'!$C$5:$C$304,$A19,'04_課題ToDo'!$M$5:$M$304,INDEX(_ゴミ箱_Backup!$B$72:$D$72,1,MATCH(言語切替!$B$3,_ゴミ箱_Backup!$B$1:$D$1,0)))+COUNTIFS('04_課題ToDo'!$C$5:$C$304,$A19,'04_課題ToDo'!$M$5:$M$304,INDEX(_ゴミ箱_Backup!$B$73:$D$73,1,MATCH(言語切替!$B$3,_ゴミ箱_Backup!$B$1:$D$1,0))) -> 0 | G19: =COUNTIFS('06_KPI'!$B$5:$B$204,$A19,'06_KPI'!$O$5:$O$204,INDEX(_ゴミ箱_Backup!$B$94:$D$94,1,MATCH(言語切替!$B$3,_ゴミ箱_Backup!$B$1:$D$1,0))) -> 0

Sheet 02_マスタ
A1: =INDEX(_ゴミ箱_Backup!$B$47:$D$98,MATCH("M_TITLE",_ゴミ箱_Backup!$A$47:$A$98,0),MATCH(言語切替!$B$3,_ゴミ箱_Backup!$B$1:$D$1,0)) -> #N/A
A2: =INDEX(_ゴミ箱_Backup!$B$47:$D$98,MATCH("M_DESC",_ゴミ箱_Backup!$A$47:$A$98,0),MATCH(言語切替!$B$3,_ゴミ箱_Backup!$B$1:$D$1,0)) -> #N/A
A4: =INDEX(_ゴミ箱_Backup!$B$47:$D$98,MATCH("M_WG",_ゴミ箱_Backup!$A$47:$A$98,0),MATCH(言語切替!$B$3,_ゴミ箱_Backup!$B$1:$D$1,0)) -> #N/A | C4: =INDEX(_ゴミ箱_Backup!$B$47:$D$98,MATCH("M_SITE",_ゴミ箱_Backup!$A$47:$A$98,0),MATCH(言語切替!$B$3,_ゴミ箱_Backup!$B$1:$D$1,0)) -> #N/A | E4: =INDEX(_ゴミ箱_Backup!$B$47:$D$98,MATCH("M_STATUS",_ゴミ箱_Backup!$A$47:$A$98,0),MATCH(言語切替!$B$3,_ゴミ箱_Backup!$B$1:$D$1,0)) -> #N/A | G4: =INDEX(_ゴミ箱_Backup!$B$47:$D$98,MATCH("M_PRIORITY",_ゴミ箱_Backup!$A$47:$A$98,0),MATCH(言語切替!$B$3,_ゴミ箱_Backup!$B$1:$D$1,0)) -> #N/A | I4: =INDEX(_ゴミ箱_Backup!$B$47:$D$98,MATCH("M_TYPE",_ゴミ箱_Backup!$A$47:$A$98,0),MATCH(言語切替!$B$3,_ゴミ箱_Backup!$B$1:$D$1,0)) -> #N/A | K4: =INDEX(_ゴミ箱_Backup!$B$47:$D$98,MATCH("M_KPI_LEVEL",_ゴミ箱_Backup!$A$47:$A$98,0),MATCH(言語切替!$B$3,_ゴミ箱_Backup!$B$1:$D$1,0)) -> #N/A | M4: =INDEX(_ゴミ箱_Backup!$B$47:$D$98,MATCH("M_JUDGMENT",_ゴミ箱_Backup!$A$47:$A$98,0),MATCH(言語切替!$B$3,_ゴミ箱_Backup!$B$1:$D$1,0)) -> #N/A
A5: =INDEX(_ゴミ箱_Backup!$B$47:$D$98,MATCH("M_ALL",_ゴミ箱_Backup!$A$47:$A$98,0),MATCH(言語切替!$B$3,_ゴミ箱_Backup!$B$1:$D$1,0)) -> #N/A | C5: =INDEX(_ゴミ箱_Backup!$B$47:$D$98,MATCH("M_COMMON",_ゴミ箱_Backup!$A$47:$A$98,0),MATCH(言語切替!$B$3,_ゴミ箱_Backup!$B$1:$D$1,0)) -> #N/A | E5: =INDEX(_ゴミ箱_Backup!$B$47:$D$98,MATCH("M_NOT_STARTED",_ゴミ箱_Backup!$A$47:$A$98,0),MATCH(言語切替!$B$3,_ゴミ箱_Backup!$B$1:$D$1,0)) -> #N/A | G5: =INDEX(_ゴミ箱_Backup!$B$47:$D$98,MATCH("M_HIGH",_ゴミ箱_Backup!$A$47:$A$98,0),MATCH(言語切替!$B$3,_ゴミ箱_Backup!$B$1:$D$1,0)) -> #N/A | I5: =INDEX(_ゴミ箱_Backup!$B$47:$D$98,MATCH("M_ISSUE",_ゴミ箱_Backup!$A$47:$A$98,0),MATCH(言語切替!$B$3,_ゴミ箱_Backup!$B$1:$D$1,0)) -> #N/A | K5: =INDEX(_ゴミ箱_Backup!$B$47:$D$98,MATCH("M_FOUNDATION",_ゴミ箱_Backup!$A$47:$A$98,0),MATCH(言語切替!$B$3,_ゴミ箱_Backup!$B$1:$D$1,0)) -> #N/A | M5: =INDEX(_ゴミ箱_Backup!$B$47:$D$98,MATCH("M_UNSET",_ゴミ箱_Backup!$A$47:$A$98,0),MATCH(言語切替!$B$3,_ゴミ箱_Backup!$B$1:$D$1,0)) -> #N/A
A6: =INDEX(_ゴミ箱_Backup!$B$47:$D$98,MATCH("M_WG1",_ゴミ箱_Backup!$A$47:$A$98,0),MATCH(言語切替!$B$3,_ゴミ箱_Backup!$B$1:$D$1,0)) -> #N/A | C6: =INDEX(_ゴミ箱_Backup!$B$47:$D$98,MATCH("M_KDC",_ゴミ箱_Backup!$A$47:$A$98,0),MATCH(言語切替!$B$3,_ゴミ箱_Backup!$B$1:$D$1,0)) -> #N/A | E6: =INDEX(_ゴミ箱_Backup!$B$47:$D$98,MATCH("M_IN_PROGRESS",_ゴミ箱_Backup!$A$47:$A$98,0),MATCH(言語切替!$B$3,_ゴミ箱_Backup!$B$1:$D$1,0)) -> #N/A | G6: =INDEX(_ゴミ箱_Backup!$B$47:$D$98,MATCH("M_MIDDLE",_ゴミ箱_Backup!$A$47:$A$98,0),MATCH(言語切替!$B$3,_ゴミ箱_Backup!$B$1:$D$1,0)) -> #N/A | I6: =INDEX(_ゴミ箱_Backup!$B$47:$D$98,MATCH("M_TODO",_ゴミ箱_Backup!$A$47:$A$98,0),MATCH(言語切替!$B$3,_ゴミ箱_Backup!$B$1:$D$1,0)) -> #N/A | K6: =INDEX(_ゴミ箱_Backup!$B$47:$D$98,MATCH("M_ADOPTION",_ゴミ箱_Backup!$A$47:$A$98,0),MATCH(言語切替!$B$3,_ゴミ箱_Backup!$B$1:$D$1,0)) -> #N/A | M6: =INDEX(_ゴミ箱_Backup!$B$47:$D$98,MATCH("M_ON_TRACK",_ゴミ箱_Backup!$A$47:$A$98,0),MATCH(言語切替!$B$3,_ゴミ箱_Backup!$B$1:$D$1,0)) -> #N/A
A7: =INDEX(_ゴミ箱_Backup!$B$47:$D$98,MATCH("M_WG2",_ゴミ箱_Backup!$A$47:$A$98,0),MATCH(言語切替!$B$3,_ゴミ箱_Backup!$B$1:$D$1,0)) -> #N/A | C7: =INDEX(_ゴミ箱_Backup!$B$47:$D$98,MATCH("M_KDTCN",_ゴミ箱_Backup!$A$47:$A$98,0),MATCH(言語切替!$B$3,_ゴミ箱_Backup!$B$1:$D$1,0)) -> #N/A | E7: =INDEX(_ゴミ箱_Backup!$B$47:$D$98,MATCH("M_WAIT_DECISION",_ゴミ箱_Backup!$A$47:$A$98,0),MATCH(言語切替!$B$3,_ゴミ箱_Backup!$B$1:$D$1,0)) -> #N/A | G7: =INDEX(_ゴミ箱_Backup!$B$47:$D$98,MATCH("M_LOW",_ゴミ箱_Backup!$A$47:$A$98,0),MATCH(言語切替!$B$3,_ゴミ箱_Backup!$B$1:$D$1,0)) -> #N/A | I7: =INDEX(_ゴミ箱_Backup!$B$47:$D$98,MATCH("M_DECISION",_ゴミ箱_Backup!$A$47:$A$98,0),MATCH(言語切替!$B$3,_ゴミ箱_Backup!$B$1:$D$1,0)) -> #N/A | K7: =INDEX(_ゴミ箱_Backup!$B$47:$D$98,MATCH("M_BUSINESS",_ゴミ箱_Backup!$A$47:$A$98,0),MATCH(言語切替!$B$3,_ゴミ箱_Backup!$B$1:$D$1,0)) -> #N/A | M7: =INDEX(_ゴミ箱_Backup!$B$47:$D$98,MATCH("M_CAUTION",_ゴミ箱_Backup!$A$47:$A$98,0),MATCH(言語切替!$B$3,_ゴミ箱_Backup!$B$1:$D$1,0)) -> #N/A
A8: =INDEX(_ゴミ箱_Backup!$B$47:$D$98,MATCH("M_WG3",_ゴミ箱_Backup!$A$47:$A$98,0),MATCH(言語切替!$B$3,_ゴミ箱_Backup!$B$1:$D$1,0)) -> #N/A | C8: =INDEX(_ゴミ箱_Backup!$B$47:$D$98,MATCH("M_KDTVN",_ゴミ箱_Backup!$A$47:$A$98,0),MATCH(言語切替!$B$3,_ゴミ箱_Backup!$B$1:$D$1,0)) -> #N/A | E8: =INDEX(_ゴミ箱_Backup!$B$47:$D$98,MATCH("M_WAIT_WG",_ゴミ箱_Backup!$A$47:$A$98,0),MATCH(言語切替!$B$3,_ゴミ箱_Backup!$B$1:$D$1,0)) -> #N/A | I8: =INDEX(_ゴミ箱_Backup!$B$47:$D$98,MATCH("M_RISK",_ゴミ箱_Backup!$A$47:$A$98,0),MATCH(言語切替!$B$3,_ゴミ箱_Backup!$B$1:$D$1,0)) -> #N/A | K8: =INDEX(_ゴミ箱_Backup!$B$47:$D$98,MATCH("M_INVESTMENT",_ゴミ箱_Backup!$A$47:$A$98,0),MATCH(言語切替!$B$3,_ゴミ箱_Backup!$B$1:$D$1,0)) -> #N/A | M8: =INDEX(_ゴミ箱_Backup!$B$47:$D$98,MATCH("M_DELAY",_ゴミ箱_Backup!$A$47:$A$98,0),MATCH(言語切替!$B$3,_ゴミ箱_Backup!$B$1:$D$1,0)) -> #N/A
A9: =INDEX(_ゴミ箱_Backup!$B$47:$D$98,MATCH("M_WG4",_ゴミ箱_Backup!$A$47:$A$98,0),MATCH(言語切替!$B$3,_ゴミ箱_Backup!$B$1:$D$1,0)) -> #N/A | E9: =INDEX(_ゴミ箱_Backup!$B$47:$D$98,MATCH("M_WAIT_COMPLETE",_ゴミ箱_Backup!$A$47:$A$98,0),MATCH(言語切替!$B$3,_ゴミ箱_Backup!$B$1:$D$1,0)) -> #N/A | M9: =INDEX(_ゴミ箱_Backup!$B$47:$D$98,MATCH("M_ACHIEVED",_ゴミ箱_Backup!$A$47:$A$98,0),MATCH(言語切替!$B$3,_ゴミ箱_Backup!$B$1:$D$1,0)) -> #N/A
A10: =INDEX(_ゴミ箱_Backup!$B$47:$D$98,MATCH("M_WG5",_ゴミ箱_Backup!$A$47:$A$98,0),MATCH(言語切替!$B$3,_ゴミ箱_Backup!$B$1:$D$1,0)) -> #N/A | E10: =INDEX(_ゴミ箱_Backup!$B$47:$D$98,MATCH("M_COMPLETE",_ゴミ箱_Backup!$A$47:$A$98,0),MATCH(言語切替!$B$3,_ゴミ箱_Backup!$B$1:$D$1,0)) -> #N/A | M10: =INDEX(_ゴミ箱_Backup!$B$47:$D$98,MATCH("M_NOT_ACHIEVED",_ゴミ箱_Backup!$A$47:$A$98,0),MATCH(言語切替!$B$3,_ゴミ箱_Backup!$B$1:$D$1,0)) -> #N/A
A11: =INDEX(_ゴミ箱_Backup!$B$47:$D$98,MATCH("M_WG6",_ゴミ箱_Backup!$A$47:$A$98,0),MATCH(言語切替!$B$3,_ゴミ箱_Backup!$B$1:$D$1,0)) -> #N/A | E11: =INDEX(_ゴミ箱_Backup!$B$47:$D$98,MATCH("M_HOLD",_ゴミ箱_Backup!$A$47:$A$98,0),MATCH(言語切替!$B$3,_ゴミ箱_Backup!$B$1:$D$1,0)) -> #N/A
A12: =INDEX(_ゴミ箱_Backup!$B$47:$D$98,MATCH("M_WG7",_ゴミ箱_Backup!$A$47:$A$98,0),MATCH(言語切替!$B$3,_ゴミ箱_Backup!$B$1:$D$1,0)) -> #N/A | E12: =INDEX(_ゴミ箱_Backup!$B$47:$D$98,MATCH("M_WITHDRAWN",_ゴミ箱_Backup!$A$47:$A$98,0),MATCH(言語切替!$B$3,_ゴミ箱_Backup!$B$1:$D$1,0)) -> #N/A
A13: =INDEX(_ゴミ箱_Backup!$B$47:$D$98,MATCH("M_WG8",_ゴミ箱_Backup!$A$47:$A$98,0),MATCH(言語切替!$B$3,_ゴミ箱_Backup!$B$1:$D$1,0)) -> #N/A
A14: =INDEX(_ゴミ箱_Backup!$B$47:$D$98,MATCH("M_WG9",_ゴミ箱_Backup!$A$47:$A$98,0),MATCH(言語切替!$B$3,_ゴミ箱_Backup!$B$1:$D$1,0)) -> #N/A
A18: =INDEX(_ゴミ箱_Backup!$B$47:$D$98,MATCH("M_PRIORITY_GUIDE",_ゴミ箱_Backup!$A$47:$A$98,0),MATCH(言語切替!$B$3,_ゴミ箱_Backup!$B$1:$D$1,0)) -> #N/A
A19: =INDEX(_ゴミ箱_Backup!$B$47:$D$98,MATCH("M_HIGH_DESC",_ゴミ箱_Backup!$A$47:$A$98,0),MATCH(言語切替!$B$3,_ゴミ箱_Backup!$B$1:$D$1,0)) -> #N/A
A20: =INDEX(_ゴミ箱_Backup!$B$47:$D$98,MATCH("M_MIDDLE_DESC",_ゴミ箱_Backup!$A$47:$A$98,0),MATCH(言語切替!$B$3,_ゴミ箱_Backup!$B$1:$D$1,0)) -> #N/A
A21: =INDEX(_ゴミ箱_Backup!$B$47:$D$98,MATCH("M_LOW_DESC",_ゴミ箱_Backup!$A$47:$A$98,0),MATCH(言語切替!$B$3,_ゴミ箱_Backup!$B$1:$D$1,0)) -> #N/A

Sheet 03_WBS
A1: =INDEX(_ゴミ箱_Backup!$B$99:$D$116,MATCH("WBS_TITLE",_ゴミ箱_Backup!$A$99:$A$116,0),MATCH(言語切替!$B$3,_ゴミ箱_Backup!$B$1:$D$1,0)) -> #N/A
A2: =INDEX(_ゴミ箱_Backup!$B$99:$D$116,MATCH("WBS_DESC",_ゴミ箱_Backup!$A$99:$A$116,0),MATCH(言語切替!$B$3,_ゴミ箱_Backup!$B$1:$D$1,0)) -> #N/A
A3: =INDEX([1]_翻訳マスタ!$B$2:$D$300,MATCH("PARA_HOWTO",[1]_翻訳マスタ!$A$2:$A$300,0),MATCH(言語切替!$B$3,[1]_翻訳マスタ!$B$1:$D$1,0)) -> #N/A
A4: =INDEX(_ゴミ箱_Backup!$B$99:$D$116,MATCH("WBS_ID",_ゴミ箱_Backup!$A$99:$A$116,0),MATCH(言語切替!$B$3,_ゴミ箱_Backup!$B$1:$D$1,0)) -> #N/A | B4: =INDEX(_ゴミ箱_Backup!$B$99:$D$116,MATCH("WBS_WG",_ゴミ箱_Backup!$A$99:$A$116,0),MATCH(言語切替!$B$3,_ゴミ箱_Backup!$B$1:$D$1,0)) -> #N/A | C4: =INDEX(_ゴミ箱_Backup!$B$99:$D$116,MATCH("WBS_SITE",_ゴミ箱_Backup!$A$99:$A$116,0),MATCH(言語切替!$B$3,_ゴミ箱_Backup!$B$1:$D$1,0)) -> #N/A | D4: =INDEX(_ゴミ箱_Backup!$B$99:$D$116,MATCH("WBS_CATEGORY",_ゴミ箱_Backup!$A$99:$A$116,0),MATCH(言語切替!$B$3,_ゴミ箱_Backup!$B$1:$D$1,0)) -> #N/A | E4: =INDEX(_ゴミ箱_Backup!$B$99:$D$116,MATCH("WBS_TASK",_ゴミ箱_Backup!$A$99:$A$116,0),MATCH(言語切替!$B$3,_ゴミ箱_Backup!$B$1:$D$1,0)) -> #N/A | F4: =INDEX(_ゴミ箱_Backup!$B$99:$D$116,MATCH("WBS_OWNER",_ゴミ箱_Backup!$A$99:$A$116,0),MATCH(言語切替!$B$3,_ゴミ箱_Backup!$B$1:$D$1,0)) -> #N/A | G4: =INDEX(_ゴミ箱_Backup!$B$99:$D$116,MATCH("WBS_PLAN_START",_ゴミ箱_Backup!$A$99:$A$116,0),MATCH(言語切替!$B$3,_ゴミ箱_Backup!$B$1:$D$1,0)) -> #N/A | H4: =INDEX(_ゴミ箱_Backup!$B$99:$D$116,MATCH("WBS_PLAN_END",_ゴミ箱_Backup!$A$99:$A$116,0),MATCH(言語切替!$B$3,_ゴミ箱_Backup!$B$1:$D$1,0)) -> #N/A | I4: =INDEX(_ゴミ箱_Backup!$B$99:$D$116,MATCH("WBS_ACTUAL_START",_ゴミ箱_Backup!$A$99:$A$116,0),MATCH(言語切替!$B$3,_ゴミ箱_Backup!$B$1:$D$1,0)) -> #N/A | J4: =INDEX(_ゴミ箱_Backup!$B$99:$D$116,MATCH("WBS_ACTUAL_END",_ゴミ箱_Backup!$A$99:$A$116,0),MATCH(言語切替!$B$3,_ゴミ箱_Backup!$B$1:$D$1,0)) -> #N/A | K4: =INDEX(_ゴミ箱_Backup!$B$99:$D$116,MATCH("WBS_PROGRESS",_ゴミ箱_Backup!$A$99:$A$116,0),MATCH(言語切替!$B$3,_ゴミ箱_Backup!$B$1:$D$1,0)) -> #N/A | L4: =INDEX(_ゴミ箱_Backup!$B$99:$D$116,MATCH("WBS_STATUS",_ゴミ箱_Backup!$A$99:$A$116,0),MATCH(言語切替!$B$3,_ゴミ箱_Backup!$B$1:$D$1,0)) -> #N/A | M4: =INDEX(_ゴミ箱_Backup!$B$99:$D$116,MATCH("WBS_DAYS",_ゴミ箱_Backup!$A$99:$A$116,0),MATCH(言語切替!$B$3,_ゴミ箱_Backup!$B$1:$D$1,0)) -> #N/A | N4: =INDEX(_ゴミ箱_Backup!$B$99:$D$116,MATCH("WBS_DELAY",_ゴミ箱_Backup!$A$99:$A$116,0),MATCH(言語切替!$B$3,_ゴミ箱_Backup!$B$1:$D$1,0)) -> #N/A | O4: =INDEX(_ゴミ箱_Backup!$B$99:$D$116,MATCH("WBS_LINK",_ゴミ箱_Backup!$A$99:$A$116,0),MATCH(言語切替!$B$3,_ゴミ箱_Backup!$B$1:$D$1,0)) -> #N/A | P4: =INDEX(_ゴミ箱_Backup!$B$99:$D$116,MATCH("WBS_NOTE",_ゴミ箱_Backup!$A$99:$A$116,0),MATCH(言語切替!$B$3,_ゴミ箱_Backup!$B$1:$D$1,0)) -> #N/A | Q4: =INDEX(_ゴミ箱_Backup!$B$2:$D$300,MATCH("WBS_TASK",_ゴミ箱_Backup!$A$2:$A$300,0),MATCH(言語切替!$B$3,_ゴミ箱_Backup!$B$1:$D$1,0))&INDEX(_ゴミ箱_Backup!$B$2:$D$300,MATCH("NEW_JP_SUFFIX",_ゴミ箱_Backup!$A$2:$A$300,0),MATCH(言語切替!$B$3,_ゴミ箱_Backup!$B$1:$D$1,0)) -> #N/A | R4: =INDEX(_ゴミ箱_Backup!$B$2:$D$300,MATCH("WBS_TASK",_ゴミ箱_Backup!$A$2:$A$300,0),MATCH(言語切替!$B$3,_ゴミ箱_Backup!$B$1:$D$1,0))&INDEX(_ゴミ箱_Backup!$B$2:$D$300,MATCH("NEW_CN_SUFFIX",_ゴミ箱_Backup!$A$2:$A$300,0),MATCH(言語切替!$B$3,_ゴミ箱_Backup!$B$1:$D$1,0)) -> #N/A | S4: =INDEX(_ゴミ箱_Backup!$B$2:$D$300,MATCH("WBS_TASK",_ゴミ箱_Backup!$A$2:$A$300,0),MATCH(言語切替!$B$3,_ゴミ箱_Backup!$B$1:$D$1,0))&INDEX(_ゴミ箱_Backup!$B$2:$D$300,MATCH("NEW_VI_SUFFIX",_ゴミ箱_Backup!$A$2:$A$300,0),MATCH(言語切替!$B$3,_ゴミ箱_Backup!$B$1:$D$1,0)) -> #N/A | T4: =INDEX(_ゴミ箱_Backup!$B$2:$D$300,MATCH("WBS_NOTE",_ゴミ箱_Backup!$A$2:$A$300,0),MATCH(言語切替!$B$3,_ゴミ箱_Backup!$B$1:$D$1,0))&INDEX(_ゴミ箱_Backup!$B$2:$D$300,MATCH("NEW_JP_SUFFIX",_ゴミ箱_Backup!$A$2:$A$300,0),MATCH(言語切替!$B$3,_ゴミ箱_Backup!$B$1:$D$1,0)) -> #N/A | U4: =INDEX(_ゴミ箱_Backup!$B$2:$D$300,MATCH("WBS_NOTE",_ゴミ箱_Backup!$A$2:$A$300,0),MATCH(言語切替!$B$3,_ゴミ箱_Backup!$B$1:$D$1,0))&INDEX(_ゴミ箱_Backup!$B$2:$D$300,MATCH("NEW_CN_SUFFIX",_ゴミ箱_Backup!$A$2:$A$300,0),MATCH(言語切替!$B$3,_ゴミ箱_Backup!$B$1:$D$1,0)) -> #N/A | V4: =INDEX(_ゴミ箱_Backup!$B$2:$D$300,MATCH("WBS_NOTE",_ゴミ箱_Backup!$A$2:$A$300,0),MATCH(言語切替!$B$3,_ゴミ箱_Backup!$B$1:$D$1,0))&INDEX(_ゴミ箱_Backup!$B$2:$D$300,MATCH("NEW_VI_SUFFIX",_ゴミ箱_Backup!$A$2:$A$300,0),MATCH(言語切替!$B$3,_ゴミ箱_Backup!$B$1:$D$1,0)) -> #N/A
A5: WBS-001 | B5: ='02_マスタ'!$A$5 -> #N/A | C5: KDC | D5: =INDEX(_ゴミ箱_Backup!$B$117:$D$247,MATCH("WBS_CAT_STARTUP",_ゴミ箱_Backup!$A$117:$A$247,0),MATCH(言語切替!$B$3,_ゴミ箱_Backup!$B$1:$D$1,0)) -> #N/A | E5: =INDEX(_ゴミ箱_Backup!$B$117:$D$247,MATCH("WBS_TASK_1",_ゴミ箱_Backup!$A$117:$A$247,0),MATCH(言語切替!$B$3,_ゴミ箱_Backup!$B$1:$D$1,0)) -> #N/A | F5: =INDEX(_ゴミ箱_Backup!$B$117:$D$247,MATCH("ROLE_PMO",_ゴミ箱_Backup!$A$117:$A$247,0),MATCH(言語切替!$B$3,_ゴミ箱_Backup!$B$1:$D$1,0)) -> #N/A | G5: 46288 | H5: 46295 | K5: =IF(OR(G5="",H5=""),"",IF(J5<>"",1,IF(I5="",0,MAX(0,MIN(1,(TODAY()-G5)/(H5-G5+1)))))) -> 0 | L5: ='02_マスタ'!$E$6 -> #N/A | M5: =IF(H5="","",H5-TODAY()) -> 1 | N5: =IF(H5="","",IF(J5<>"",INDEX(_ゴミ箱_Backup!$B$75:$D$75,1,MATCH(言語切替!$B$3,_ゴミ箱_Backup!$B$1:$D$1,0)),IF(TODAY()>H5,INDEX(_ゴミ箱_Backup!$B$92:$D$92,1,MATCH(言語切替!$B$3,_ゴミ箱_Backup!$B$1:$D$1,0)),IF(H5-TODAY()<=7,INDEX(_ゴミ箱_Backup!$B$91:$D$91,1,MATCH(言語切替!$B$3,_ゴミ箱_Backup!$B$1:$D$1,0)),INDEX(_ゴミ箱_Backup!$B$90:$D$90,1,MATCH(言語切替!$B$3,_ゴミ箱_Backup!$B$1:$D$1,0)))))) -> #N/A | P5: =INDEX(_ゴミ箱_Backup!$B$117:$D$247,MATCH("COMMON_EXAMPLE",_ゴミ箱_Backup!$A$117:$A$247,0),MATCH(言語切替!$B$3,_ゴミ箱_Backup!$B$1:$D$1,0)) -> #N/A | Q5: =IF(E5="","",IFERROR(_xlfn.TRANSLATE(E5,,"ja"),"")) -> #N/A | R5: =IF(E5="","",IFERROR(_xlfn.TRANSLATE(E5,,"zh-Hans"),"")) -> #N/A | S5: =IF(E5="","",IFERROR(_xlfn.TRANSLATE(E5,,"vi"),"")) -> #N/A | T5: =IF(P5="","",IFERROR(_xlfn.TRANSLATE(P5,,"ja"),"")) -> #N/A | U5: =IF(P5="","",IFERROR(_xlfn.TRANSLATE(P5,,"zh-Hans"),"")) -> #N/A | V5: =IF(P5="","",IFERROR(_xlfn.TRANSLATE(P5,,"vi"),"")) -> #N/A
A6: WBS-002 | B6: WG-1 | C6: KDTVN | D6: =INDEX(_ゴミ箱_Backup!$B$117:$D$247,MATCH("WBS_CAT_ANALYSIS",_ゴミ箱_Backup!$A$117:$A$247,0),MATCH(言語切替!$B$3,_ゴミ箱_Backup!$B$1:$D$1,0)) -> #N/A | E6: =INDEX(_ゴミ箱_Backup!$B$117:$D$247,MATCH("WBS_TASK_2",_ゴミ箱_Backup!$A$117:$A$247,0),MATCH(言語切替!$B$3,_ゴミ箱_Backup!$B$1:$D$1,0)) -> #N/A | F6: WG Leader | G6: 46294 | H6: 46311 | K6: =IF(OR(G6="",H6=""),"",IF(J6<>"",1,IF(I6="",0,MAX(0,MIN(1,(TODAY()-G6)/(H6-G6+1)))))) -> 0 | L6: ='02_マスタ'!$E$5 -> #N/A | M6: =IF(H6="","",H6-TODAY()) -> 17 | N6: =IF(H6="","",IF(J6<>"",INDEX(_ゴミ箱_Backup!$B$75:$D$75,1,MATCH(言語切替!$B$3,_ゴミ箱_Backup!$B$1:$D$1,0)),IF(TODAY()>H6,INDEX(_ゴミ箱_Backup!$B$92:$D$92,1,MATCH(言語切替!$B$3,_ゴミ箱_Backup!$B$1:$D$1,0)),IF(H6-TODAY()<=7,INDEX(_ゴミ箱_Backup!$B$91:$D$91,1,MATCH(言語切替!$B$3,_ゴミ箱_Backup!$B$1:$D$1,0)),INDEX(_ゴミ箱_Backup!$B$90:$D$90,1,MATCH(言語切替!$B$3,_ゴミ箱_Backup!$B$1:$D$1,0)))))) -> #N/A | P6: =INDEX(_ゴミ箱_Backup!$B$117:$D$247,MATCH("COMMON_EXAMPLE",_ゴミ箱_Backup!$A$117:$A$247,0),MATCH(言語切替!$B$3,_ゴミ箱_Backup!$B$1:$D$1,0)) -> #N/A | Q6: =IF(E6="","",IFERROR(_xlfn.TRANSLATE(E6,,"ja"),"")) -> #N/A | R6: =IF(E6="","",IFERROR(_xlfn.TRANSLATE(E6,,"zh-Hans"),"")) -> #N/A | S6: =IF(E6="","",IFERROR(_xlfn.TRANSLATE(E6,,"vi"),"")) -> #N/A | T6: =IF(P6="","",IFERROR(_xlfn.TRANSLATE(P6,,"ja"),"")) -> #N/A | U6: =IF(P6="","",IFERROR(_xlfn.TRANSLATE(P6,,"zh-Hans"),"")) -> #N/A | V6: =IF(P6="","",IFERROR(_xlfn.TRANSLATE(P6,,"vi"),"")) -> #N/A
A7: WBS-003 | B7: WG-8 | C7: ='02_マスタ'!$C$5 -> #N/A | D7: =INDEX(_ゴミ箱_Backup!$B$117:$D$247,MATCH("WBS_CAT_POLICY",_ゴミ箱_Backup!$A$117:$A$247,0),MATCH(言語切替!$B$3,_ゴミ箱_Backup!$B$1:$D$1,0)) -> #N/A | E7: =INDEX(_ゴミ箱_Backup!$B$117:$D$247,MATCH("WBS_TASK_3",_ゴミ箱_Backup!$A$117:$A$247,0),MATCH(言語切替!$B$3,_ゴミ箱_Backup!$B$1:$D$1,0)) -> #N/A | F7: WG Leader | G7: 46296 | H7: 46325 | K7: =IF(OR(G7="",H7=""),"",IF(J7<>"",1,IF(I7="",0,MAX(0,MIN(1,(TODAY()-G7)/(H7-G7+1)))))) -> 0 | L7: ='02_マスタ'!$E$5 -> #N/A | M7: =IF(H7="","",H7-TODAY()) -> 31 | N7: =IF(H7="","",IF(J7<>"",INDEX(_ゴミ箱_Backup!$B$75:$D$75,1,MATCH(言語切替!$B$3,_ゴミ箱_Backup!$B$1:$D$1,0)),IF(TODAY()>H7,INDEX(_ゴミ箱_Backup!$B$92:$D$92,1,MATCH(言語切替!$B$3,_ゴミ箱_Backup!$B$1:$D$1,0)),IF(H7-TODAY()<=7,INDEX(_ゴミ箱_Backup!$B$91:$D$91,1,MATCH(言語切替!$B$3,_ゴミ箱_Backup!$B$1:$D$1,0)),INDEX(_ゴミ箱_Backup!$B$90:$D$90,1,MATCH(言語切替!$B$3,_ゴミ箱_Backup!$B$1:$D$1,0)))))) -> #N/A | P7: =INDEX(_ゴミ箱_Backup!$B$117:$D$247,MATCH("COMMON_EXAMPLE",_ゴミ箱_Backup!$A$117:$A$247,0),MATCH(言語切替!$B$3,_ゴミ箱_Backup!$B$1:$D$1,0)) -> #N/A | Q7: =IF(E7="","",IFERROR(_xlfn.TRANSLATE(E7,,"ja"),"")) -> #N/A | R7: =IF(E7="","",IFERROR(_xlfn.TRANSLATE(E7,,"zh-Hans"),"")) -> #N/A | S7: =IF(E7="","",IFERROR(_xlfn.TRANSLATE(E7,,"vi"),"")) -> #N/A | T7: =IF(P7="","",IFERROR(_xlfn.TRANSLATE(P7,,"ja"),"")) -> #N/A | U7: =IF(P7="","",IFERROR(_xlfn.TRANSLATE(P7,,"zh-Hans"),"")) -> #N/A | V7: =IF(P7="","",IFERROR(_xlfn.TRANSLATE(P7,,"vi"),"")) -> #N/A
K8: =IF(OR(G8="",H8=""),"",IF(J8<>"",1,IF(I8="",0,MAX(0,MIN(1,(TODAY()-G8)/(H8-G8+1)))))) | M8: =IF(H8="","",H8-TODAY()) | N8: =IF(H8="","",IF(J8<>"",INDEX(_ゴミ箱_Backup!$B$75:$D$75,1,MATCH(言語切替!$B$3,_ゴミ箱_Backup!$B$1:$D$1,0)),IF(TODAY()>H8,INDEX(_ゴミ箱_Backup!$B$92:$D$92,1,MATCH(言語切替!$B$3,_ゴミ箱_Backup!$B$1:$D$1,0)),IF(H8-TODAY()<=7,INDEX(_ゴミ箱_Backup!$B$91:$D$91,1,MATCH(言語切替!$B$3,_ゴミ箱_Backup!$B$1:$D$1,0)),INDEX(_ゴミ箱_Backup!$B$90:$D$90,1,MATCH(言語切替!$B$3,_ゴミ箱_Backup!$B$1:$D$1,0)))))) | Q8: =IF(E8="","",IFERROR(_xlfn.TRANSLATE(E8,,"ja"),"")) | R8: =IF(E8="","",IFERROR(_xlfn.TRANSLATE(E8,,"zh-Hans"),"")) | S8: =IF(E8="","",IFERROR(_xlfn.TRANSLATE(E8,,"vi"),"")) | T8: =IF(P8="","",IFERROR(_xlfn.TRANSLATE(P8,,"ja"),"")) | U8: =IF(P8="","",IFERROR(_xlfn.TRANSLATE(P8,,"zh-Hans"),"")) | V8: =IF(P8="","",IFERROR(_xlfn.TRANSLATE(P8,,"vi"),""))
K9: =IF(OR(G9="",H9=""),"",IF(J9<>"",1,IF(I9="",0,MAX(0,MIN(1,(TODAY()-G9)/(H9-G9+1)))))) | M9: =IF(H9="","",H9-TODAY()) | N9: =IF(H9="","",IF(J9<>"",INDEX(_ゴミ箱_Backup!$B$75:$D$75,1,MATCH(言語切替!$B$3,_ゴミ箱_Backup!$B$1:$D$1,0)),IF(TODAY()>H9,INDEX(_ゴミ箱_Backup!$B$92:$D$92,1,MATCH(言語切替!$B$3,_ゴミ箱_Backup!$B$1:$D$1,0)),IF(H9-TODAY()<=7,INDEX(_ゴミ箱_Backup!$B$91:$D$91,1,MATCH(言語切替!$B$3,_ゴミ箱_Backup!$B$1:$D$1,0)),INDEX(_ゴミ箱_Backup!$B$90:$D$90,1,MATCH(言語切替!$B$3,_ゴミ箱_Backup!$B$1:$D$1,0)))))) | Q9: =IF(E9="","",IFERROR(_xlfn.TRANSLATE(E9,,"ja"),"")) | R9: =IF(E9="","",IFERROR(_xlfn.TRANSLATE(E9,,"zh-Hans"),"")) | S9: =IF(E9="","",IFERROR(_xlfn.TRANSLATE(E9,,"vi"),"")) | T9: =IF(P9="","",IFERROR(_xlfn.TRANSLATE(P9,,"ja"),"")) | U9: =IF(P9="","",IFERROR(_xlfn.TRANSLATE(P9,,"zh-Hans"),"")) | V9: =IF(P9="","",IFERROR(_xlfn.TRANSLATE(P9,,"vi"),""))
K10: =IF(OR(G10="",H10=""),"",IF(J10<>"",1,IF(I10="",0,MAX(0,MIN(1,(TODAY()-G10)/(H10-G10+1)))))) | M10: =IF(H10="","",H10-TODAY()) | N10: =IF(H10="","",IF(J10<>"",INDEX(_ゴミ箱_Backup!$B$75:$D$75,1,MATCH(言語切替!$B$3,_ゴミ箱_Backup!$B$1:$D$1,0)),IF(TODAY()>H10,INDEX(_ゴミ箱_Backup!$B$92:$D$92,1,MATCH(言語切替!$B$3,_ゴミ箱_Backup!$B$1:$D$1,0)),IF(H10-TODAY()<=7,INDEX(_ゴミ箱_Backup!$B$91:$D$91,1,MATCH(言語切替!$B$3,_ゴミ箱_Backup!$B$1:$D$1,0)),INDEX(_ゴミ箱_Backup!$B$90:$D$90,1,MATCH(言語切替!$B$3,_ゴミ箱_Backup!$B$1:$D$1,0)))))) | Q10: =IF(E10="","",IFERROR(_xlfn.TRANSLATE(E10,,"ja"),"")) | R10: =IF(E10="","",IFERROR(_xlfn.TRANSLATE(E10,,"zh-Hans"),"")) | S10: =IF(E10="","",IFERROR(_xlfn.TRANSLATE(E10,,"vi"),"")) | T10: =IF(P10="","",IFERROR(_xlfn.TRANSLATE(P10,,"ja"),"")) | U10: =IF(P10="","",IFERROR(_xlfn.TRANSLATE(P10,,"zh-Hans"),"")) | V10: =IF(P10="","",IFERROR(_xlfn.TRANSLATE(P10,,"vi"),""))
K11: =IF(OR(G11="",H11=""),"",IF(J11<>"",1,IF(I11="",0,MAX(0,MIN(1,(TODAY()-G11)/(H11-G11+1)))))) | M11: =IF(H11="","",H11-TODAY()) | N11: =IF(H11="","",IF(J11<>"",INDEX(_ゴミ箱_Backup!$B$75:$D$75,1,MATCH(言語切替!$B$3,_ゴミ箱_Backup!$B$1:$D$1,0)),IF(TODAY()>H11,INDEX(_ゴミ箱_Backup!$B$92:$D$92,1,MATCH(言語切替!$B$3,_ゴミ箱_Backup!$B$1:$D$1,0)),IF(H11-TODAY()<=7,INDEX(_ゴミ箱_Backup!$B$91:$D$91,1,MATCH(言語切替!$B$3,_ゴミ箱_Backup!$B$1:$D$1,0)),INDEX(_ゴミ箱_Backup!$B$90:$D$90,1,MATCH(言語切替!$B$3,_ゴミ箱_Backup!$B$1:$D$1,0)))))) | Q11: =IF(E11="","",IFERROR(_xlfn.TRANSLATE(E11,,"ja"),"")) | R11: =IF(E11="","",IFERROR(_xlfn.TRANSLATE(E11,,"zh-Hans"),"")) | S11: =IF(E11="","",IFERROR(_xlfn.TRANSLATE(E11,,"vi"),"")) | T11: =IF(P11="","",IFERROR(_xlfn.TRANSLATE(P11,,"ja"),"")) | U11: =IF(P11="","",IFERROR(_xlfn.TRANSLATE(P11,,"zh-Hans"),"")) | V11: =IF(P11="","",IFERROR(_xlfn.TRANSLATE(P11,,"vi"),""))
K12: =IF(OR(G12="",H12=""),"",IF(J12<>"",1,IF(I12="",0,MAX(0,MIN(1,(TODAY()-G12)/(H12-G12+1)))))) | M12: =IF(H12="","",H12-TODAY()) | N12: =IF(H12="","",IF(J12<>"",INDEX(_ゴミ箱_Backup!$B$75:$D$75,1,MATCH(言語切替!$B$3,_ゴミ箱_Backup!$B$1:$D$1,0)),IF(TODAY()>H12,INDEX(_ゴミ箱_Backup!$B$92:$D$92,1,MATCH(言語切替!$B$3,_ゴミ箱_Backup!$B$1:$D$1,0)),IF(H12-TODAY()<=7,INDEX(_ゴミ箱_Backup!$B$91:$D$91,1,MATCH(言語切替!$B$3,_ゴミ箱_Backup!$B$1:$D$1,0)),INDEX(_ゴミ箱_Backup!$B$90:$D$90,1,MATCH(言語切替!$B$3,_ゴミ箱_Backup!$B$1:$D$1,0)))))) | Q12: =IF(E12="","",IFERROR(_xlfn.TRANSLATE(E12,,"ja"),"")) | R12: =IF(E12="","",IFERROR(_xlfn.TRANSLATE(E12,,"zh-Hans"),"")) | S12: =IF(E12="","",IFERROR(_xlfn.TRANSLATE(E12,,"vi"),"")) | T12: =IF(P12="","",IFERROR(_xlfn.TRANSLATE(P12,,"ja"),"")) | U12: =IF(P12="","",IFERROR(_xlfn.TRANSLATE(P12,,"zh-Hans"),"")) | V12: =IF(P12="","",IFERROR(_xlfn.TRANSLATE(P12,,"vi"),""))
K13: =IF(OR(G13="",H13=""),"",IF(J13<>"",1,IF(I13="",0,MAX(0,MIN(1,(TODAY()-G13)/(H13-G13+1)))))) | M13: =IF(H13="","",H13-TODAY()) | N13: =IF(H13="","",IF(J13<>"",INDEX(_ゴミ箱_Backup!$B$75:$D$75,1,MATCH(言語切替!$B$3,_ゴミ箱_Backup!$B$1:$D$1,0)),IF(TODAY()>H13,INDEX(_ゴミ箱_Backup!$B$92:$D$92,1,MATCH(言語切替!$B$3,_ゴミ箱_Backup!$B$1:$D$1,0)),IF(H13-TODAY()<=7,INDEX(_ゴミ箱_Backup!$B$91:$D$91,1,MATCH(言語切替!$B$3,_ゴミ箱_Backup!$B$1:$D$1,0)),INDEX(_ゴミ箱_Backup!$B$90:$D$90,1,MATCH(言語切替!$B$3,_ゴミ箱_Backup!$B$1:$D$1,0)))))) | Q13: =IF(E13="","",IFERROR(_xlfn.TRANSLATE(E13,,"ja"),"")) | R13: =IF(E13="","",IFERROR(_xlfn.TRANSLATE(E13,,"zh-Hans"),"")) | S13: =IF(E13="","",IFERROR(_xlfn.TRANSLATE(E13,,"vi"),"")) | T13: =IF(P13="","",IFERROR(_xlfn.TRANSLATE(P13,,"ja"),"")) | U13: =IF(P13="","",IFERROR(_xlfn.TRANSLATE(P13,,"zh-Hans"),"")) | V13: =IF(P13="","",IFERROR(_xlfn.TRANSLATE(P13,,"vi"),""))
K14: =IF(OR(G14="",H14=""),"",IF(J14<>"",1,IF(I14="",0,MAX(0,MIN(1,(TODAY()-G14)/(H14-G14+1)))))) | M14: =IF(H14="","",H14-TODAY()) | N14: =IF(H14="","",IF(J14<>"",INDEX(_ゴミ箱_Backup!$B$75:$D$75,1,MATCH(言語切替!$B$3,_ゴミ箱_Backup!$B$1:$D$1,0)),IF(TODAY()>H14,INDEX(_ゴミ箱_Backup!$B$92:$D$92,1,MATCH(言語切替!$B$3,_ゴミ箱_Backup!$B$1:$D$1,0)),IF(H14-TODAY()<=7,INDEX(_ゴミ箱_Backup!$B$91:$D$91,1,MATCH(言語切替!$B$3,_ゴミ箱_Backup!$B$1:$D$1,0)),INDEX(_ゴミ箱_Backup!$B$90:$D$90,1,MATCH(言語切替!$B$3,_ゴミ箱_Backup!$B$1:$D$1,0)))))) | Q14: =IF(E14="","",IFERROR(_xlfn.TRANSLATE(E14,,"ja"),"")) | R14: =IF(E14="","",IFERROR(_xlfn.TRANSLATE(E14,,"zh-Hans"),"")) | S14: =IF(E14="","",IFERROR(_xlfn.TRANSLATE(E14,,"vi"),"")) | T14: =IF(P14="","",IFERROR(_xlfn.TRANSLATE(P14,,"ja"),"")) | U14: =IF(P14="","",IFERROR(_xlfn.TRANSLATE(P14,,"zh-Hans"),"")) | V14: =IF(P14="","",IFERROR(_xlfn.TRANSLATE(P14,,"vi"),""))
K15: =IF(OR(G15="",H15=""),"",IF(J15<>"",1,IF(I15="",0,MAX(0,MIN(1,(TODAY()-G15)/(H15-G15+1)))))) | M15: =IF(H15="","",H15-TODAY()) | N15: =IF(H15="","",IF(J15<>"",INDEX(_ゴミ箱_Backup!$B$75:$D$75,1,MATCH(言語切替!$B$3,_ゴミ箱_Backup!$B$1:$D$1,0)),IF(TODAY()>H15,INDEX(_ゴミ箱_Backup!$B$92:$D$92,1,MATCH(言語切替!$B$3,_ゴミ箱_Backup!$B$1:$D$1,0)),IF(H15-TODAY()<=7,INDEX(_ゴミ箱_Backup!$B$91:$D$91,1,MATCH(言語切替!$B$3,_ゴミ箱_Backup!$B$1:$D$1,0)),INDEX(_ゴミ箱_Backup!$B$90:$D$90,1,MATCH(言語切替!$B$3,_ゴミ箱_Backup!$B$1:$D$1,0)))))) | Q15: =IF(E15="","",IFERROR(_xlfn.TRANSLATE(E15,,"ja"),"")) | R15: =IF(E15="","",IFERROR(_xlfn.TRANSLATE(E15,,"zh-Hans"),"")) | S15: =IF(E15="","",IFERROR(_xlfn.TRANSLATE(E15,,"vi"),"")) | T15: =IF(P15="","",IFERROR(_xlfn.TRANSLATE(P15,,"ja"),"")) | U15: =IF(P15="","",IFERROR(_xlfn.TRANSLATE(P15,,"zh-Hans"),"")) | V15: =IF(P15="","",IFERROR(_xlfn.TRANSLATE(P15,,"vi"),""))
K16: =IF(OR(G16="",H16=""),"",IF(J16<>"",1,IF(I16="",0,MAX(0,MIN(1,(TODAY()-G16)/(H16-G16+1)))))) | M16: =IF(H16="","",H16-TODAY()) | N16: =IF(H16="","",IF(J16<>"",INDEX(_ゴミ箱_Backup!$B$75:$D$75,1,MATCH(言語切替!$B$3,_ゴミ箱_Backup!$B$1:$D$1,0)),IF(TODAY()>H16,INDEX(_ゴミ箱_Backup!$B$92:$D$92,1,MATCH(言語切替!$B$3,_ゴミ箱_Backup!$B$1:$D$1,0)),IF(H16-TODAY()<=7,INDEX(_ゴミ箱_Backup!$B$91:$D$91,1,MATCH(言語切替!$B$3,_ゴミ箱_Backup!$B$1:$D$1,0)),INDEX(_ゴミ箱_Backup!$B$90:$D$90,1,MATCH(言語切替!$B$3,_ゴミ箱_Backup!$B$1:$D$1,0)))))) | Q16: =IF(E16="","",IFERROR(_xlfn.TRANSLATE(E16,,"ja"),"")) | R16: =IF(E16="","",IFERROR(_xlfn.TRANSLATE(E16,,"zh-Hans"),"")) | S16: =IF(E16="","",IFERROR(_xlfn.TRANSLATE(E16,,"vi"),"")) | T16: =IF(P16="","",IFERROR(_xlfn.TRANSLATE(P16,,"ja"),"")) | U16: =IF(P16="","",IFERROR(_xlfn.TRANSLATE(P16,,"zh-Hans"),"")) | V16: =IF(P16="","",IFERROR(_xlfn.TRANSLATE(P16,,"vi"),""))
K17: =IF(OR(G17="",H17=""),"",IF(J17<>"",1,IF(I17="",0,MAX(0,MIN(1,(TODAY()-G17)/(H17-G17+1)))))) | M17: =IF(H17="","",H17-TODAY()) | N17: =IF(H17="","",IF(J17<>"",INDEX(_ゴミ箱_Backup!$B$75:$D$75,1,MATCH(言語切替!$B$3,_ゴミ箱_Backup!$B$1:$D$1,0)),IF(TODAY()>H17,INDEX(_ゴミ箱_Backup!$B$92:$D$92,1,MATCH(言語切替!$B$3,_ゴミ箱_Backup!$B$1:$D$1,0)),IF(H17-TODAY()<=7,INDEX(_ゴミ箱_Backup!$B$91:$D$91,1,MATCH(言語切替!$B$3,_ゴミ箱_Backup!$B$1:$D$1,0)),INDEX(_ゴミ箱_Backup!$B$90:$D$90,1,MATCH(言語切替!$B$3,_ゴミ箱_Backup!$B$1:$D$1,0)))))) | Q17: =IF(E17="","",IFERROR(_xlfn.TRANSLATE(E17,,"ja"),"")) | R17: =IF(E17="","",IFERROR(_xlfn.TRANSLATE(E17,,"zh-Hans"),"")) | S17: =IF(E17="","",IFERROR(_xlfn.TRANSLATE(E17,,"vi"),"")) | T17: =IF(P17="","",IFERROR(_xlfn.TRANSLATE(P17,,"ja"),"")) | U17: =IF(P17="","",IFERROR(_xlfn.TRANSLATE(P17,,"zh-Hans"),"")) | V17: =IF(P17="","",IFERROR(_xlfn.TRANSLATE(P17,,"vi"),""))
K18: =IF(OR(G18="",H18=""),"",IF(J18<>"",1,IF(I18="",0,MAX(0,MIN(1,(TODAY()-G18)/(H18-G18+1)))))) | M18: =IF(H18="","",H18-TODAY()) | N18: =IF(H18="","",IF(J18<>"",INDEX(_ゴミ箱_Backup!$B$75:$D$75,1,MATCH(言語切替!$B$3,_ゴミ箱_Backup!$B$1:$D$1,0)),IF(TODAY()>H18,INDEX(_ゴミ箱_Backup!$B$92:$D$92,1,MATCH(言語切替!$B$3,_ゴミ箱_Backup!$B$1:$D$1,0)),IF(H18-TODAY()<=7,INDEX(_ゴミ箱_Backup!$B$91:$D$91,1,MATCH(言語切替!$B$3,_ゴミ箱_Backup!$B$1:$D$1,0)),INDEX(_ゴミ箱_Backup!$B$90:$D$90,1,MATCH(言語切替!$B$3,_ゴミ箱_Backup!$B$1:$D$1,0)))))) | Q18: =IF(E18="","",IFERROR(_xlfn.TRANSLATE(E18,,"ja"),"")) | R18: =IF(E18="","",IFERROR(_xlfn.TRANSLATE(E18,,"zh-Hans"),"")) | S18: =IF(E18="","",IFERROR(_xlfn.TRANSLATE(E18,,"vi"),"")) | T18: =IF(P18="","",IFERROR(_xlfn.TRANSLATE(P18,,"ja"),"")) | U18: =IF(P18="","",IFERROR(_xlfn.TRANSLATE(P18,,"zh-Hans"),"")) | V18: =IF(P18="","",IFERROR(_xlfn.TRANSLATE(P18,,"vi"),""))
K19: =IF(OR(G19="",H19=""),"",IF(J19<>"",1,IF(I19="",0,MAX(0,MIN(1,(TODAY()-G19)/(H19-G19+1)))))) | M19: =IF(H19="","",H19-TODAY()) | N19: =IF(H19="","",IF(J19<>"",INDEX(_ゴミ箱_Backup!$B$75:$D$75,1,MATCH(言語切替!$B$3,_ゴミ箱_Backup!$B$1:$D$1,0)),IF(TODAY()>H19,INDEX(_ゴミ箱_Backup!$B$92:$D$92,1,MATCH(言語切替!$B$3,_ゴミ箱_Backup!$B$1:$D$1,0)),IF(H19-TODAY()<=7,INDEX(_ゴミ箱_Backup!$B$91:$D$91,1,MATCH(言語切替!$B$3,_ゴミ箱_Backup!$B$1:$D$1,0)),INDEX(_ゴミ箱_Backup!$B$90:$D$90,1,MATCH(言語切替!$B$3,_ゴミ箱_Backup!$B$1:$D$1,0)))))) | Q19: =IF(E19="","",IFERROR(_xlfn.TRANSLATE(E19,,"ja"),"")) | R19: =IF(E19="","",IFERROR(_xlfn.TRANSLATE(E19,,"zh-Hans"),"")) | S19: =IF(E19="","",IFERROR(_xlfn.TRANSLATE(E19,,"vi"),"")) | T19: =IF(P19="","",IFERROR(_xlfn.TRANSLATE(P19,,"ja"),"")) | U19: =IF(P19="","",IFERROR(_xlfn.TRANSLATE(P19,,"zh-Hans"),"")) | V19: =IF(P19="","",IFERROR(_xlfn.TRANSLATE(P19,,"vi"),""))
... K204: =IF(OR(G204="",H204=""),"",IF(J204<>"",1,IF(I204="",0,MAX(0,MIN(1,(TODAY()-G204)/(H204-G204+1)))))) | M204: =IF(H204="","",H204-TODAY()) | N204: =IF(H204="","",IF(J204<>"",INDEX(_ゴミ箱_Backup!$B$75:$D$75,1,MATCH(言語切替!$B$3,_ゴミ箱_Backup!$B$1:$D$1,0)),IF(TODAY()>H204,INDEX(_ゴミ箱_Backup!$B$92:$D$92,1,MATCH(言語切替!$B$3,_ゴミ箱_Backup!$B$1:$D$1,0)),IF(H204-TODAY()<=7,INDEX(_ゴミ箱_Backup!$B$91:$D$91,1,MATCH(言語切替!$B$3,_ゴミ箱_Backup!$B$1:$D$1,0)),INDEX(_ゴミ箱_Backup!$B$90:$D$90,1,MATCH(言語切替!$B$3,_ゴミ箱_Backup!$B$1:$D$1,0)))))) | Q204: =IF(E204="","",IFERROR(_xlfn.TRANSLATE(E204,,"ja"),"")) | R204: =IF(E204="","",IFERROR(_xlfn.TRANSLATE(E204,,"zh-Hans"),"")) | S204: =IF(E204="","",IFERROR(_xlfn.TRANSLATE(E204,,"vi"),"")) | T204: =IF(P204="","",IFERROR(_xlfn.TRANSLATE(P204,,"ja"),"")) | U204: =IF(P204="","",IFERROR(_xlfn.TRANSLATE(P204,,"zh-Hans"),"")) | V204: =IF(P204="","",IFERROR(_xlfn.TRANSLATE(P204,,"vi"),""))

Sheet 04_課題ToDo
A1: =INDEX(_ゴミ箱_Backup!$B$117:$D$247,MATCH("ISSUE_TITLE",_ゴミ箱_Backup!$A$117:$A$247,0),MATCH(言語切替!$B$3,_ゴミ箱_Backup!$B$1:$D$1,0)) -> #N/A
A2: =INDEX(_ゴミ箱_Backup!$B$117:$D$247,MATCH("ISSUE_DESC",_ゴミ箱_Backup!$A$117:$A$247,0),MATCH(言語切替!$B$3,_ゴミ箱_Backup!$B$1:$D$1,0)) -> #N/A
A3: =INDEX([1]_翻訳マスタ!$B$2:$D$300,MATCH("PARA_HOWTO",[1]_翻訳マスタ!$A$2:$A$300,0),MATCH(言語切替!$B$3,[1]_翻訳マスタ!$B$1:$D$1,0)) -> #N/A
A4: =INDEX(_ゴミ箱_Backup!$B$117:$D$247,MATCH("ISSUE_COL_ID",_ゴミ箱_Backup!$A$117:$A$247,0),MATCH(言語切替!$B$3,_ゴミ箱_Backup!$B$1:$D$1,0)) -> #N/A | B4: =INDEX(_ゴミ箱_Backup!$B$117:$D$247,MATCH("ISSUE_COL_TYPE",_ゴミ箱_Backup!$A$117:$A$247,0),MATCH(言語切替!$B$3,_ゴミ箱_Backup!$B$1:$D$1,0)) -> #N/A | C4: =INDEX(_ゴミ箱_Backup!$B$117:$D$247,MATCH("ISSUE_COL_WG",_ゴミ箱_Backup!$A$117:$A$247,0),MATCH(言語切替!$B$3,_ゴミ箱_Backup!$B$1:$D$1,0)) -> #N/A | D4: =INDEX(_ゴミ箱_Backup!$B$117:$D$247,MATCH("ISSUE_COL_SITE",_ゴミ箱_Backup!$A$117:$A$247,0),MATCH(言語切替!$B$3,_ゴミ箱_Backup!$B$1:$D$1,0)) -> #N/A | E4: =INDEX(_ゴミ箱_Backup!$B$117:$D$247,MATCH("ISSUE_COL_TITLE",_ゴミ箱_Backup!$A$117:$A$247,0),MATCH(言語切替!$B$3,_ゴミ箱_Backup!$B$1:$D$1,0)) -> #N/A | F4: =INDEX(_ゴミ箱_Backup!$B$117:$D$247,MATCH("ISSUE_COL_BG",_ゴミ箱_Backup!$A$117:$A$247,0),MATCH(言語切替!$B$3,_ゴミ箱_Backup!$B$1:$D$1,0)) -> #N/A | G4: =INDEX(_ゴミ箱_Backup!$B$117:$D$247,MATCH("ISSUE_COL_ACTION",_ゴミ箱_Backup!$A$117:$A$247,0),MATCH(言語切替!$B$3,_ゴミ箱_Backup!$B$1:$D$1,0)) -> #N/A | H4: =INDEX(_ゴミ箱_Backup!$B$117:$D$247,MATCH("ISSUE_COL_OWNER",_ゴミ箱_Backup!$A$117:$A$247,0),MATCH(言語切替!$B$3,_ゴミ箱_Backup!$B$1:$D$1,0)) -> #N/A | I4: =INDEX(_ゴミ箱_Backup!$B$117:$D$247,MATCH("ISSUE_COL_COOP",_ゴミ箱_Backup!$A$117:$A$247,0),MATCH(言語切替!$B$3,_ゴミ箱_Backup!$B$1:$D$1,0)) -> #N/A | J4: =INDEX(_ゴミ箱_Backup!$B$117:$D$247,MATCH("ISSUE_COL_START",_ゴミ箱_Backup!$A$117:$A$247,0),MATCH(言語切替!$B$3,_ゴミ箱_Backup!$B$1:$D$1,0)) -> #N/A | K4: =INDEX(_ゴミ箱_Backup!$B$117:$D$247,MATCH("ISSUE_COL_DUE",_ゴミ箱_Backup!$A$117:$A$247,0),MATCH(言語切替!$B$3,_ゴミ箱_Backup!$B$1:$D$1,0)) -> #N/A | L4: =INDEX(_ゴミ箱_Backup!$B$117:$D$247,MATCH("ISSUE_COL_PRIORITY",_ゴミ箱_Backup!$A$117:$A$247,0),MATCH(言語切替!$B$3,_ゴミ箱_Backup!$B$1:$D$1,0)) -> #N/A | M4: =INDEX(_ゴミ箱_Backup!$B$117:$D$247,MATCH("ISSUE_COL_STATUS",_ゴミ箱_Backup!$A$117:$A$247,0),MATCH(言語切替!$B$3,_ゴミ箱_Backup!$B$1:$D$1,0)) -> #N/A | N4: =INDEX(_ゴミ箱_Backup!$B$117:$D$247,MATCH("ISSUE_COL_DEP",_ゴミ箱_Backup!$A$117:$A$247,0),MATCH(言語切替!$B$3,_ゴミ箱_Backup!$B$1:$D$1,0)) -> #N/A | O4: =INDEX(_ゴミ箱_Backup!$B$117:$D$247,MATCH("ISSUE_COL_COND",_ゴミ箱_Backup!$A$117:$A$247,0),MATCH(言語切替!$B$3,_ゴミ箱_Backup!$B$1:$D$1,0)) -> #N/A | P4: =INDEX(_ゴミ箱_Backup!$B$117:$D$247,MATCH("ISSUE_COL_RESULT",_ゴミ箱_Backup!$A$117:$A$247,0),MATCH(言語切替!$B$3,_ゴミ箱_Backup!$B$1:$D$1,0)) -> #N/A | Q4: =INDEX(_ゴミ箱_Backup!$B$117:$D$247,MATCH("ISSUE_COL_LINK",_ゴミ箱_Backup!$A$117:$A$247,0),MATCH(言語切替!$B$3,_ゴミ箱_Backup!$B$1:$D$1,0)) -> #N/A | R4: =INDEX(_ゴミ箱_Backup!$B$117:$D$247,MATCH("ISSUE_COL_DAYS",_ゴミ箱_Backup!$A$117:$A$247,0),MATCH(言語切替!$B$3,_ゴミ箱_Backup!$B$1:$D$1,0)) -> #N/A | S4: =INDEX(_ゴミ箱_Backup!$B$117:$D$247,MATCH("ISSUE_COL_ALERT",_ゴミ箱_Backup!$A$117:$A$247,0),MATCH(言語切替!$B$3,_ゴミ箱_Backup!$B$1:$D$1,0)) -> #N/A | T4: =INDEX(_ゴミ箱_Backup!$B$117:$D$247,MATCH("ISSUE_COL_UPDATED",_ゴミ箱_Backup!$A$117:$A$247,0),MATCH(言語切替!$B$3,_ゴミ箱_Backup!$B$1:$D$1,0)) -> #N/A | U4: =INDEX(_ゴミ箱_Backup!$B$2:$D$300,MATCH("ISSUE_COL_TITLE",_ゴミ箱_Backup!$A$2:$A$300,0),MATCH(言語切替!$B$3,_ゴミ箱_Backup!$B$1:$D$1,0))&INDEX(_ゴミ箱_Backup!$B$2:$D$300,MATCH("NEW_JP_SUFFIX",_ゴミ箱_Backup!$A$2:$A$300,0),MATCH(言語切替!$B$3,_ゴミ箱_Backup!$B$1:$D$1,0)) -> #N/A | V4: =INDEX(_ゴミ箱_Backup!$B$2:$D$300,MATCH("ISSUE_COL_TITLE",_ゴミ箱_Backup!$A$2:$A$300,0),MATCH(言語切替!$B$3,_ゴミ箱_Backup!$B$1:$D$1,0))&INDEX(_ゴミ箱_Backup!$B$2:$D$300,MATCH("NEW_CN_SUFFIX",_ゴミ箱_Backup!$A$2:$A$300,0),MATCH(言語切替!$B$3,_ゴミ箱_Backup!$B$1:$D$1,0)) -> #N/A | W4: =INDEX(_ゴミ箱_Backup!$B$2:$D$300,MATCH("ISSUE_COL_TITLE",_ゴミ箱_Backup!$A$2:$A$300,0),MATCH(言語切替!$B$3,_ゴミ箱_Backup!$B$1:$D$1,0))&INDEX(_ゴミ箱_Backup!$B$2:$D$300,MATCH("NEW_VI_SUFFIX",_ゴミ箱_Backup!$A$2:$A$300,0),MATCH(言語切替!$B$3,_ゴミ箱_Backup!$B$1:$D$1,0)) -> #N/A | X4: =INDEX(_ゴミ箱_Backup!$B$2:$D$300,MATCH("ISSUE_COL_BG",_ゴミ箱_Backup!$A$2:$A$300,0),MATCH(言語切替!$B$3,_ゴミ箱_Backup!$B$1:$D$1,0))&INDEX(_ゴミ箱_Backup!$B$2:$D$300,MATCH("NEW_JP_SUFFIX",_ゴミ箱_Backup!$A$2:$A$300,0),MATCH(言語切替!$B$3,_ゴミ箱_Backup!$B$1:$D$1,0)) -> #N/A | Y4: =INDEX(_ゴミ箱_Backup!$B$2:$D$300,MATCH("ISSUE_COL_BG",_ゴミ箱_Backup!$A$2:$A$300,0),MATCH(言語切替!$B$3,_ゴミ箱_Backup!$B$1:$D$1,0))&INDEX(_ゴミ箱_Backup!$B$2:$D$300,MATCH("NEW_CN_SUFFIX",_ゴミ箱_Backup!$A$2:$A$300,0),MATCH(言語切替!$B$3,_ゴミ箱_Backup!$B$1:$D$1,0)) -> #N/A | Z4: =INDEX(_ゴミ箱_Backup!$B$2:$D$300,MATCH("ISSUE_COL_BG",_ゴミ箱_Backup!$A$2:$A$300,0),MATCH(言語切替!$B$3,_ゴミ箱_Backup!$B$1:$D$1,0))&INDEX(_ゴミ箱_Backup!$B$2:$D$300,MATCH("NEW_VI_SUFFIX",_ゴミ箱_Backup!$A$2:$A$300,0),MATCH(言語切替!$B$3,_ゴミ箱_Backup!$B$1:$D$1,0)) -> #N/A | AA4: =INDEX(_ゴミ箱_Backup!$B$2:$D$300,MATCH("ISSUE_COL_ACTION",_ゴミ箱_Backup!$A$2:$A$300,0),MATCH(言語切替!$B$3,_ゴミ箱_Backup!$B$1:$D$1,0))&INDEX(_ゴミ箱_Backup!$B$2:$D$300,MATCH("NEW_JP_SUFFIX",_ゴミ箱_Backup!$A$2:$A$300,0),MATCH(言語切替!$B$3,_ゴミ箱_Backup!$B$1:$D$1,0)) -> #N/A | AB4: =INDEX(_ゴミ箱_Backup!$B$2:$D$300,MATCH("ISSUE_COL_ACTION",_ゴミ箱_Backup!$A$2:$A$300,0),MATCH(言語切替!$B$3,_ゴミ箱_Backup!$B$1:$D$1,0))&INDEX(_ゴミ箱_Backup!$B$2:$D$300,MATCH("NEW_CN_SUFFIX",_ゴミ箱_Backup!$A$2:$A$300,0),MATCH(言語切替!$B$3,_ゴミ箱_Backup!$B$1:$D$1,0)) -> #N/A | AC4: =INDEX(_ゴミ箱_Backup!$B$2:$D$300,MATCH("ISSUE_COL_ACTION",_ゴミ箱_Backup!$A$2:$A$300,0),MATCH(言語切替!$B$3,_ゴミ箱_Backup!$B$1:$D$1,0))&INDEX(_ゴミ箱_Backup!$B$2:$D$300,MATCH("NEW_VI_SUFFIX",_ゴミ箱_Backup!$A$2:$A$300,0),MATCH(言語切替!$B$3,_ゴミ箱_Backup!$B$1:$D$1,0)) -> #N/A | AD4: =INDEX(_ゴミ箱_Backup!$B$2:$D$300,MATCH("ISSUE_COL_COND",_ゴミ箱_Backup!$A$2:$A$300,0),MATCH(言語切替!$B$3,_ゴミ箱_Backup!$B$1:$D$1,0))&INDEX(_ゴミ箱_Backup!$B$2:$D$300,MATCH("NEW_JP_SUFFIX",_ゴミ箱_Backup!$A$2:$A$300,0),MATCH(言語切替!$B$3,_ゴミ箱_Backup!$B$1:$D$1,0)) -> #N/A | AE4: =INDEX(_ゴミ箱_Backup!$B$2:$D$300,MATCH("ISSUE_COL_COND",_ゴミ箱_Backup!$A$2:$A$300,0),MATCH(言語切替!$B$3,_ゴミ箱_Backup!$B$1:$D$1,0))&INDEX(_ゴミ箱_Backup!$B$2:$D$300,MATCH("NEW_CN_SUFFIX",_ゴミ箱_Backup!$A$2:$A$300,0),MATCH(言語切替!$B$3,_ゴミ箱_Backup!$B$1:$D$1,0)) -> #N/A | AF4: =INDEX(_ゴミ箱_Backup!$B$2:$D$300,MATCH("ISSUE_COL_COND",_ゴミ箱_Backup!$A$2:$A$300,0),MATCH(言語切替!$B$3,_ゴミ箱_Backup!$B$1:$D$1,0))&INDEX(_ゴミ箱_Backup!$B$2:$D$300,MATCH("NEW_VI_SUFFIX",_ゴミ箱_Backup!$A$2:$A$300,0),MATCH(言語切替!$B$3,_ゴミ箱_Backup!$B$1:$D$1,0)) -> #N/A | AG4: =INDEX(_ゴミ箱_Backup!$B$2:$D$300,MATCH("ISSUE_COL_RESULT",_ゴミ箱_Backup!$A$2:$A$300,0),MATCH(言語切替!$B$3,_ゴミ箱_Backup!$B$1:$D$1,0))&INDEX(_ゴミ箱_Backup!$B$2:$D$300,MATCH("NEW_JP_SUFFIX",_ゴミ箱_Backup!$A$2:$A$300,0),MATCH(言語切替!$B$3,_ゴミ箱_Backup!$B$1:$D$1,0)) -> #N/A | AH4: =INDEX(_ゴミ箱_Backup!$B$2:$D$300,MATCH("ISSUE_COL_RESULT",_ゴミ箱_Backup!$A$2:$A$300,0),MATCH(言語切替!$B$3,_ゴミ箱_Backup!$B$1:$D$1,0))&INDEX(_ゴミ箱_Backup!$B$2:$D$300,MATCH("NEW_CN_SUFFIX",_ゴミ箱_Backup!$A$2:$A$300,0),MATCH(言語切替!$B$3,_ゴミ箱_Backup!$B$1:$D$1,0)) -> #N/A | AI4: =INDEX(_ゴミ箱_Backup!$B$2:$D$300,MATCH("ISSUE_COL_RESULT",_ゴミ箱_Backup!$A$2:$A$300,0),MATCH(言語切替!$B$3,_ゴミ箱_Backup!$B$1:$D$1,0))&INDEX(_ゴミ箱_Backup!$B$2:$D$300,MATCH("NEW_VI_SUFFIX",_ゴミ箱_Backup!$A$2:$A$300,0),MATCH(言語切替!$B$3,_ゴミ箱_Backup!$B$1:$D$1,0)) -> #N/A
A5: IT-001 | B5: ='02_マスタ'!$I$6 -> #N/A | C5: ='02_マスタ'!$A$5 -> #N/A | D5: ='02_マスタ'!$C$5 -> #N/A | E5: =INDEX(_ゴミ箱_Backup!$B$117:$D$247,MATCH("ISSUE_EX1_TITLE",_ゴミ箱_Backup!$A$117:$A$247,0),MATCH(言語切替!$B$3,_ゴミ箱_Backup!$B$1:$D$1,0)) -> #N/A | F5: =INDEX(_ゴミ箱_Backup!$B$117:$D$247,MATCH("ISSUE_EX1_BG",_ゴミ箱_Backup!$A$117:$A$247,0),MATCH(言語切替!$B$3,_ゴミ箱_Backup!$B$1:$D$1,0)) -> #N/A | G5: =INDEX(_ゴミ箱_Backup!$B$117:$D$247,MATCH("ISSUE_EX1_ACT",_ゴミ箱_Backup!$A$117:$A$247,0),MATCH(言語切替!$B$3,_ゴミ箱_Backup!$B$1:$D$1,0)) -> #N/A | H5: =INDEX(_ゴミ箱_Backup!$B$117:$D$247,MATCH("ROLE_PMO",_ゴミ箱_Backup!$A$117:$A$247,0),MATCH(言語切替!$B$3,_ゴミ箱_Backup!$B$1:$D$1,0)) -> #N/A | I5: =INDEX(_ゴミ箱_Backup!$B$117:$D$247,MATCH("ROLE_ALL_LEADERS",_ゴミ箱_Backup!$A$117:$A$247,0),MATCH(言語切替!$B$3,_ゴミ箱_Backup!$B$1:$D$1,0)) -> #N/A | J5: 46288 | K5: 46295 | L5: High | M5: ='02_マスタ'!$E$6 -> #N/A | O5: =INDEX(_ゴミ箱_Backup!$B$117:$D$247,MATCH("ISSUE_EX1_COND",_ゴミ箱_Backup!$A$117:$A$247,0),MATCH(言語切替!$B$3,_ゴミ箱_Backup!$B$1:$D$1,0)) -> #N/A | R5: =IF(K5="","",K5-TODAY()) -> 1 | S5: =IF(A5="","",IF(OR(M5='02_マスタ'!$E$10,M5='02_マスタ'!$E$12),"",IF(L5="High","High",IF(AND(K5<>"",K5<TODAY()),INDEX(_ゴミ箱_Backup!$B$117:$D$247,MATCH("ALERT_OVERDUE",_ゴミ箱_Backup!$A$117:$A$247,0),MATCH(言語切替!$B$3,_ゴミ箱_Backup!$B$1:$D$1,0)),IF(AND(K5<>"",K5-TODAY()<=7),INDEX(_ゴミ箱_Backup!$B$117:$D$247,MATCH("ALERT_APPROACHING",_ゴミ箱_Backup!$A$117:$A$247,0),MATCH(言語切替!$B$3,_ゴミ箱_Backup!$B$1:$D$1,0)),IF(OR(M5='02_マスタ'!$E$7,M5='02_マスタ'!$E$8),INDEX(_ゴミ箱_Backup!$B$117:$D$247,MATCH("ALERT_CHECK",_ゴミ箱_Backup!$A$117:$A$247,0),MATCH(言語切替!$B$3,_ゴミ箱_Backup!$B$1:$D$1,0)),"")))))) -> #N/A | T5: 46288 | U5: =IF(E5="","",IFERROR(_xlfn.TRANSLATE(E5,,"ja"),"")) -> #N/A | V5: =IF(E5="","",IFERROR(_xlfn.TRANSLATE(E5,,"zh-Hans"),"")) -> #N/A | W5: =IF(E5="","",IFERROR(_xlfn.TRANSLATE(E5,,"vi"),"")) -> #N/A | X5: =IF(F5="","",IFERROR(_xlfn.TRANSLATE(F5,,"ja"),"")) -> #N/A | Y5: =IF(F5="","",IFERROR(_xlfn.TRANSLATE(F5,,"zh-Hans"),"")) -> #N/A | Z5: =IF(F5="","",IFERROR(_xlfn.TRANSLATE(F5,,"vi"),"")) -> #N/A | AA5: =IF(G5="","",IFERROR(_xlfn.TRANSLATE(G5,,"ja"),"")) -> #N/A | AB5: =IF(G5="","",IFERROR(_xlfn.TRANSLATE(G5,,"zh-Hans"),"")) -> #N/A | AC5: =IF(G5="","",IFERROR(_xlfn.TRANSLATE(G5,,"vi"),"")) -> #N/A | AD5: =IF(O5="","",IFERROR(_xlfn.TRANSLATE(O5,,"ja"),"")) -> #N/A | AE5: =IF(O5="","",IFERROR(_xlfn.TRANSLATE(O5,,"zh-Hans"),"")) -> #N/A | AF5: =IF(O5="","",IFERROR(_xlfn.TRANSLATE(O5,,"vi"),"")) -> #N/A | AG5: =IF(P5="","",IFERROR(_xlfn.TRANSLATE(P5,,"ja"),"")) | AH5: =IF(P5="","",IFERROR(_xlfn.TRANSLATE(P5,,"zh-Hans"),"")) | AI5: =IF(P5="","",IFERROR(_xlfn.TRANSLATE(P5,,"vi"),""))
A6: IS-001 | B6: ='02_マスタ'!$I$5 -> #N/A | C6: ='02_マスタ'!$A$9 -> #N/A | D6: ='02_マスタ'!$C$5 -> #N/A | E6: =INDEX(_ゴミ箱_Backup!$B$117:$D$247,MATCH("ISSUE_EX2_TITLE",_ゴミ箱_Backup!$A$117:$A$247,0),MATCH(言語切替!$B$3,_ゴミ箱_Backup!$B$1:$D$1,0)) -> #N/A | F6: =INDEX(_ゴミ箱_Backup!$B$117:$D$247,MATCH("ISSUE_EX2_BG",_ゴミ箱_Backup!$A$117:$A$247,0),MATCH(言語切替!$B$3,_ゴミ箱_Backup!$B$1:$D$1,0)) -> #N/A | G6: =INDEX(_ゴミ箱_Backup!$B$117:$D$247,MATCH("ISSUE_EX2_ACT",_ゴミ箱_Backup!$A$117:$A$247,0),MATCH(言語切替!$B$3,_ゴミ箱_Backup!$B$1:$D$1,0)) -> #N/A | H6: WG Leader | I6: WG-8 | J6: 46294 | K6: 46311 | L6: High | M6: ='02_マスタ'!$E$5 -> #N/A | N6: =INDEX(_ゴミ箱_Backup!$B$117:$D$247,MATCH("ISSUE_EX2_DEP",_ゴミ箱_Backup!$A$117:$A$247,0),MATCH(言語切替!$B$3,_ゴミ箱_Backup!$B$1:$D$1,0)) -> #N/A | O6: =INDEX(_ゴミ箱_Backup!$B$117:$D$247,MATCH("ISSUE_EX2_COND",_ゴミ箱_Backup!$A$117:$A$247,0),MATCH(言語切替!$B$3,_ゴミ箱_Backup!$B$1:$D$1,0)) -> #N/A | R6: =IF(K6="","",K6-TODAY()) -> 17 | S6: =IF(A6="","",IF(OR(M6='02_マスタ'!$E$10,M6='02_マスタ'!$E$12),"",IF(L6="High","High",IF(AND(K6<>"",K6<TODAY()),INDEX(_ゴミ箱_Backup!$B$117:$D$247,MATCH("ALERT_OVERDUE",_ゴミ箱_Backup!$A$117:$A$247,0),MATCH(言語切替!$B$3,_ゴミ箱_Backup!$B$1:$D$1,0)),IF(AND(K6<>"",K6-TODAY()<=7),INDEX(_ゴミ箱_Backup!$B$117:$D$247,MATCH("ALERT_APPROACHING",_ゴミ箱_Backup!$A$117:$A$247,0),MATCH(言語切替!$B$3,_ゴミ箱_Backup!$B$1:$D$1,0)),IF(OR(M6='02_マスタ'!$E$7,M6='02_マスタ'!$E$8),INDEX(_ゴミ箱_Backup!$B$117:$D$247,MATCH("ALERT_CHECK",_ゴミ箱_Backup!$A$117:$A$247,0),MATCH(言語切替!$B$3,_ゴミ箱_Backup!$B$1:$D$1,0)),"")))))) -> #N/A | T6: 46288 | U6: =IF(E6="","",IFERROR(_xlfn.TRANSLATE(E6,,"ja"),"")) -> #N/A | V6: =IF(E6="","",IFERROR(_xlfn.TRANSLATE(E6,,"zh-Hans"),"")) -> #N/A | W6: =IF(E6="","",IFERROR(_xlfn.TRANSLATE(E6,,"vi"),"")) -> #N/A | X6: =IF(F6="","",IFERROR(_xlfn.TRANSLATE(F6,,"ja"),"")) -> #N/A | Y6: =IF(F6="","",IFERROR(_xlfn.TRANSLATE(F6,,"zh-Hans"),"")) -> #N/A | Z6: =IF(F6="","",IFERROR(_xlfn.TRANSLATE(F6,,"vi"),"")) -> #N/A | AA6: =IF(G6="","",IFERROR(_xlfn.TRANSLATE(G6,,"ja"),"")) -> #N/A | AB6: =IF(G6="","",IFERROR(_xlfn.TRANSLATE(G6,,"zh-Hans"),"")) -> #N/A | AC6: =IF(G6="","",IFERROR(_xlfn.TRANSLATE(G6,,"vi"),"")) -> #N/A | AD6: =IF(O6="","",IFERROR(_xlfn.TRANSLATE(O6,,"ja"),"")) -> #N/A | AE6: =IF(O6="","",IFERROR(_xlfn.TRANSLATE(O6,,"zh-Hans"),"")) -> #N/A | AF6: =IF(O6="","",IFERROR(_xlfn.TRANSLATE(O6,,"vi"),"")) -> #N/A | AG6: =IF(P6="","",IFERROR(_xlfn.TRANSLATE(P6,,"ja"),"")) | AH6: =IF(P6="","",IFERROR(_xlfn.TRANSLATE(P6,,"zh-Hans"),"")) | AI6: =IF(P6="","",IFERROR(_xlfn.TRANSLATE(P6,,"vi"),""))
A7: IS-002 | B7: ='02_マスタ'!$I$5 -> #N/A | C7: ='02_マスタ'!$A$12 -> #N/A | D7: KDTVN | E7: =INDEX(_ゴミ箱_Backup!$B$117:$D$247,MATCH("ISSUE_EX3_TITLE",_ゴミ箱_Backup!$A$117:$A$247,0),MATCH(言語切替!$B$3,_ゴミ箱_Backup!$B$1:$D$1,0)) -> #N/A | F7: =INDEX(_ゴミ箱_Backup!$B$117:$D$247,MATCH("ISSUE_EX3_BG",_ゴミ箱_Backup!$A$117:$A$247,0),MATCH(言語切替!$B$3,_ゴミ箱_Backup!$B$1:$D$1,0)) -> #N/A | G7: =INDEX(_ゴミ箱_Backup!$B$117:$D$247,MATCH("ISSUE_EX3_ACT",_ゴミ箱_Backup!$A$117:$A$247,0),MATCH(言語切替!$B$3,_ゴミ箱_Backup!$B$1:$D$1,0)) -> #N/A | H7: WG Leader | I7: =INDEX(_ゴミ箱_Backup!$B$117:$D$247,MATCH("ROLE_PMO",_ゴミ箱_Backup!$A$117:$A$247,0),MATCH(言語切替!$B$3,_ゴミ箱_Backup!$B$1:$D$1,0)) -> #N/A | J7: 46294 | K7: 46311 | L7: Middle | M7: ='02_マスタ'!$E$5 -> #N/A | O7: =INDEX(_ゴミ箱_Backup!$B$117:$D$247,MATCH("ISSUE_EX3_COND",_ゴミ箱_Backup!$A$117:$A$247,0),MATCH(言語切替!$B$3,_ゴミ箱_Backup!$B$1:$D$1,0)) -> #N/A | R7: =IF(K7="","",K7-TODAY()) -> 17 | S7: =IF(A7="","",IF(OR(M7='02_マスタ'!$E$10,M7='02_マスタ'!$E$12),"",IF(L7="High","High",IF(AND(K7<>"",K7<TODAY()),INDEX(_ゴミ箱_Backup!$B$117:$D$247,MATCH("ALERT_OVERDUE",_ゴミ箱_Backup!$A$117:$A$247,0),MATCH(言語切替!$B$3,_ゴミ箱_Backup!$B$1:$D$1,0)),IF(AND(K7<>"",K7-TODAY()<=7),INDEX(_ゴミ箱_Backup!$B$117:$D$247,MATCH("ALERT_APPROACHING",_ゴミ箱_Backup!$A$117:$A$247,0),MATCH(言語切替!$B$3,_ゴミ箱_Backup!$B$1:$D$1,0)),IF(OR(M7='02_マスタ'!$E$7,M7='02_マスタ'!$E$8),INDEX(_ゴミ箱_Backup!$B$117:$D$247,MATCH("ALERT_CHECK",_ゴミ箱_Backup!$A$117:$A$247,0),MATCH(言語切替!$B$3,_ゴミ箱_Backup!$B$1:$D$1,0)),"")))))) -> #N/A | T7: 46288 | U7: =IF(E7="","",IFERROR(_xlfn.TRANSLATE(E7,,"ja"),"")) -> #N/A | V7: =IF(E7="","",IFERROR(_xlfn.TRANSLATE(E7,,"zh-Hans"),"")) -> #N/A | W7: =IF(E7="","",IFERROR(_xlfn.TRANSLATE(E7,,"vi"),"")) -> #N/A | X7: =IF(F7="","",IFERROR(_xlfn.TRANSLATE(F7,,"ja"),"")) -> #N/A | Y7: =IF(F7="","",IFERROR(_xlfn.TRANSLATE(F7,,"zh-Hans"),"")) -> #N/A | Z7: =IF(F7="","",IFERROR(_xlfn.TRANSLATE(F7,,"vi"),"")) -> #N/A | AA7: =IF(G7="","",IFERROR(_xlfn.TRANSLATE(G7,,"ja"),"")) -> #N/A | AB7: =IF(G7="","",IFERROR(_xlfn.TRANSLATE(G7,,"zh-Hans"),"")) -> #N/A | AC7: =IF(G7="","",IFERROR(_xlfn.TRANSLATE(G7,,"vi"),"")) -> #N/A | AD7: =IF(O7="","",IFERROR(_xlfn.TRANSLATE(O7,,"ja"),"")) -> #N/A | AE7: =IF(O7="","",IFERROR(_xlfn.TRANSLATE(O7,,"zh-Hans"),"")) -> #N/A | AF7: =IF(O7="","",IFERROR(_xlfn.TRANSLATE(O7,,"vi"),"")) -> #N/A | AG7: =IF(P7="","",IFERROR(_xlfn.TRANSLATE(P7,,"ja"),"")) | AH7: =IF(P7="","",IFERROR(_xlfn.TRANSLATE(P7,,"zh-Hans"),"")) | AI7: =IF(P7="","",IFERROR(_xlfn.TRANSLATE(P7,,"vi"),""))
A8: RK-001 | B8: ='02_マスタ'!$I$8 -> #N/A | C8: ='02_マスタ'!$A$14 -> #N/A | D8: ='02_マスタ'!$C$5 -> #N/A | E8: =INDEX(_ゴミ箱_Backup!$B$117:$D$247,MATCH("ISSUE_EX4_TITLE",_ゴミ箱_Backup!$A$117:$A$247,0),MATCH(言語切替!$B$3,_ゴミ箱_Backup!$B$1:$D$1,0)) -> #N/A | F8: =INDEX(_ゴミ箱_Backup!$B$117:$D$247,MATCH("ISSUE_EX4_BG",_ゴミ箱_Backup!$A$117:$A$247,0),MATCH(言語切替!$B$3,_ゴミ箱_Backup!$B$1:$D$1,0)) -> #N/A | G8: =INDEX(_ゴミ箱_Backup!$B$117:$D$247,MATCH("ISSUE_EX4_ACT",_ゴミ箱_Backup!$A$117:$A$247,0),MATCH(言語切替!$B$3,_ゴミ箱_Backup!$B$1:$D$1,0)) -> #N/A | H8: WG Leader | I8: =INDEX(_ゴミ箱_Backup!$B$117:$D$247,MATCH("ROLE_MATERIALS",_ゴミ箱_Backup!$A$117:$A$247,0),MATCH(言語切替!$B$3,_ゴミ箱_Backup!$B$1:$D$1,0)) -> #N/A | J8: 46294 | K8: 46318 | L8: Middle | M8: ='02_マスタ'!$E$5 -> #N/A | N8: =INDEX(_ゴミ箱_Backup!$B$117:$D$247,MATCH("ISSUE_EX4_DEP",_ゴミ箱_Backup!$A$117:$A$247,0),MATCH(言語切替!$B$3,_ゴミ箱_Backup!$B$1:$D$1,0)) -> #N/A | O8: =INDEX(_ゴミ箱_Backup!$B$117:$D$247,MATCH("ISSUE_EX4_COND",_ゴミ箱_Backup!$A$117:$A$247,0),MATCH(言語切替!$B$3,_ゴミ箱_Backup!$B$1:$D$1,0)) -> #N/A | R8: =IF(K8="","",K8-TODAY()) -> 24 | S8: =IF(A8="","",IF(OR(M8='02_マスタ'!$E$10,M8='02_マスタ'!$E$12),"",IF(L8="High","High",IF(AND(K8<>"",K8<TODAY()),INDEX(_ゴミ箱_Backup!$B$117:$D$247,MATCH("ALERT_OVERDUE",_ゴミ箱_Backup!$A$117:$A$247,0),MATCH(言語切替!$B$3,_ゴミ箱_Backup!$B$1:$D$1,0)),IF(AND(K8<>"",K8-TODAY()<=7),INDEX(_ゴミ箱_Backup!$B$117:$D$247,MATCH("ALERT_APPROACHING",_ゴミ箱_Backup!$A$117:$A$247,0),MATCH(言語切替!$B$3,_ゴミ箱_Backup!$B$1:$D$1,0)),IF(OR(M8='02_マスタ'!$E$7,M8='02_マスタ'!$E$8),INDEX(_ゴミ箱_Backup!$B$117:$D$247,MATCH("ALERT_CHECK",_ゴミ箱_Backup!$A$117:$A$247,0),MATCH(言語切替!$B$3,_ゴミ箱_Backup!$B$1:$D$1,0)),"")))))) -> #N/A | T8: 46288 | U8: =IF(E8="","",IFERROR(_xlfn.TRANSLATE(E8,,"ja"),"")) -> #N/A | V8: =IF(E8="","",IFERROR(_xlfn.TRANSLATE(E8,,"zh-Hans"),"")) -> #N/A | W8: =IF(E8="","",IFERROR(_xlfn.TRANSLATE(E8,,"vi"),"")) -> #N/A | X8: =IF(F8="","",IFERROR(_xlfn.TRANSLATE(F8,,"ja"),"")) -> #N/A | Y8: =IF(F8="","",IFERROR(_xlfn.TRANSLATE(F8,,"zh-Hans"),"")) -> #N/A | Z8: =IF(F8="","",IFERROR(_xlfn.TRANSLATE(F8,,"vi"),"")) -> #N/A | AA8: =IF(G8="","",IFERROR(_xlfn.TRANSLATE(G8,,"ja"),"")) -> #N/A | AB8: =IF(G8="","",IFERROR(_xlfn.TRANSLATE(G8,,"zh-Hans"),"")) -> #N/A | AC8: =IF(G8="","",IFERROR(_xlfn.TRANSLATE(G8,,"vi"),"")) -> #N/A | AD8: =IF(O8="","",IFERROR(_xlfn.TRANSLATE(O8,,"ja"),"")) -> #N/A | AE8: =IF(O8="","",IFERROR(_xlfn.TRANSLATE(O8,,"zh-Hans"),"")) -> #N/A | AF8: =IF(O8="","",IFERROR(_xlfn.TRANSLATE(O8,,"vi"),"")) -> #N/A | AG8: =IF(P8="","",IFERROR(_xlfn.TRANSLATE(P8,,"ja"),"")) | AH8: =IF(P8="","",IFERROR(_xlfn.TRANSLATE(P8,,"zh-Hans"),"")) | AI8: =IF(P8="","",IFERROR(_xlfn.TRANSLATE(P8,,"vi"),""))
R9: =IF(K9="","",K9-TODAY()) | S9: =IF(A9="","",IF(OR(M9='02_マスタ'!$E$10,M9='02_マスタ'!$E$12),"",IF(L9="High","High",IF(AND(K9<>"",K9<TODAY()),INDEX(_ゴミ箱_Backup!$B$117:$D$247,MATCH("ALERT_OVERDUE",_ゴミ箱_Backup!$A$117:$A$247,0),MATCH(言語切替!$B$3,_ゴミ箱_Backup!$B$1:$D$1,0)),IF(AND(K9<>"",K9-TODAY()<=7),INDEX(_ゴミ箱_Backup!$B$117:$D$247,MATCH("ALERT_APPROACHING",_ゴミ箱_Backup!$A$117:$A$247,0),MATCH(言語切替!$B$3,_ゴミ箱_Backup!$B$1:$D$1,0)),IF(OR(M9='02_マスタ'!$E$7,M9='02_マスタ'!$E$8),INDEX(_ゴミ箱_Backup!$B$117:$D$247,MATCH("ALERT_CHECK",_ゴミ箱_Backup!$A$117:$A$247,0),MATCH(言語切替!$B$3,_ゴミ箱_Backup!$B$1:$D$1,0)),"")))))) | U9: =IF(E9="","",IFERROR(_xlfn.TRANSLATE(E9,,"ja"),"")) | V9: =IF(E9="","",IFERROR(_xlfn.TRANSLATE(E9,,"zh-Hans"),"")) | W9: =IF(E9="","",IFERROR(_xlfn.TRANSLATE(E9,,"vi"),"")) | X9: =IF(F9="","",IFERROR(_xlfn.TRANSLATE(F9,,"ja"),"")) | Y9: =IF(F9="","",IFERROR(_xlfn.TRANSLATE(F9,,"zh-Hans"),"")) | Z9: =IF(F9="","",IFERROR(_xlfn.TRANSLATE(F9,,"vi"),"")) | AA9: =IF(G9="","",IFERROR(_xlfn.TRANSLATE(G9,,"ja"),"")) | AB9: =IF(G9="","",IFERROR(_xlfn.TRANSLATE(G9,,"zh-Hans"),"")) | AC9: =IF(G9="","",IFERROR(_xlfn.TRANSLATE(G9,,"vi"),"")) | AD9: =IF(O9="","",IFERROR(_xlfn.TRANSLATE(O9,,"ja"),"")) | AE9: =IF(O9="","",IFERROR(_xlfn.TRANSLATE(O9,,"zh-Hans"),"")) | AF9: =IF(O9="","",IFERROR(_xlfn.TRANSLATE(O9,,"vi"),"")) | AG9: =IF(P9="","",IFERROR(_xlfn.TRANSLATE(P9,,"ja"),"")) | AH9: =IF(P9="","",IFERROR(_xlfn.TRANSLATE(P9,,"zh-Hans"),"")) | AI9: =IF(P9="","",IFERROR(_xlfn.TRANSLATE(P9,,"vi"),""))
R10: =IF(K10="","",K10-TODAY()) | S10: =IF(A10="","",IF(OR(M10='02_マスタ'!$E$10,M10='02_マスタ'!$E$12),"",IF(L10="High","High",IF(AND(K10<>"",K10<TODAY()),INDEX(_ゴミ箱_Backup!$B$117:$D$247,MATCH("ALERT_OVERDUE",_ゴミ箱_Backup!$A$117:$A$247,0),MATCH(言語切替!$B$3,_ゴミ箱_Backup!$B$1:$D$1,0)),IF(AND(K10<>"",K10-TODAY()<=7),INDEX(_ゴミ箱_Backup!$B$117:$D$247,MATCH("ALERT_APPROACHING",_ゴミ箱_Backup!$A$117:$A$247,0),MATCH(言語切替!$B$3,_ゴミ箱_Backup!$B$1:$D$1,0)),IF(OR(M10='02_マスタ'!$E$7,M10='02_マスタ'!$E$8),INDEX(_ゴミ箱_Backup!$B$117:$D$247,MATCH("ALERT_CHECK",_ゴミ箱_Backup!$A$117:$A$247,0),MATCH(言語切替!$B$3,_ゴミ箱_Backup!$B$1:$D$1,0)),"")))))) | U10: =IF(E10="","",IFERROR(_xlfn.TRANSLATE(E10,,"ja"),"")) | V10: =IF(E10="","",IFERROR(_xlfn.TRANSLATE(E10,,"zh-Hans"),"")) | W10: =IF(E10="","",IFERROR(_xlfn.TRANSLATE(E10,,"vi"),"")) | X10: =IF(F10="","",IFERROR(_xlfn.TRANSLATE(F10,,"ja"),"")) | Y10: =IF(F10="","",IFERROR(_xlfn.TRANSLATE(F10,,"zh-Hans"),"")) | Z10: =IF(F10="","",IFERROR(_xlfn.TRANSLATE(F10,,"vi"),"")) | AA10: =IF(G10="","",IFERROR(_xlfn.TRANSLATE(G10,,"ja"),"")) | AB10: =IF(G10="","",IFERROR(_xlfn.TRANSLATE(G10,,"zh-Hans"),"")) | AC10: =IF(G10="","",IFERROR(_xlfn.TRANSLATE(G10,,"vi"),"")) | AD10: =IF(O10="","",IFERROR(_xlfn.TRANSLATE(O10,,"ja"),"")) | AE10: =IF(O10="","",IFERROR(_xlfn.TRANSLATE(O10,,"zh-Hans"),"")) | AF10: =IF(O10="","",IFERROR(_xlfn.TRANSLATE(O10,,"vi"),"")) | AG10: =IF(P10="","",IFERROR(_xlfn.TRANSLATE(P10,,"ja"),"")) | AH10: =IF(P10="","",IFERROR(_xlfn.TRANSLATE(P10,,"zh-Hans"),"")) | AI10: =IF(P10="","",IFERROR(_xlfn.TRANSLATE(P10,,"vi"),""))
R11: =IF(K11="","",K11-TODAY()) | S11: =IF(A11="","",IF(OR(M11='02_マスタ'!$E$10,M11='02_マスタ'!$E$12),"",IF(L11="High","High",IF(AND(K11<>"",K11<TODAY()),INDEX(_ゴミ箱_Backup!$B$117:$D$247,MATCH("ALERT_OVERDUE",_ゴミ箱_Backup!$A$117:$A$247,0),MATCH(言語切替!$B$3,_ゴミ箱_Backup!$B$1:$D$1,0)),IF(AND(K11<>"",K11-TODAY()<=7),INDEX(_ゴミ箱_Backup!$B$117:$D$247,MATCH("ALERT_APPROACHING",_ゴミ箱_Backup!$A$117:$A$247,0),MATCH(言語切替!$B$3,_ゴミ箱_Backup!$B$1:$D$1,0)),IF(OR(M11='02_マスタ'!$E$7,M11='02_マスタ'!$E$8),INDEX(_ゴミ箱_Backup!$B$117:$D$247,MATCH("ALERT_CHECK",_ゴミ箱_Backup!$A$117:$A$247,0),MATCH(言語切替!$B$3,_ゴミ箱_Backup!$B$1:$D$1,0)),"")))))) | U11: =IF(E11="","",IFERROR(_xlfn.TRANSLATE(E11,,"ja"),"")) | V11: =IF(E11="","",IFERROR(_xlfn.TRANSLATE(E11,,"zh-Hans"),"")) | W11: =IF(E11="","",IFERROR(_xlfn.TRANSLATE(E11,,"vi"),"")) | X11: =IF(F11="","",IFERROR(_xlfn.TRANSLATE(F11,,"ja"),"")) | Y11: =IF(F11="","",IFERROR(_xlfn.TRANSLATE(F11,,"zh-Hans"),"")) | Z11: =IF(F11="","",IFERROR(_xlfn.TRANSLATE(F11,,"vi"),"")) | AA11: =IF(G11="","",IFERROR(_xlfn.TRANSLATE(G11,,"ja"),"")) | AB11: =IF(G11="","",IFERROR(_xlfn.TRANSLATE(G11,,"zh-Hans"),"")) | AC11: =IF(G11="","",IFERROR(_xlfn.TRANSLATE(G11,,"vi"),"")) | AD11: =IF(O11="","",IFERROR(_xlfn.TRANSLATE(O11,,"ja"),"")) | AE11: =IF(O11="","",IFERROR(_xlfn.TRANSLATE(O11,,"zh-Hans"),"")) | AF11: =IF(O11="","",IFERROR(_xlfn.TRANSLATE(O11,,"vi"),"")) | AG11: =IF(P11="","",IFERROR(_xlfn.TRANSLATE(P11,,"ja"),"")) | AH11: =IF(P11="","",IFERROR(_xlfn.TRANSLATE(P11,,"zh-Hans"),"")) | AI11: =IF(P11="","",IFERROR(_xlfn.TRANSLATE(P11,,"vi"),""))
R12: =IF(K12="","",K12-TODAY()) | S12: =IF(A12="","",IF(OR(M12='02_マスタ'!$E$10,M12='02_マスタ'!$E$12),"",IF(L12="High","High",IF(AND(K12<>"",K12<TODAY()),INDEX(_ゴミ箱_Backup!$B$117:$D$247,MATCH("ALERT_OVERDUE",_ゴミ箱_Backup!$A$117:$A$247,0),MATCH(言語切替!$B$3,_ゴミ箱_Backup!$B$1:$D$1,0)),IF(AND(K12<>"",K12-TODAY()<=7),INDEX(_ゴミ箱_Backup!$B$117:$D$247,MATCH("ALERT_APPROACHING",_ゴミ箱_Backup!$A$117:$A$247,0),MATCH(言語切替!$B$3,_ゴミ箱_Backup!$B$1:$D$1,0)),IF(OR(M12='02_マスタ'!$E$7,M12='02_マスタ'!$E$8),INDEX(_ゴミ箱_Backup!$B$117:$D$247,MATCH("ALERT_CHECK",_ゴミ箱_Backup!$A$117:$A$247,0),MATCH(言語切替!$B$3,_ゴミ箱_Backup!$B$1:$D$1,0)),"")))))) | U12: =IF(E12="","",IFERROR(_xlfn.TRANSLATE(E12,,"ja"),"")) | V12: =IF(E12="","",IFERROR(_xlfn.TRANSLATE(E12,,"zh-Hans"),"")) | W12: =IF(E12="","",IFERROR(_xlfn.TRANSLATE(E12,,"vi"),"")) | X12: =IF(F12="","",IFERROR(_xlfn.TRANSLATE(F12,,"ja"),"")) | Y12: =IF(F12="","",IFERROR(_xlfn.TRANSLATE(F12,,"zh-Hans"),"")) | Z12: =IF(F12="","",IFERROR(_xlfn.TRANSLATE(F12,,"vi"),"")) | AA12: =IF(G12="","",IFERROR(_xlfn.TRANSLATE(G12,,"ja"),"")) | AB12: =IF(G12="","",IFERROR(_xlfn.TRANSLATE(G12,,"zh-Hans"),"")) | AC12: =IF(G12="","",IFERROR(_xlfn.TRANSLATE(G12,,"vi"),"")) | AD12: =IF(O12="","",IFERROR(_xlfn.TRANSLATE(O12,,"ja"),"")) | AE12: =IF(O12="","",IFERROR(_xlfn.TRANSLATE(O12,,"zh-Hans"),"")) | AF12: =IF(O12="","",IFERROR(_xlfn.TRANSLATE(O12,,"vi"),"")) | AG12: =IF(P12="","",IFERROR(_xlfn.TRANSLATE(P12,,"ja"),"")) | AH12: =IF(P12="","",IFERROR(_xlfn.TRANSLATE(P12,,"zh-Hans"),"")) | AI12: =IF(P12="","",IFERROR(_xlfn.TRANSLATE(P12,,"vi"),""))
R13: =IF(K13="","",K13-TODAY()) | S13: =IF(A13="","",IF(OR(M13='02_マスタ'!$E$10,M13='02_マスタ'!$E$12),"",IF(L13="High","High",IF(AND(K13<>"",K13<TODAY()),INDEX(_ゴミ箱_Backup!$B$117:$D$247,MATCH("ALERT_OVERDUE",_ゴミ箱_Backup!$A$117:$A$247,0),MATCH(言語切替!$B$3,_ゴミ箱_Backup!$B$1:$D$1,0)),IF(AND(K13<>"",K13-TODAY()<=7),INDEX(_ゴミ箱_Backup!$B$117:$D$247,MATCH("ALERT_APPROACHING",_ゴミ箱_Backup!$A$117:$A$247,0),MATCH(言語切替!$B$3,_ゴミ箱_Backup!$B$1:$D$1,0)),IF(OR(M13='02_マスタ'!$E$7,M13='02_マスタ'!$E$8),INDEX(_ゴミ箱_Backup!$B$117:$D$247,MATCH("ALERT_CHECK",_ゴミ箱_Backup!$A$117:$A$247,0),MATCH(言語切替!$B$3,_ゴミ箱_Backup!$B$1:$D$1,0)),"")))))) | U13: =IF(E13="","",IFERROR(_xlfn.TRANSLATE(E13,,"ja"),"")) | V13: =IF(E13="","",IFERROR(_xlfn.TRANSLATE(E13,,"zh-Hans"),"")) | W13: =IF(E13="","",IFERROR(_xlfn.TRANSLATE(E13,,"vi"),"")) | X13: =IF(F13="","",IFERROR(_xlfn.TRANSLATE(F13,,"ja"),"")) | Y13: =IF(F13="","",IFERROR(_xlfn.TRANSLATE(F13,,"zh-Hans"),"")) | Z13: =IF(F13="","",IFERROR(_xlfn.TRANSLATE(F13,,"vi"),"")) | AA13: =IF(G13="","",IFERROR(_xlfn.TRANSLATE(G13,,"ja"),"")) | AB13: =IF(G13="","",IFERROR(_xlfn.TRANSLATE(G13,,"zh-Hans"),"")) | AC13: =IF(G13="","",IFERROR(_xlfn.TRANSLATE(G13,,"vi"),"")) | AD13: =IF(O13="","",IFERROR(_xlfn.TRANSLATE(O13,,"ja"),"")) | AE13: =IF(O13="","",IFERROR(_xlfn.TRANSLATE(O13,,"zh-Hans"),"")) | AF13: =IF(O13="","",IFERROR(_xlfn.TRANSLATE(O13,,"vi"),"")) | AG13: =IF(P13="","",IFERROR(_xlfn.TRANSLATE(P13,,"ja"),"")) | AH13: =IF(P13="","",IFERROR(_xlfn.TRANSLATE(P13,,"zh-Hans"),"")) | AI13: =IF(P13="","",IFERROR(_xlfn.TRANSLATE(P13,,"vi"),""))
R14: =IF(K14="","",K14-TODAY()) | S14: =IF(A14="","",IF(OR(M14='02_マスタ'!$E$10,M14='02_マスタ'!$E$12),"",IF(L14="High","High",IF(AND(K14<>"",K14<TODAY()),INDEX(_ゴミ箱_Backup!$B$117:$D$247,MATCH("ALERT_OVERDUE",_ゴミ箱_Backup!$A$117:$A$247,0),MATCH(言語切替!$B$3,_ゴミ箱_Backup!$B$1:$D$1,0)),IF(AND(K14<>"",K14-TODAY()<=7),INDEX(_ゴミ箱_Backup!$B$117:$D$247,MATCH("ALERT_APPROACHING",_ゴミ箱_Backup!$A$117:$A$247,0),MATCH(言語切替!$B$3,_ゴミ箱_Backup!$B$1:$D$1,0)),IF(OR(M14='02_マスタ'!$E$7,M14='02_マスタ'!$E$8),INDEX(_ゴミ箱_Backup!$B$117:$D$247,MATCH("ALERT_CHECK",_ゴミ箱_Backup!$A$117:$A$247,0),MATCH(言語切替!$B$3,_ゴミ箱_Backup!$B$1:$D$1,0)),"")))))) | U14: =IF(E14="","",IFERROR(_xlfn.TRANSLATE(E14,,"ja"),"")) | V14: =IF(E14="","",IFERROR(_xlfn.TRANSLATE(E14,,"zh-Hans"),"")) | W14: =IF(E14="","",IFERROR(_xlfn.TRANSLATE(E14,,"vi"),"")) | X14: =IF(F14="","",IFERROR(_xlfn.TRANSLATE(F14,,"ja"),"")) | Y14: =IF(F14="","",IFERROR(_xlfn.TRANSLATE(F14,,"zh-Hans"),"")) | Z14: =IF(F14="","",IFERROR(_xlfn.TRANSLATE(F14,,"vi"),"")) | AA14: =IF(G14="","",IFERROR(_xlfn.TRANSLATE(G14,,"ja"),"")) | AB14: =IF(G14="","",IFERROR(_xlfn.TRANSLATE(G14,,"zh-Hans"),"")) | AC14: =IF(G14="","",IFERROR(_xlfn.TRANSLATE(G14,,"vi"),"")) | AD14: =IF(O14="","",IFERROR(_xlfn.TRANSLATE(O14,,"ja"),"")) | AE14: =IF(O14="","",IFERROR(_xlfn.TRANSLATE(O14,,"zh-Hans"),"")) | AF14: =IF(O14="","",IFERROR(_xlfn.TRANSLATE(O14,,"vi"),"")) | AG14: =IF(P14="","",IFERROR(_xlfn.TRANSLATE(P14,,"ja"),"")) | AH14: =IF(P14="","",IFERROR(_xlfn.TRANSLATE(P14,,"zh-Hans"),"")) | AI14: =IF(P14="","",IFERROR(_xlfn.TRANSLATE(P14,,"vi"),""))
R15: =IF(K15="","",K15-TODAY()) | S15: =IF(A15="","",IF(OR(M15='02_マスタ'!$E$10,M15='02_マスタ'!$E$12),"",IF(L15="High","High",IF(AND(K15<>"",K15<TODAY()),INDEX(_ゴミ箱_Backup!$B$117:$D$247,MATCH("ALERT_OVERDUE",_ゴミ箱_Backup!$A$117:$A$247,0),MATCH(言語切替!$B$3,_ゴミ箱_Backup!$B$1:$D$1,0)),IF(AND(K15<>"",K15-TODAY()<=7),INDEX(_ゴミ箱_Backup!$B$117:$D$247,MATCH("ALERT_APPROACHING",_ゴミ箱_Backup!$A$117:$A$247,0),MATCH(言語切替!$B$3,_ゴミ箱_Backup!$B$1:$D$1,0)),IF(OR(M15='02_マスタ'!$E$7,M15='02_マスタ'!$E$8),INDEX(_ゴミ箱_Backup!$B$117:$D$247,MATCH("ALERT_CHECK",_ゴミ箱_Backup!$A$117:$A$247,0),MATCH(言語切替!$B$3,_ゴミ箱_Backup!$B$1:$D$1,0)),"")))))) | U15: =IF(E15="","",IFERROR(_xlfn.TRANSLATE(E15,,"ja"),"")) | V15: =IF(E15="","",IFERROR(_xlfn.TRANSLATE(E15,,"zh-Hans"),"")) | W15: =IF(E15="","",IFERROR(_xlfn.TRANSLATE(E15,,"vi"),"")) | X15: =IF(F15="","",IFERROR(_xlfn.TRANSLATE(F15,,"ja"),"")) | Y15: =IF(F15="","",IFERROR(_xlfn.TRANSLATE(F15,,"zh-Hans"),"")) | Z15: =IF(F15="","",IFERROR(_xlfn.TRANSLATE(F15,,"vi"),"")) | AA15: =IF(G15="","",IFERROR(_xlfn.TRANSLATE(G15,,"ja"),"")) | AB15: =IF(G15="","",IFERROR(_xlfn.TRANSLATE(G15,,"zh-Hans"),"")) | AC15: =IF(G15="","",IFERROR(_xlfn.TRANSLATE(G15,,"vi"),"")) | AD15: =IF(O15="","",IFERROR(_xlfn.TRANSLATE(O15,,"ja"),"")) | AE15: =IF(O15="","",IFERROR(_xlfn.TRANSLATE(O15,,"zh-Hans"),"")) | AF15: =IF(O15="","",IFERROR(_xlfn.TRANSLATE(O15,,"vi"),"")) | AG15: =IF(P15="","",IFERROR(_xlfn.TRANSLATE(P15,,"ja"),"")) | AH15: =IF(P15="","",IFERROR(_xlfn.TRANSLATE(P15,,"zh-Hans"),"")) | AI15: =IF(P15="","",IFERROR(_xlfn.TRANSLATE(P15,,"vi"),""))
R16: =IF(K16="","",K16-TODAY()) | S16: =IF(A16="","",IF(OR(M16='02_マスタ'!$E$10,M16='02_マスタ'!$E$12),"",IF(L16="High","High",IF(AND(K16<>"",K16<TODAY()),INDEX(_ゴミ箱_Backup!$B$117:$D$247,MATCH("ALERT_OVERDUE",_ゴミ箱_Backup!$A$117:$A$247,0),MATCH(言語切替!$B$3,_ゴミ箱_Backup!$B$1:$D$1,0)),IF(AND(K16<>"",K16-TODAY()<=7),INDEX(_ゴミ箱_Backup!$B$117:$D$247,MATCH("ALERT_APPROACHING",_ゴミ箱_Backup!$A$117:$A$247,0),MATCH(言語切替!$B$3,_ゴミ箱_Backup!$B$1:$D$1,0)),IF(OR(M16='02_マスタ'!$E$7,M16='02_マスタ'!$E$8),INDEX(_ゴミ箱_Backup!$B$117:$D$247,MATCH("ALERT_CHECK",_ゴミ箱_Backup!$A$117:$A$247,0),MATCH(言語切替!$B$3,_ゴミ箱_Backup!$B$1:$D$1,0)),"")))))) | U16: =IF(E16="","",IFERROR(_xlfn.TRANSLATE(E16,,"ja"),"")) | V16: =IF(E16="","",IFERROR(_xlfn.TRANSLATE(E16,,"zh-Hans"),"")) | W16: =IF(E16="","",IFERROR(_xlfn.TRANSLATE(E16,,"vi"),"")) | X16: =IF(F16="","",IFERROR(_xlfn.TRANSLATE(F16,,"ja"),"")) | Y16: =IF(F16="","",IFERROR(_xlfn.TRANSLATE(F16,,"zh-Hans"),"")) | Z16: =IF(F16="","",IFERROR(_xlfn.TRANSLATE(F16,,"vi"),"")) | AA16: =IF(G16="","",IFERROR(_xlfn.TRANSLATE(G16,,"ja"),"")) | AB16: =IF(G16="","",IFERROR(_xlfn.TRANSLATE(G16,,"zh-Hans"),"")) | AC16: =IF(G16="","",IFERROR(_xlfn.TRANSLATE(G16,,"vi"),"")) | AD16: =IF(O16="","",IFERROR(_xlfn.TRANSLATE(O16,,"ja"),"")) | AE16: =IF(O16="","",IFERROR(_xlfn.TRANSLATE(O16,,"zh-Hans"),"")) | AF16: =IF(O16="","",IFERROR(_xlfn.TRANSLATE(O16,,"vi"),"")) | AG16: =IF(P16="","",IFERROR(_xlfn.TRANSLATE(P16,,"ja"),"")) | AH16: =IF(P16="","",IFERROR(_xlfn.TRANSLATE(P16,,"zh-Hans"),"")) | AI16: =IF(P16="","",IFERROR(_xlfn.TRANSLATE(P16,,"vi"),""))
R17: =IF(K17="","",K17-TODAY()) | S17: =IF(A17="","",IF(OR(M17='02_マスタ'!$E$10,M17='02_マスタ'!$E$12),"",IF(L17="High","High",IF(AND(K17<>"",K17<TODAY()),INDEX(_ゴミ箱_Backup!$B$117:$D$247,MATCH("ALERT_OVERDUE",_ゴミ箱_Backup!$A$117:$A$247,0),MATCH(言語切替!$B$3,_ゴミ箱_Backup!$B$1:$D$1,0)),IF(AND(K17<>"",K17-TODAY()<=7),INDEX(_ゴミ箱_Backup!$B$117:$D$247,MATCH("ALERT_APPROACHING",_ゴミ箱_Backup!$A$117:$A$247,0),MATCH(言語切替!$B$3,_ゴミ箱_Backup!$B$1:$D$1,0)),IF(OR(M17='02_マスタ'!$E$7,M17='02_マスタ'!$E$8),INDEX(_ゴミ箱_Backup!$B$117:$D$247,MATCH("ALERT_CHECK",_ゴミ箱_Backup!$A$117:$A$247,0),MATCH(言語切替!$B$3,_ゴミ箱_Backup!$B$1:$D$1,0)),"")))))) | U17: =IF(E17="","",IFERROR(_xlfn.TRANSLATE(E17,,"ja"),"")) | V17: =IF(E17="","",IFERROR(_xlfn.TRANSLATE(E17,,"zh-Hans"),"")) | W17: =IF(E17="","",IFERROR(_xlfn.TRANSLATE(E17,,"vi"),"")) | X17: =IF(F17="","",IFERROR(_xlfn.TRANSLATE(F17,,"ja"),"")) | Y17: =IF(F17="","",IFERROR(_xlfn.TRANSLATE(F17,,"zh-Hans"),"")) | Z17: =IF(F17="","",IFERROR(_xlfn.TRANSLATE(F17,,"vi"),"")) | AA17: =IF(G17="","",IFERROR(_xlfn.TRANSLATE(G17,,"ja"),"")) | AB17: =IF(G17="","",IFERROR(_xlfn.TRANSLATE(G17,,"zh-Hans"),"")) | AC17: =IF(G17="","",IFERROR(_xlfn.TRANSLATE(G17,,"vi"),"")) | AD17: =IF(O17="","",IFERROR(_xlfn.TRANSLATE(O17,,"ja"),"")) | AE17: =IF(O17="","",IFERROR(_xlfn.TRANSLATE(O17,,"zh-Hans"),"")) | AF17: =IF(O17="","",IFERROR(_xlfn.TRANSLATE(O17,,"vi"),"")) | AG17: =IF(P17="","",IFERROR(_xlfn.TRANSLATE(P17,,"ja"),"")) | AH17: =IF(P17="","",IFERROR(_xlfn.TRANSLATE(P17,,"zh-Hans"),"")) | AI17: =IF(P17="","",IFERROR(_xlfn.TRANSLATE(P17,,"vi"),""))
R18: =IF(K18="","",K18-TODAY()) | S18: =IF(A18="","",IF(OR(M18='02_マスタ'!$E$10,M18='02_マスタ'!$E$12),"",IF(L18="High","High",IF(AND(K18<>"",K18<TODAY()),INDEX(_ゴミ箱_Backup!$B$117:$D$247,MATCH("ALERT_OVERDUE",_ゴミ箱_Backup!$A$117:$A$247,0),MATCH(言語切替!$B$3,_ゴミ箱_Backup!$B$1:$D$1,0)),IF(AND(K18<>"",K18-TODAY()<=7),INDEX(_ゴミ箱_Backup!$B$117:$D$247,MATCH("ALERT_APPROACHING",_ゴミ箱_Backup!$A$117:$A$247,0),MATCH(言語切替!$B$3,_ゴミ箱_Backup!$B$1:$D$1,0)),IF(OR(M18='02_マスタ'!$E$7,M18='02_マスタ'!$E$8),INDEX(_ゴミ箱_Backup!$B$117:$D$247,MATCH("ALERT_CHECK",_ゴミ箱_Backup!$A$117:$A$247,0),MATCH(言語切替!$B$3,_ゴミ箱_Backup!$B$1:$D$1,0)),"")))))) | U18: =IF(E18="","",IFERROR(_xlfn.TRANSLATE(E18,,"ja"),"")) | V18: =IF(E18="","",IFERROR(_xlfn.TRANSLATE(E18,,"zh-Hans"),"")) | W18: =IF(E18="","",IFERROR(_xlfn.TRANSLATE(E18,,"vi"),"")) | X18: =IF(F18="","",IFERROR(_xlfn.TRANSLATE(F18,,"ja"),"")) | Y18: =IF(F18="","",IFERROR(_xlfn.TRANSLATE(F18,,"zh-Hans"),"")) | Z18: =IF(F18="","",IFERROR(_xlfn.TRANSLATE(F18,,"vi"),"")) | AA18: =IF(G18="","",IFERROR(_xlfn.TRANSLATE(G18,,"ja"),"")) | AB18: =IF(G18="","",IFERROR(_xlfn.TRANSLATE(G18,,"zh-Hans"),"")) | AC18: =IF(G18="","",IFERROR(_xlfn.TRANSLATE(G18,,"vi"),"")) | AD18: =IF(O18="","",IFERROR(_xlfn.TRANSLATE(O18,,"ja"),"")) | AE18: =IF(O18="","",IFERROR(_xlfn.TRANSLATE(O18,,"zh-Hans"),"")) | AF18: =IF(O18="","",IFERROR(_xlfn.TRANSLATE(O18,,"vi"),"")) | AG18: =IF(P18="","",IFERROR(_xlfn.TRANSLATE(P18,,"ja"),"")) | AH18: =IF(P18="","",IFERROR(_xlfn.TRANSLATE(P18,,"zh-Hans"),"")) | AI18: =IF(P18="","",IFERROR(_xlfn.TRANSLATE(P18,,"vi"),""))
R19: =IF(K19="","",K19-TODAY()) | S19: =IF(A19="","",IF(OR(M19='02_マスタ'!$E$10,M19='02_マスタ'!$E$12),"",IF(L19="High","High",IF(AND(K19<>"",K19<TODAY()),INDEX(_ゴミ箱_Backup!$B$117:$D$247,MATCH("ALERT_OVERDUE",_ゴミ箱_Backup!$A$117:$A$247,0),MATCH(言語切替!$B$3,_ゴミ箱_Backup!$B$1:$D$1,0)),IF(AND(K19<>"",K19-TODAY()<=7),INDEX(_ゴミ箱_Backup!$B$117:$D$247,MATCH("ALERT_APPROACHING",_ゴミ箱_Backup!$A$117:$A$247,0),MATCH(言語切替!$B$3,_ゴミ箱_Backup!$B$1:$D$1,0)),IF(OR(M19='02_マスタ'!$E$7,M19='02_マスタ'!$E$8),INDEX(_ゴミ箱_Backup!$B$117:$D$247,MATCH("ALERT_CHECK",_ゴミ箱_Backup!$A$117:$A$247,0),MATCH(言語切替!$B$3,_ゴミ箱_Backup!$B$1:$D$1,0)),"")))))) | U19: =IF(E19="","",IFERROR(_xlfn.TRANSLATE(E19,,"ja"),"")) | V19: =IF(E19="","",IFERROR(_xlfn.TRANSLATE(E19,,"zh-Hans"),"")) | W19: =IF(E19="","",IFERROR(_xlfn.TRANSLATE(E19,,"vi"),"")) | X19: =IF(F19="","",IFERROR(_xlfn.TRANSLATE(F19,,"ja"),"")) | Y19: =IF(F19="","",IFERROR(_xlfn.TRANSLATE(F19,,"zh-Hans"),"")) | Z19: =IF(F19="","",IFERROR(_xlfn.TRANSLATE(F19,,"vi"),"")) | AA19: =IF(G19="","",IFERROR(_xlfn.TRANSLATE(G19,,"ja"),"")) | AB19: =IF(G19="","",IFERROR(_xlfn.TRANSLATE(G19,,"zh-Hans"),"")) | AC19: =IF(G19="","",IFERROR(_xlfn.TRANSLATE(G19,,"vi"),"")) | AD19: =IF(O19="","",IFERROR(_xlfn.TRANSLATE(O19,,"ja"),"")) | AE19: =IF(O19="","",IFERROR(_xlfn.TRANSLATE(O19,,"zh-Hans"),"")) | AF19: =IF(O19="","",IFERROR(_xlfn.TRANSLATE(O19,,"vi"),"")) | AG19: =IF(P19="","",IFERROR(_xlfn.TRANSLATE(P19,,"ja"),"")) | AH19: =IF(P19="","",IFERROR(_xlfn.TRANSLATE(P19,,"zh-Hans"),"")) | AI19: =IF(P19="","",IFERROR(_xlfn.TRANSLATE(P19,,"vi"),""))
R20: =IF(K20="","",K20-TODAY()) | S20: =IF(A20="","",IF(OR(M20='02_マスタ'!$E$10,M20='02_マスタ'!$E$12),"",IF(L20="High","High",IF(AND(K20<>"",K20<TODAY()),INDEX(_ゴミ箱_Backup!$B$117:$D$247,MATCH("ALERT_OVERDUE",_ゴミ箱_Backup!$A$117:$A$247,0),MATCH(言語切替!$B$3,_ゴミ箱_Backup!$B$1:$D$1,0)),IF(AND(K20<>"",K20-TODAY()<=7),INDEX(_ゴミ箱_Backup!$B$117:$D$247,MATCH("ALERT_APPROACHING",_ゴミ箱_Backup!$A$117:$A$247,0),MATCH(言語切替!$B$3,_ゴミ箱_Backup!$B$1:$D$1,0)),IF(OR(M20='02_マスタ'!$E$7,M20='02_マスタ'!$E$8),INDEX(_ゴミ箱_Backup!$B$117:$D$247,MATCH("ALERT_CHECK",_ゴミ箱_Backup!$A$117:$A$247,0),MATCH(言語切替!$B$3,_ゴミ箱_Backup!$B$1:$D$1,0)),"")))))) | U20: =IF(E20="","",IFERROR(_xlfn.TRANSLATE(E20,,"ja"),"")) | V20: =IF(E20="","",IFERROR(_xlfn.TRANSLATE(E20,,"zh-Hans"),"")) | W20: =IF(E20="","",IFERROR(_xlfn.TRANSLATE(E20,,"vi"),"")) | X20: =IF(F20="","",IFERROR(_xlfn.TRANSLATE(F20,,"ja"),"")) | Y20: =IF(F20="","",IFERROR(_xlfn.TRANSLATE(F20,,"zh-Hans"),"")) | Z20: =IF(F20="","",IFERROR(_xlfn.TRANSLATE(F20,,"vi"),"")) | AA20: =IF(G20="","",IFERROR(_xlfn.TRANSLATE(G20,,"ja"),"")) | AB20: =IF(G20="","",IFERROR(_xlfn.TRANSLATE(G20,,"zh-Hans"),"")) | AC20: =IF(G20="","",IFERROR(_xlfn.TRANSLATE(G20,,"vi"),"")) | AD20: =IF(O20="","",IFERROR(_xlfn.TRANSLATE(O20,,"ja"),"")) | AE20: =IF(O20="","",IFERROR(_xlfn.TRANSLATE(O20,,"zh-Hans"),"")) | AF20: =IF(O20="","",IFERROR(_xlfn.TRANSLATE(O20,,"vi"),"")) | AG20: =IF(P20="","",IFERROR(_xlfn.TRANSLATE(P20,,"ja"),"")) | AH20: =IF(P20="","",IFERROR(_xlfn.TRANSLATE(P20,,"zh-Hans"),"")) | AI20: =IF(P20="","",IFERROR(_xlfn.TRANSLATE(P20,,"vi"),""))
... R304: =IF(K304="","",K304-TODAY()) | S304: =IF(A304="","",IF(OR(M304='02_マスタ'!$E$10,M304='02_マスタ'!$E$12),"",IF(L304="High","High",IF(AND(K304<>"",K304<TODAY()),INDEX(_ゴミ箱_Backup!$B$117:$D$247,MATCH("ALERT_OVERDUE",_ゴミ箱_Backup!$A$117:$A$247,0),MATCH(言語切替!$B$3,_ゴミ箱_Backup!$B$1:$D$1,0)),IF(AND(K304<>"",K304-TODAY()<=7),INDEX(_ゴミ箱_Backup!$B$117:$D$247,MATCH("ALERT_APPROACHING",_ゴミ箱_Backup!$A$117:$A$247,0),MATCH(言語切替!$B$3,_ゴミ箱_Backup!$B$1:$D$1,0)),IF(OR(M304='02_マスタ'!$E$7,M304='02_マスタ'!$E$8),INDEX(_ゴミ箱_Backup!$B$117:$D$247,MATCH("ALERT_CHECK",_ゴミ箱_Backup!$A$117:$A$247,0),MATCH(言語切替!$B$3,_ゴミ箱_Backup!$B$1:$D$1,0)),"")))))) | U304: =IF(E304="","",IFERROR(_xlfn.TRANSLATE(E304,,"ja"),"")) | V304: =IF(E304="","",IFERROR(_xlfn.TRANSLATE(E304,,"zh-Hans"),"")) | W304: =IF(E304="","",IFERROR(_xlfn.TRANSLATE(E304,,"vi"),"")) | X304: =IF(F304="","",IFERROR(_xlfn.TRANSLATE(F304,,"ja"),"")) | Y304: =IF(F304="","",IFERROR(_xlfn.TRANSLATE(F304,,"zh-Hans"),"")) | Z304: =IF(F304="","",IFERROR(_xlfn.TRANSLATE(F304,,"vi"),"")) | AA304: =IF(G304="","",IFERROR(_xlfn.TRANSLATE(G304,,"ja"),"")) | AB304: =IF(G304="","",IFERROR(_xlfn.TRANSLATE(G304,,"zh-Hans"),"")) | AC304: =IF(G304="","",IFERROR(_xlfn.TRANSLATE(G304,,"vi"),"")) | AD304: =IF(O304="","",IFERROR(_xlfn.TRANSLATE(O304,,"ja"),"")) | AE304: =IF(O304="","",IFERROR(_xlfn.TRANSLATE(O304,,"zh-Hans"),"")) | AF304: =IF(O304="","",IFERROR(_xlfn.TRANSLATE(O304,,"vi"),"")) | AG304: =IF(P304="","",IFERROR(_xlfn.TRANSLATE(P304,,"ja"),"")) | AH304: =IF(P304="","",IFERROR(_xlfn.TRANSLATE(P304,,"zh-Hans"),"")) | AI304: =IF(P304="","",IFERROR(_xlfn.TRANSLATE(P304,,"vi"),""))

Sheet 05_決定事項
A1: =INDEX(_ゴミ箱_Backup!$B$117:$D$247,MATCH("DEC_TITLE",_ゴミ箱_Backup!$A$117:$A$247,0),MATCH(言語切替!$B$3,_ゴミ箱_Backup!$B$1:$D$1,0)) -> #N/A
A2: =INDEX(_ゴミ箱_Backup!$B$117:$D$247,MATCH("DEC_DESC",_ゴミ箱_Backup!$A$117:$A$247,0),MATCH(言語切替!$B$3,_ゴミ箱_Backup!$B$1:$D$1,0)) -> #N/A
A3: =INDEX([1]_翻訳マスタ!$B$2:$D$300,MATCH("PARA_HOWTO",[1]_翻訳マスタ!$A$2:$A$300,0),MATCH(言語切替!$B$3,[1]_翻訳マスタ!$B$1:$D$1,0)) -> #N/A
A4: =INDEX(_ゴミ箱_Backup!$B$117:$D$247,MATCH("DEC_COL_ID",_ゴミ箱_Backup!$A$117:$A$247,0),MATCH(言語切替!$B$3,_ゴミ箱_Backup!$B$1:$D$1,0)) -> #N/A | B4: =INDEX(_ゴミ箱_Backup!$B$117:$D$247,MATCH("DEC_COL_DATE",_ゴミ箱_Backup!$A$117:$A$247,0),MATCH(言語切替!$B$3,_ゴミ箱_Backup!$B$1:$D$1,0)) -> #N/A | C4: =INDEX(_ゴミ箱_Backup!$B$117:$D$247,MATCH("DEC_COL_FORUM",_ゴミ箱_Backup!$A$117:$A$247,0),MATCH(言語切替!$B$3,_ゴミ箱_Backup!$B$1:$D$1,0)) -> #N/A | D4: =INDEX(_ゴミ箱_Backup!$B$117:$D$247,MATCH("DEC_COL_TITLE",_ゴミ箱_Backup!$A$117:$A$247,0),MATCH(言語切替!$B$3,_ゴミ箱_Backup!$B$1:$D$1,0)) -> #N/A | E4: =INDEX(_ゴミ箱_Backup!$B$117:$D$247,MATCH("DEC_COL_CONTENT",_ゴミ箱_Backup!$A$117:$A$247,0),MATCH(言語切替!$B$3,_ゴミ箱_Backup!$B$1:$D$1,0)) -> #N/A | F4: =INDEX(_ゴミ箱_Backup!$B$117:$D$247,MATCH("DEC_COL_REASON",_ゴミ箱_Backup!$A$117:$A$247,0),MATCH(言語切替!$B$3,_ゴミ箱_Backup!$B$1:$D$1,0)) -> #N/A | G4: =INDEX(_ゴミ箱_Backup!$B$117:$D$247,MATCH("DEC_COL_DECIDER",_ゴミ箱_Backup!$A$117:$A$247,0),MATCH(言語切替!$B$3,_ゴミ箱_Backup!$B$1:$D$1,0)) -> #N/A | H4: =INDEX(_ゴミ箱_Backup!$B$117:$D$247,MATCH("DEC_COL_WG",_ゴミ箱_Backup!$A$117:$A$247,0),MATCH(言語切替!$B$3,_ゴミ箱_Backup!$B$1:$D$1,0)) -> #N/A | I4: =INDEX(_ゴミ箱_Backup!$B$117:$D$247,MATCH("DEC_COL_SITE",_ゴミ箱_Backup!$A$117:$A$247,0),MATCH(言語切替!$B$3,_ゴミ箱_Backup!$B$1:$D$1,0)) -> #N/A | J4: =INDEX(_ゴミ箱_Backup!$B$117:$D$247,MATCH("DEC_COL_SCOPE",_ゴミ箱_Backup!$A$117:$A$247,0),MATCH(言語切替!$B$3,_ゴミ箱_Backup!$B$1:$D$1,0)) -> #N/A | K4: =INDEX(_ゴミ箱_Backup!$B$117:$D$247,MATCH("DEC_COL_LEAD",_ゴミ箱_Backup!$A$117:$A$247,0),MATCH(言語切替!$B$3,_ゴミ箱_Backup!$B$1:$D$1,0)) -> #N/A | L4: =INDEX(_ゴミ箱_Backup!$B$117:$D$247,MATCH("DEC_COL_DUE",_ゴミ箱_Backup!$A$117:$A$247,0),MATCH(言語切替!$B$3,_ゴミ箱_Backup!$B$1:$D$1,0)) -> #N/A | M4: =INDEX(_ゴミ箱_Backup!$B$117:$D$247,MATCH("DEC_COL_ISSUE_ID",_ゴミ箱_Backup!$A$117:$A$247,0),MATCH(言語切替!$B$3,_ゴミ箱_Backup!$B$1:$D$1,0)) -> #N/A | N4: =INDEX(_ゴミ箱_Backup!$B$117:$D$247,MATCH("DEC_COL_LINK",_ゴミ箱_Backup!$A$117:$A$247,0),MATCH(言語切替!$B$3,_ゴミ箱_Backup!$B$1:$D$1,0)) -> #N/A | O4: =INDEX(_ゴミ箱_Backup!$B$117:$D$247,MATCH("DEC_COL_NOTE",_ゴミ箱_Backup!$A$117:$A$247,0),MATCH(言語切替!$B$3,_ゴミ箱_Backup!$B$1:$D$1,0)) -> #N/A | P4: =INDEX(_ゴミ箱_Backup!$B$2:$D$300,MATCH("DEC_COL_TITLE",_ゴミ箱_Backup!$A$2:$A$300,0),MATCH(言語切替!$B$3,_ゴミ箱_Backup!$B$1:$D$1,0))&INDEX(_ゴミ箱_Backup!$B$2:$D$300,MATCH("NEW_JP_SUFFIX",_ゴミ箱_Backup!$A$2:$A$300,0),MATCH(言語切替!$B$3,_ゴミ箱_Backup!$B$1:$D$1,0)) -> #N/A | Q4: =INDEX(_ゴミ箱_Backup!$B$2:$D$300,MATCH("DEC_COL_TITLE",_ゴミ箱_Backup!$A$2:$A$300,0),MATCH(言語切替!$B$3,_ゴミ箱_Backup!$B$1:$D$1,0))&INDEX(_ゴミ箱_Backup!$B$2:$D$300,MATCH("NEW_CN_SUFFIX",_ゴミ箱_Backup!$A$2:$A$300,0),MATCH(言語切替!$B$3,_ゴミ箱_Backup!$B$1:$D$1,0)) -> #N/A | R4: =INDEX(_ゴミ箱_Backup!$B$2:$D$300,MATCH("DEC_COL_TITLE",_ゴミ箱_Backup!$A$2:$A$300,0),MATCH(言語切替!$B$3,_ゴミ箱_Backup!$B$1:$D$1,0))&INDEX(_ゴミ箱_Backup!$B$2:$D$300,MATCH("NEW_VI_SUFFIX",_ゴミ箱_Backup!$A$2:$A$300,0),MATCH(言語切替!$B$3,_ゴミ箱_Backup!$B$1:$D$1,0)) -> #N/A | S4: =INDEX(_ゴミ箱_Backup!$B$2:$D$300,MATCH("DEC_COL_CONTENT",_ゴミ箱_Backup!$A$2:$A$300,0),MATCH(言語切替!$B$3,_ゴミ箱_Backup!$B$1:$D$1,0))&INDEX(_ゴミ箱_Backup!$B$2:$D$300,MATCH("NEW_JP_SUFFIX",_ゴミ箱_Backup!$A$2:$A$300,0),MATCH(言語切替!$B$3,_ゴミ箱_Backup!$B$1:$D$1,0)) -> #N/A | T4: =INDEX(_ゴミ箱_Backup!$B$2:$D$300,MATCH("DEC_COL_CONTENT",_ゴミ箱_Backup!$A$2:$A$300,0),MATCH(言語切替!$B$3,_ゴミ箱_Backup!$B$1:$D$1,0))&INDEX(_ゴミ箱_Backup!$B$2:$D$300,MATCH("NEW_CN_SUFFIX",_ゴミ箱_Backup!$A$2:$A$300,0),MATCH(言語切替!$B$3,_ゴミ箱_Backup!$B$1:$D$1,0)) -> #N/A | U4: =INDEX(_ゴミ箱_Backup!$B$2:$D$300,MATCH("DEC_COL_CONTENT",_ゴミ箱_Backup!$A$2:$A$300,0),MATCH(言語切替!$B$3,_ゴミ箱_Backup!$B$1:$D$1,0))&INDEX(_ゴミ箱_Backup!$B$2:$D$300,MATCH("NEW_VI_SUFFIX",_ゴミ箱_Backup!$A$2:$A$300,0),MATCH(言語切替!$B$3,_ゴミ箱_Backup!$B$1:$D$1,0)) -> #N/A | V4: =INDEX(_ゴミ箱_Backup!$B$2:$D$300,MATCH("DEC_COL_REASON",_ゴミ箱_Backup!$A$2:$A$300,0),MATCH(言語切替!$B$3,_ゴミ箱_Backup!$B$1:$D$1,0))&INDEX(_ゴミ箱_Backup!$B$2:$D$300,MATCH("NEW_JP_SUFFIX",_ゴミ箱_Backup!$A$2:$A$300,0),MATCH(言語切替!$B$3,_ゴミ箱_Backup!$B$1:$D$1,0)) -> #N/A | W4: =INDEX(_ゴミ箱_Backup!$B$2:$D$300,MATCH("DEC_COL_REASON",_ゴミ箱_Backup!$A$2:$A$300,0),MATCH(言語切替!$B$3,_ゴミ箱_Backup!$B$1:$D$1,0))&INDEX(_ゴミ箱_Backup!$B$2:$D$300,MATCH("NEW_CN_SUFFIX",_ゴミ箱_Backup!$A$2:$A$300,0),MATCH(言語切替!$B$3,_ゴミ箱_Backup!$B$1:$D$1,0)) -> #N/A | X4: =INDEX(_ゴミ箱_Backup!$B$2:$D$300,MATCH("DEC_COL_REASON",_ゴミ箱_Backup!$A$2:$A$300,0),MATCH(言語切替!$B$3,_ゴミ箱_Backup!$B$1:$D$1,0))&INDEX(_ゴミ箱_Backup!$B$2:$D$300,MATCH("NEW_VI_SUFFIX",_ゴミ箱_Backup!$A$2:$A$300,0),MATCH(言語切替!$B$3,_ゴミ箱_Backup!$B$1:$D$1,0)) -> #N/A | Y4: =INDEX(_ゴミ箱_Backup!$B$2:$D$300,MATCH("DEC_COL_SCOPE",_ゴミ箱_Backup!$A$2:$A$300,0),MATCH(言語切替!$B$3,_ゴミ箱_Backup!$B$1:$D$1,0))&INDEX(_ゴミ箱_Backup!$B$2:$D$300,MATCH("NEW_JP_SUFFIX",_ゴミ箱_Backup!$A$2:$A$300,0),MATCH(言語切替!$B$3,_ゴミ箱_Backup!$B$1:$D$1,0)) -> #N/A | Z4: =INDEX(_ゴミ箱_Backup!$B$2:$D$300,MATCH("DEC_COL_SCOPE",_ゴミ箱_Backup!$A$2:$A$300,0),MATCH(言語切替!$B$3,_ゴミ箱_Backup!$B$1:$D$1,0))&INDEX(_ゴミ箱_Backup!$B$2:$D$300,MATCH("NEW_CN_SUFFIX",_ゴミ箱_Backup!$A$2:$A$300,0),MATCH(言語切替!$B$3,_ゴミ箱_Backup!$B$1:$D$1,0)) -> #N/A | AA4: =INDEX(_ゴミ箱_Backup!$B$2:$D$300,MATCH("DEC_COL_SCOPE",_ゴミ箱_Backup!$A$2:$A$300,0),MATCH(言語切替!$B$3,_ゴミ箱_Backup!$B$1:$D$1,0))&INDEX(_ゴミ箱_Backup!$B$2:$D$300,MATCH("NEW_VI_SUFFIX",_ゴミ箱_Backup!$A$2:$A$300,0),MATCH(言語切替!$B$3,_ゴミ箱_Backup!$B$1:$D$1,0)) -> #N/A | AB4: =INDEX(_ゴミ箱_Backup!$B$2:$D$300,MATCH("DEC_COL_NOTE",_ゴミ箱_Backup!$A$2:$A$300,0),MATCH(言語切替!$B$3,_ゴミ箱_Backup!$B$1:$D$1,0))&INDEX(_ゴミ箱_Backup!$B$2:$D$300,MATCH("NEW_JP_SUFFIX",_ゴミ箱_Backup!$A$2:$A$300,0),MATCH(言語切替!$B$3,_ゴミ箱_Backup!$B$1:$D$1,0)) -> #N/A | AC4: =INDEX(_ゴミ箱_Backup!$B$2:$D$300,MATCH("DEC_COL_NOTE",_ゴミ箱_Backup!$A$2:$A$300,0),MATCH(言語切替!$B$3,_ゴミ箱_Backup!$B$1:$D$1,0))&INDEX(_ゴミ箱_Backup!$B$2:$D$300,MATCH("NEW_CN_SUFFIX",_ゴミ箱_Backup!$A$2:$A$300,0),MATCH(言語切替!$B$3,_ゴミ箱_Backup!$B$1:$D$1,0)) -> #N/A | AD4: =INDEX(_ゴミ箱_Backup!$B$2:$D$300,MATCH("DEC_COL_NOTE",_ゴミ箱_Backup!$A$2:$A$300,0),MATCH(言語切替!$B$3,_ゴミ箱_Backup!$B$1:$D$1,0))&INDEX(_ゴミ箱_Backup!$B$2:$D$300,MATCH("NEW_VI_SUFFIX",_ゴミ箱_Backup!$A$2:$A$300,0),MATCH(言語切替!$B$3,_ゴミ箱_Backup!$B$1:$D$1,0)) -> #N/A
A5: DC-001 | B5: 46288 | C5: =INDEX(_ゴミ箱_Backup!$B$117:$D$247,MATCH("DEC_EX1_FORUM",_ゴミ箱_Backup!$A$117:$A$247,0),MATCH(言語切替!$B$3,_ゴミ箱_Backup!$B$1:$D$1,0)) -> #N/A | D5: =INDEX(_ゴミ箱_Backup!$B$117:$D$247,MATCH("DEC_EX1_TITLE",_ゴミ箱_Backup!$A$117:$A$247,0),MATCH(言語切替!$B$3,_ゴミ箱_Backup!$B$1:$D$1,0)) -> #N/A | E5: =INDEX(_ゴミ箱_Backup!$B$117:$D$247,MATCH("DEC_EX1_CONTENT",_ゴミ箱_Backup!$A$117:$A$247,0),MATCH(言語切替!$B$3,_ゴミ箱_Backup!$B$1:$D$1,0)) -> #N/A | F5: =INDEX(_ゴミ箱_Backup!$B$117:$D$247,MATCH("DEC_EX1_REASON",_ゴミ箱_Backup!$A$117:$A$247,0),MATCH(言語切替!$B$3,_ゴミ箱_Backup!$B$1:$D$1,0)) -> #N/A | G5: =INDEX(_ゴミ箱_Backup!$B$117:$D$247,MATCH("ROLE_SUBLEADER",_ゴミ箱_Backup!$A$117:$A$247,0),MATCH(言語切替!$B$3,_ゴミ箱_Backup!$B$1:$D$1,0)) -> #N/A | H5: ='02_マスタ'!$A$5 -> #N/A | I5: ='02_マスタ'!$C$5 -> #N/A | J5: =INDEX(_ゴミ箱_Backup!$B$117:$D$247,MATCH("COMMON_ALL_WG",_ゴミ箱_Backup!$A$117:$A$247,0),MATCH(言語切替!$B$3,_ゴミ箱_Backup!$B$1:$D$1,0)) -> #N/A | K5: =INDEX(_ゴミ箱_Backup!$B$117:$D$247,MATCH("ROLE_PMO",_ゴミ箱_Backup!$A$117:$A$247,0),MATCH(言語切替!$B$3,_ゴミ箱_Backup!$B$1:$D$1,0)) -> #N/A | L5: 46295 | M5: IT-001 | O5: =INDEX(_ゴミ箱_Backup!$B$117:$D$247,MATCH("COMMON_EXAMPLE",_ゴミ箱_Backup!$A$117:$A$247,0),MATCH(言語切替!$B$3,_ゴミ箱_Backup!$B$1:$D$1,0)) -> #N/A | P5: =IF(D5="","",IFERROR(_xlfn.TRANSLATE(D5,,"ja"),"")) -> #N/A | Q5: =IF(D5="","",IFERROR(_xlfn.TRANSLATE(D5,,"zh-Hans"),"")) -> #N/A | R5: =IF(D5="","",IFERROR(_xlfn.TRANSLATE(D5,,"vi"),"")) -> #N/A | S5: =IF(E5="","",IFERROR(_xlfn.TRANSLATE(E5,,"ja"),"")) -> #N/A | T5: =IF(E5="","",IFERROR(_xlfn.TRANSLATE(E5,,"zh-Hans"),"")) -> #N/A | U5: =IF(E5="","",IFERROR(_xlfn.TRANSLATE(E5,,"vi"),"")) -> #N/A | V5: =IF(F5="","",IFERROR(_xlfn.TRANSLATE(F5,,"ja"),"")) -> #N/A | W5: =IF(F5="","",IFERROR(_xlfn.TRANSLATE(F5,,"zh-Hans"),"")) -> #N/A | X5: =IF(F5="","",IFERROR(_xlfn.TRANSLATE(F5,,"vi"),"")) -> #N/A | Y5: =IF(J5="","",IFERROR(_xlfn.TRANSLATE(J5,,"ja"),"")) -> #N/A | Z5: =IF(J5="","",IFERROR(_xlfn.TRANSLATE(J5,,"zh-Hans"),"")) -> #N/A | AA5: =IF(J5="","",IFERROR(_xlfn.TRANSLATE(J5,,"vi"),"")) -> #N/A | AB5: =IF(O5="","",IFERROR(_xlfn.TRANSLATE(O5,,"ja"),"")) -> #N/A | AC5: =IF(O5="","",IFERROR(_xlfn.TRANSLATE(O5,,"zh-Hans"),"")) -> #N/A | AD5: =IF(O5="","",IFERROR(_xlfn.TRANSLATE(O5,,"vi"),"")) -> #N/A
P6: =IF(D6="","",IFERROR(_xlfn.TRANSLATE(D6,,"ja"),"")) | Q6: =IF(D6="","",IFERROR(_xlfn.TRANSLATE(D6,,"zh-Hans"),"")) | R6: =IF(D6="","",IFERROR(_xlfn.TRANSLATE(D6,,"vi"),"")) | S6: =IF(E6="","",IFERROR(_xlfn.TRANSLATE(E6,,"ja"),"")) | T6: =IF(E6="","",IFERROR(_xlfn.TRANSLATE(E6,,"zh-Hans"),"")) | U6: =IF(E6="","",IFERROR(_xlfn.TRANSLATE(E6,,"vi"),"")) | V6: =IF(F6="","",IFERROR(_xlfn.TRANSLATE(F6,,"ja"),"")) | W6: =IF(F6="","",IFERROR(_xlfn.TRANSLATE(F6,,"zh-Hans"),"")) | X6: =IF(F6="","",IFERROR(_xlfn.TRANSLATE(F6,,"vi"),"")) | Y6: =IF(J6="","",IFERROR(_xlfn.TRANSLATE(J6,,"ja"),"")) | Z6: =IF(J6="","",IFERROR(_xlfn.TRANSLATE(J6,,"zh-Hans"),"")) | AA6: =IF(J6="","",IFERROR(_xlfn.TRANSLATE(J6,,"vi"),"")) | AB6: =IF(O6="","",IFERROR(_xlfn.TRANSLATE(O6,,"ja"),"")) | AC6: =IF(O6="","",IFERROR(_xlfn.TRANSLATE(O6,,"zh-Hans"),"")) | AD6: =IF(O6="","",IFERROR(_xlfn.TRANSLATE(O6,,"vi"),""))
P7: =IF(D7="","",IFERROR(_xlfn.TRANSLATE(D7,,"ja"),"")) | Q7: =IF(D7="","",IFERROR(_xlfn.TRANSLATE(D7,,"zh-Hans"),"")) | R7: =IF(D7="","",IFERROR(_xlfn.TRANSLATE(D7,,"vi"),"")) | S7: =IF(E7="","",IFERROR(_xlfn.TRANSLATE(E7,,"ja"),"")) | T7: =IF(E7="","",IFERROR(_xlfn.TRANSLATE(E7,,"zh-Hans"),"")) | U7: =IF(E7="","",IFERROR(_xlfn.TRANSLATE(E7,,"vi"),"")) | V7: =IF(F7="","",IFERROR(_xlfn.TRANSLATE(F7,,"ja"),"")) | W7: =IF(F7="","",IFERROR(_xlfn.TRANSLATE(F7,,"zh-Hans"),"")) | X7: =IF(F7="","",IFERROR(_xlfn.TRANSLATE(F7,,"vi"),"")) | Y7: =IF(J7="","",IFERROR(_xlfn.TRANSLATE(J7,,"ja"),"")) | Z7: =IF(J7="","",IFERROR(_xlfn.TRANSLATE(J7,,"zh-Hans"),"")) | AA7: =IF(J7="","",IFERROR(_xlfn.TRANSLATE(J7,,"vi"),"")) | AB7: =IF(O7="","",IFERROR(_xlfn.TRANSLATE(O7,,"ja"),"")) | AC7: =IF(O7="","",IFERROR(_xlfn.TRANSLATE(O7,,"zh-Hans"),"")) | AD7: =IF(O7="","",IFERROR(_xlfn.TRANSLATE(O7,,"vi"),""))
P8: =IF(D8="","",IFERROR(_xlfn.TRANSLATE(D8,,"ja"),"")) | Q8: =IF(D8="","",IFERROR(_xlfn.TRANSLATE(D8,,"zh-Hans"),"")) | R8: =IF(D8="","",IFERROR(_xlfn.TRANSLATE(D8,,"vi"),"")) | S8: =IF(E8="","",IFERROR(_xlfn.TRANSLATE(E8,,"ja"),"")) | T8: =IF(E8="","",IFERROR(_xlfn.TRANSLATE(E8,,"zh-Hans"),"")) | U8: =IF(E8="","",IFERROR(_xlfn.TRANSLATE(E8,,"vi"),"")) | V8: =IF(F8="","",IFERROR(_xlfn.TRANSLATE(F8,,"ja"),"")) | W8: =IF(F8="","",IFERROR(_xlfn.TRANSLATE(F8,,"zh-Hans"),"")) | X8: =IF(F8="","",IFERROR(_xlfn.TRANSLATE(F8,,"vi"),"")) | Y8: =IF(J8="","",IFERROR(_xlfn.TRANSLATE(J8,,"ja"),"")) | Z8: =IF(J8="","",IFERROR(_xlfn.TRANSLATE(J8,,"zh-Hans"),"")) | AA8: =IF(J8="","",IFERROR(_xlfn.TRANSLATE(J8,,"vi"),"")) | AB8: =IF(O8="","",IFERROR(_xlfn.TRANSLATE(O8,,"ja"),"")) | AC8: =IF(O8="","",IFERROR(_xlfn.TRANSLATE(O8,,"zh-Hans"),"")) | AD8: =IF(O8="","",IFERROR(_xlfn.TRANSLATE(O8,,"vi"),""))
P9: =IF(D9="","",IFERROR(_xlfn.TRANSLATE(D9,,"ja"),"")) | Q9: =IF(D9="","",IFERROR(_xlfn.TRANSLATE(D9,,"zh-Hans"),"")) | R9: =IF(D9="","",IFERROR(_xlfn.TRANSLATE(D9,,"vi"),"")) | S9: =IF(E9="","",IFERROR(_xlfn.TRANSLATE(E9,,"ja"),"")) | T9: =IF(E9="","",IFERROR(_xlfn.TRANSLATE(E9,,"zh-Hans"),"")) | U9: =IF(E9="","",IFERROR(_xlfn.TRANSLATE(E9,,"vi"),"")) | V9: =IF(F9="","",IFERROR(_xlfn.TRANSLATE(F9,,"ja"),"")) | W9: =IF(F9="","",IFERROR(_xlfn.TRANSLATE(F9,,"zh-Hans"),"")) | X9: =IF(F9="","",IFERROR(_xlfn.TRANSLATE(F9,,"vi"),"")) | Y9: =IF(J9="","",IFERROR(_xlfn.TRANSLATE(J9,,"ja"),"")) | Z9: =IF(J9="","",IFERROR(_xlfn.TRANSLATE(J9,,"zh-Hans"),"")) | AA9: =IF(J9="","",IFERROR(_xlfn.TRANSLATE(J9,,"vi"),"")) | AB9: =IF(O9="","",IFERROR(_xlfn.TRANSLATE(O9,,"ja"),"")) | AC9: =IF(O9="","",IFERROR(_xlfn.TRANSLATE(O9,,"zh-Hans"),"")) | AD9: =IF(O9="","",IFERROR(_xlfn.TRANSLATE(O9,,"vi"),""))
P10: =IF(D10="","",IFERROR(_xlfn.TRANSLATE(D10,,"ja"),"")) | Q10: =IF(D10="","",IFERROR(_xlfn.TRANSLATE(D10,,"zh-Hans"),"")) | R10: =IF(D10="","",IFERROR(_xlfn.TRANSLATE(D10,,"vi"),"")) | S10: =IF(E10="","",IFERROR(_xlfn.TRANSLATE(E10,,"ja"),"")) | T10: =IF(E10="","",IFERROR(_xlfn.TRANSLATE(E10,,"zh-Hans"),"")) | U10: =IF(E10="","",IFERROR(_xlfn.TRANSLATE(E10,,"vi"),"")) | V10: =IF(F10="","",IFERROR(_xlfn.TRANSLATE(F10,,"ja"),"")) | W10: =IF(F10="","",IFERROR(_xlfn.TRANSLATE(F10,,"zh-Hans"),"")) | X10: =IF(F10="","",IFERROR(_xlfn.TRANSLATE(F10,,"vi"),"")) | Y10: =IF(J10="","",IFERROR(_xlfn.TRANSLATE(J10,,"ja"),"")) | Z10: =IF(J10="","",IFERROR(_xlfn.TRANSLATE(J10,,"zh-Hans"),"")) | AA10: =IF(J10="","",IFERROR(_xlfn.TRANSLATE(J10,,"vi"),"")) | AB10: =IF(O10="","",IFERROR(_xlfn.TRANSLATE(O10,,"ja"),"")) | AC10: =IF(O10="","",IFERROR(_xlfn.TRANSLATE(O10,,"zh-Hans"),"")) | AD10: =IF(O10="","",IFERROR(_xlfn.TRANSLATE(O10,,"vi"),""))
P11: =IF(D11="","",IFERROR(_xlfn.TRANSLATE(D11,,"ja"),"")) | Q11: =IF(D11="","",IFERROR(_xlfn.TRANSLATE(D11,,"zh-Hans"),"")) | R11: =IF(D11="","",IFERROR(_xlfn.TRANSLATE(D11,,"vi"),"")) | S11: =IF(E11="","",IFERROR(_xlfn.TRANSLATE(E11,,"ja"),"")) | T11: =IF(E11="","",IFERROR(_xlfn.TRANSLATE(E11,,"zh-Hans"),"")) | U11: =IF(E11="","",IFERROR(_xlfn.TRANSLATE(E11,,"vi"),"")) | V11: =IF(F11="","",IFERROR(_xlfn.TRANSLATE(F11,,"ja"),"")) | W11: =IF(F11="","",IFERROR(_xlfn.TRANSLATE(F11,,"zh-Hans"),"")) | X11: =IF(F11="","",IFERROR(_xlfn.TRANSLATE(F11,,"vi"),"")) | Y11: =IF(J11="","",IFERROR(_xlfn.TRANSLATE(J11,,"ja"),"")) | Z11: =IF(J11="","",IFERROR(_xlfn.TRANSLATE(J11,,"zh-Hans"),"")) | AA11: =IF(J11="","",IFERROR(_xlfn.TRANSLATE(J11,,"vi"),"")) | AB11: =IF(O11="","",IFERROR(_xlfn.TRANSLATE(O11,,"ja"),"")) | AC11: =IF(O11="","",IFERROR(_xlfn.TRANSLATE(O11,,"zh-Hans"),"")) | AD11: =IF(O11="","",IFERROR(_xlfn.TRANSLATE(O11,,"vi"),""))
P12: =IF(D12="","",IFERROR(_xlfn.TRANSLATE(D12,,"ja"),"")) | Q12: =IF(D12="","",IFERROR(_xlfn.TRANSLATE(D12,,"zh-Hans"),"")) | R12: =IF(D12="","",IFERROR(_xlfn.TRANSLATE(D12,,"vi"),"")) | S12: =IF(E12="","",IFERROR(_xlfn.TRANSLATE(E12,,"ja"),"")) | T12: =IF(E12="","",IFERROR(_xlfn.TRANSLATE(E12,,"zh-Hans"),"")) | U12: =IF(E12="","",IFERROR(_xlfn.TRANSLATE(E12,,"vi"),"")) | V12: =IF(F12="","",IFERROR(_xlfn.TRANSLATE(F12,,"ja"),"")) | W12: =IF(F12="","",IFERROR(_xlfn.TRANSLATE(F12,,"zh-Hans"),"")) | X12: =IF(F12="","",IFERROR(_xlfn.TRANSLATE(F12,,"vi"),"")) | Y12: =IF(J12="","",IFERROR(_xlfn.TRANSLATE(J12,,"ja"),"")) | Z12: =IF(J12="","",IFERROR(_xlfn.TRANSLATE(J12,,"zh-Hans"),"")) | AA12: =IF(J12="","",IFERROR(_xlfn.TRANSLATE(J12,,"vi"),"")) | AB12: =IF(O12="","",IFERROR(_xlfn.TRANSLATE(O12,,"ja"),"")) | AC12: =IF(O12="","",IFERROR(_xlfn.TRANSLATE(O12,,"zh-Hans"),"")) | AD12: =IF(O12="","",IFERROR(_xlfn.TRANSLATE(O12,,"vi"),""))
P13: =IF(D13="","",IFERROR(_xlfn.TRANSLATE(D13,,"ja"),"")) | Q13: =IF(D13="","",IFERROR(_xlfn.TRANSLATE(D13,,"zh-Hans"),"")) | R13: =IF(D13="","",IFERROR(_xlfn.TRANSLATE(D13,,"vi"),"")) | S13: =IF(E13="","",IFERROR(_xlfn.TRANSLATE(E13,,"ja"),"")) | T13: =IF(E13="","",IFERROR(_xlfn.TRANSLATE(E13,,"zh-Hans"),"")) | U13: =IF(E13="","",IFERROR(_xlfn.TRANSLATE(E13,,"vi"),"")) | V13: =IF(F13="","",IFERROR(_xlfn.TRANSLATE(F13,,"ja"),"")) | W13: =IF(F13="","",IFERROR(_xlfn.TRANSLATE(F13,,"zh-Hans"),"")) | X13: =IF(F13="","",IFERROR(_xlfn.TRANSLATE(F13,,"vi"),"")) | Y13: =IF(J13="","",IFERROR(_xlfn.TRANSLATE(J13,,"ja"),"")) | Z13: =IF(J13="","",IFERROR(_xlfn.TRANSLATE(J13,,"zh-Hans"),"")) | AA13: =IF(J13="","",IFERROR(_xlfn.TRANSLATE(J13,,"vi"),"")) | AB13: =IF(O13="","",IFERROR(_xlfn.TRANSLATE(O13,,"ja"),"")) | AC13: =IF(O13="","",IFERROR(_xlfn.TRANSLATE(O13,,"zh-Hans"),"")) | AD13: =IF(O13="","",IFERROR(_xlfn.TRANSLATE(O13,,"vi"),""))
P14: =IF(D14="","",IFERROR(_xlfn.TRANSLATE(D14,,"ja"),"")) | Q14: =IF(D14="","",IFERROR(_xlfn.TRANSLATE(D14,,"zh-Hans"),"")) | R14: =IF(D14="","",IFERROR(_xlfn.TRANSLATE(D14,,"vi"),"")) | S14: =IF(E14="","",IFERROR(_xlfn.TRANSLATE(E14,,"ja"),"")) | T14: =IF(E14="","",IFERROR(_xlfn.TRANSLATE(E14,,"zh-Hans"),"")) | U14: =IF(E14="","",IFERROR(_xlfn.TRANSLATE(E14,,"vi"),"")) | V14: =IF(F14="","",IFERROR(_xlfn.TRANSLATE(F14,,"ja"),"")) | W14: =IF(F14="","",IFERROR(_xlfn.TRANSLATE(F14,,"zh-Hans"),"")) | X14: =IF(F14="","",IFERROR(_xlfn.TRANSLATE(F14,,"vi"),"")) | Y14: =IF(J14="","",IFERROR(_xlfn.TRANSLATE(J14,,"ja"),"")) | Z14: =IF(J14="","",IFERROR(_xlfn.TRANSLATE(J14,,"zh-Hans"),"")) | AA14: =IF(J14="","",IFERROR(_xlfn.TRANSLATE(J14,,"vi"),"")) | AB14: =IF(O14="","",IFERROR(_xlfn.TRANSLATE(O14,,"ja"),"")) | AC14: =IF(O14="","",IFERROR(_xlfn.TRANSLATE(O14,,"zh-Hans"),"")) | AD14: =IF(O14="","",IFERROR(_xlfn.TRANSLATE(O14,,"vi"),""))
P15: =IF(D15="","",IFERROR(_xlfn.TRANSLATE(D15,,"ja"),"")) | Q15: =IF(D15="","",IFERROR(_xlfn.TRANSLATE(D15,,"zh-Hans"),"")) | R15: =IF(D15="","",IFERROR(_xlfn.TRANSLATE(D15,,"vi"),"")) | S15: =IF(E15="","",IFERROR(_xlfn.TRANSLATE(E15,,"ja"),"")) | T15: =IF(E15="","",IFERROR(_xlfn.TRANSLATE(E15,,"zh-Hans"),"")) | U15: =IF(E15="","",IFERROR(_xlfn.TRANSLATE(E15,,"vi"),"")) | V15: =IF(F15="","",IFERROR(_xlfn.TRANSLATE(F15,,"ja"),"")) | W15: =IF(F15="","",IFERROR(_xlfn.TRANSLATE(F15,,"zh-Hans"),"")) | X15: =IF(F15="","",IFERROR(_xlfn.TRANSLATE(F15,,"vi"),"")) | Y15: =IF(J15="","",IFERROR(_xlfn.TRANSLATE(J15,,"ja"),"")) | Z15: =IF(J15="","",IFERROR(_xlfn.TRANSLATE(J15,,"zh-Hans"),"")) | AA15: =IF(J15="","",IFERROR(_xlfn.TRANSLATE(J15,,"vi"),"")) | AB15: =IF(O15="","",IFERROR(_xlfn.TRANSLATE(O15,,"ja"),"")) | AC15: =IF(O15="","",IFERROR(_xlfn.TRANSLATE(O15,,"zh-Hans"),"")) | AD15: =IF(O15="","",IFERROR(_xlfn.TRANSLATE(O15,,"vi"),""))
P16: =IF(D16="","",IFERROR(_xlfn.TRANSLATE(D16,,"ja"),"")) | Q16: =IF(D16="","",IFERROR(_xlfn.TRANSLATE(D16,,"zh-Hans"),"")) | R16: =IF(D16="","",IFERROR(_xlfn.TRANSLATE(D16,,"vi"),"")) | S16: =IF(E16="","",IFERROR(_xlfn.TRANSLATE(E16,,"ja"),"")) | T16: =IF(E16="","",IFERROR(_xlfn.TRANSLATE(E16,,"zh-Hans"),"")) | U16: =IF(E16="","",IFERROR(_xlfn.TRANSLATE(E16,,"vi"),"")) | V16: =IF(F16="","",IFERROR(_xlfn.TRANSLATE(F16,,"ja"),"")) | W16: =IF(F16="","",IFERROR(_xlfn.TRANSLATE(F16,,"zh-Hans"),"")) | X16: =IF(F16="","",IFERROR(_xlfn.TRANSLATE(F16,,"vi"),"")) | Y16: =IF(J16="","",IFERROR(_xlfn.TRANSLATE(J16,,"ja"),"")) | Z16: =IF(J16="","",IFERROR(_xlfn.TRANSLATE(J16,,"zh-Hans"),"")) | AA16: =IF(J16="","",IFERROR(_xlfn.TRANSLATE(J16,,"vi"),"")) | AB16: =IF(O16="","",IFERROR(_xlfn.TRANSLATE(O16,,"ja"),"")) | AC16: =IF(O16="","",IFERROR(_xlfn.TRANSLATE(O16,,"zh-Hans"),"")) | AD16: =IF(O16="","",IFERROR(_xlfn.TRANSLATE(O16,,"vi"),""))
P17: =IF(D17="","",IFERROR(_xlfn.TRANSLATE(D17,,"ja"),"")) | Q17: =IF(D17="","",IFERROR(_xlfn.TRANSLATE(D17,,"zh-Hans"),"")) | R17: =IF(D17="","",IFERROR(_xlfn.TRANSLATE(D17,,"vi"),"")) | S17: =IF(E17="","",IFERROR(_xlfn.TRANSLATE(E17,,"ja"),"")) | T17: =IF(E17="","",IFERROR(_xlfn.TRANSLATE(E17,,"zh-Hans"),"")) | U17: =IF(E17="","",IFERROR(_xlfn.TRANSLATE(E17,,"vi"),"")) | V17: =IF(F17="","",IFERROR(_xlfn.TRANSLATE(F17,,"ja"),"")) | W17: =IF(F17="","",IFERROR(_xlfn.TRANSLATE(F17,,"zh-Hans"),"")) | X17: =IF(F17="","",IFERROR(_xlfn.TRANSLATE(F17,,"vi"),"")) | Y17: =IF(J17="","",IFERROR(_xlfn.TRANSLATE(J17,,"ja"),"")) | Z17: =IF(J17="","",IFERROR(_xlfn.TRANSLATE(J17,,"zh-Hans"),"")) | AA17: =IF(J17="","",IFERROR(_xlfn.TRANSLATE(J17,,"vi"),"")) | AB17: =IF(O17="","",IFERROR(_xlfn.TRANSLATE(O17,,"ja"),"")) | AC17: =IF(O17="","",IFERROR(_xlfn.TRANSLATE(O17,,"zh-Hans"),"")) | AD17: =IF(O17="","",IFERROR(_xlfn.TRANSLATE(O17,,"vi"),""))
... P124: =IF(D124="","",IFERROR(_xlfn.TRANSLATE(D124,,"ja"),"")) | Q124: =IF(D124="","",IFERROR(_xlfn.TRANSLATE(D124,,"zh-Hans"),"")) | R124: =IF(D124="","",IFERROR(_xlfn.TRANSLATE(D124,,"vi"),"")) | S124: =IF(E124="","",IFERROR(_xlfn.TRANSLATE(E124,,"ja"),"")) | T124: =IF(E124="","",IFERROR(_xlfn.TRANSLATE(E124,,"zh-Hans"),"")) | U124: =IF(E124="","",IFERROR(_xlfn.TRANSLATE(E124,,"vi"),"")) | V124: =IF(F124="","",IFERROR(_xlfn.TRANSLATE(F124,,"ja"),"")) | W124: =IF(F124="","",IFERROR(_xlfn.TRANSLATE(F124,,"zh-Hans"),"")) | X124: =IF(F124="","",IFERROR(_xlfn.TRANSLATE(F124,,"vi"),"")) | Y124: =IF(J124="","",IFERROR(_xlfn.TRANSLATE(J124,,"ja"),"")) | Z124: =IF(J124="","",IFERROR(_xlfn.TRANSLATE(J124,,"zh-Hans"),"")) | AA124: =IF(J124="","",IFERROR(_xlfn.TRANSLATE(J124,,"vi"),"")) | AB124: =IF(O124="","",IFERROR(_xlfn.TRANSLATE(O124,,"ja"),"")) | AC124: =IF(O124="","",IFERROR(_xlfn.TRANSLATE(O124,,"zh-Hans"),"")) | AD124: =IF(O124="","",IFERROR(_xlfn.TRANSLATE(O124,,"vi"),""))
P125: =IF(D125="","",IFERROR(_xlfn.TRANSLATE(D125,,"ja"),"")) | Q125: =IF(D125="","",IFERROR(_xlfn.TRANSLATE(D125,,"zh-Hans"),"")) | R125: =IF(D125="","",IFERROR(_xlfn.TRANSLATE(D125,,"vi"),"")) | S125: =IF(E125="","",IFERROR(_xlfn.TRANSLATE(E125,,"ja"),"")) | T125: =IF(E125="","",IFERROR(_xlfn.TRANSLATE(E125,,"zh-Hans"),"")) | U125: =IF(E125="","",IFERROR(_xlfn.TRANSLATE(E125,,"vi"),"")) | V125: =IF(F125="","",IFERROR(_xlfn.TRANSLATE(F125,,"ja"),"")) | X125: =IF(F125="","",IFERROR(_xlfn.TRANSLATE(F125,,"vi"),"")) | Y125: =IF(J125="","",IFERROR(_xlfn.TRANSLATE(J125,,"ja"),"")) | Z125: =IF(J125="","",IFERROR(_xlfn.TRANSLATE(J125,,"zh-Hans"),"")) | AA125: =IF(J125="","",IFERROR(_xlfn.TRANSLATE(J125,,"vi"),"")) | AB125: =IF(O125="","",IFERROR(_xlfn.TRANSLATE(O125,,"ja"),"")) | AC125: =IF(O125="","",IFERROR(_xlfn.TRANSLATE(O125,,"zh-Hans"),"")) | AD125: =IF(O125="","",IFERROR(_xlfn.TRANSLATE(O125,,"vi"),""))
P126: =IF(D126="","",IFERROR(_xlfn.TRANSLATE(D126,,"ja"),"")) | Q126: =IF(D126="","",IFERROR(_xlfn.TRANSLATE(D126,,"zh-Hans"),"")) | R126: =IF(D126="","",IFERROR(_xlfn.TRANSLATE(D126,,"vi"),"")) | S126: =IF(E126="","",IFERROR(_xlfn.TRANSLATE(E126,,"ja"),"")) | T126: =IF(E126="","",IFERROR(_xlfn.TRANSLATE(E126,,"zh-Hans"),"")) | U126: =IF(E126="","",IFERROR(_xlfn.TRANSLATE(E126,,"vi"),"")) | V126: =IF(F126="","",IFERROR(_xlfn.TRANSLATE(F126,,"ja"),"")) | X126: =IF(F126="","",IFERROR(_xlfn.TRANSLATE(F126,,"vi"),"")) | Y126: =IF(J126="","",IFERROR(_xlfn.TRANSLATE(J126,,"ja"),"")) | Z126: =IF(J126="","",IFERROR(_xlfn.TRANSLATE(J126,,"zh-Hans"),"")) | AA126: =IF(J126="","",IFERROR(_xlfn.TRANSLATE(J126,,"vi"),"")) | AB126: =IF(O126="","",IFERROR(_xlfn.TRANSLATE(O126,,"ja"),"")) | AC126: =IF(O126="","",IFERROR(_xlfn.TRANSLATE(O126,,"zh-Hans"),"")) | AD126: =IF(O126="","",IFERROR(_xlfn.TRANSLATE(O126,,"vi"),""))
P127: =IF(D127="","",IFERROR(_xlfn.TRANSLATE(D127,,"ja"),"")) | Q127: =IF(D127="","",IFERROR(_xlfn.TRANSLATE(D127,,"zh-Hans"),"")) | R127: =IF(D127="","",IFERROR(_xlfn.TRANSLATE(D127,,"vi"),"")) | S127: =IF(E127="","",IFERROR(_xlfn.TRANSLATE(E127,,"ja"),"")) | T127: =IF(E127="","",IFERROR(_xlfn.TRANSLATE(E127,,"zh-Hans"),"")) | U127: =IF(E127="","",IFERROR(_xlfn.TRANSLATE(E127,,"vi"),"")) | V127: =IF(F127="","",IFERROR(_xlfn.TRANSLATE(F127,,"ja"),"")) | X127: =IF(F127="","",IFERROR(_xlfn.TRANSLATE(F127,,"vi"),"")) | Y127: =IF(J127="","",IFERROR(_xlfn.TRANSLATE(J127,,"ja"),"")) | Z127: =IF(J127="","",IFERROR(_xlfn.TRANSLATE(J127,,"zh-Hans"),"")) | AA127: =IF(J127="","",IFERROR(_xlfn.TRANSLATE(J127,,"vi"),"")) | AB127: =IF(O127="","",IFERROR(_xlfn.TRANSLATE(O127,,"ja"),"")) | AC127: =IF(O127="","",IFERROR(_xlfn.TRANSLATE(O127,,"zh-Hans"),"")) | AD127: =IF(O127="","",IFERROR(_xlfn.TRANSLATE(O127,,"vi"),""))
P128: =IF(D128="","",IFERROR(_xlfn.TRANSLATE(D128,,"ja"),"")) | Q128: =IF(D128="","",IFERROR(_xlfn.TRANSLATE(D128,,"zh-Hans"),"")) | R128: =IF(D128="","",IFERROR(_xlfn.TRANSLATE(D128,,"vi"),"")) | S128: =IF(E128="","",IFERROR(_xlfn.TRANSLATE(E128,,"ja"),"")) | T128: =IF(E128="","",IFERROR(_xlfn.TRANSLATE(E128,,"zh-Hans"),"")) | U128: =IF(E128="","",IFERROR(_xlfn.TRANSLATE(E128,,"vi"),"")) | V128: =IF(F128="","",IFERROR(_xlfn.TRANSLATE(F128,,"ja"),"")) | X128: =IF(F128="","",IFERROR(_xlfn.TRANSLATE(F128,,"vi"),"")) | Y128: =IF(J128="","",IFERROR(_xlfn.TRANSLATE(J128,,"ja"),"")) | Z128: =IF(J128="","",IFERROR(_xlfn.TRANSLATE(J128,,"zh-Hans"),"")) | AA128: =IF(J128="","",IFERROR(_xlfn.TRANSLATE(J128,,"vi"),"")) | AB128: =IF(O128="","",IFERROR(_xlfn.TRANSLATE(O128,,"ja"),"")) | AC128: =IF(O128="","",IFERROR(_xlfn.TRANSLATE(O128,,"zh-Hans"),"")) | AD128: =IF(O128="","",IFERROR(_xlfn.TRANSLATE(O128,,"vi"),""))
P129: =IF(D129="","",IFERROR(_xlfn.TRANSLATE(D129,,"ja"),"")) | Q129: =IF(D129="","",IFERROR(_xlfn.TRANSLATE(D129,,"zh-Hans"),"")) | R129: =IF(D129="","",IFERROR(_xlfn.TRANSLATE(D129,,"vi"),"")) | S129: =IF(E129="","",IFERROR(_xlfn.TRANSLATE(E129,,"ja"),"")) | T129: =IF(E129="","",IFERROR(_xlfn.TRANSLATE(E129,,"zh-Hans"),"")) | U129: =IF(E129="","",IFERROR(_xlfn.TRANSLATE(E129,,"vi"),"")) | V129: =IF(F129="","",IFERROR(_xlfn.TRANSLATE(F129,,"ja"),"")) | X129: =IF(F129="","",IFERROR(_xlfn.TRANSLATE(F129,,"vi"),"")) | Y129: =IF(J129="","",IFERROR(_xlfn.TRANSLATE(J129,,"ja"),"")) | Z129: =IF(J129="","",IFERROR(_xlfn.TRANSLATE(J129,,"zh-Hans"),"")) | AA129: =IF(J129="","",IFERROR(_xlfn.TRANSLATE(J129,,"vi"),"")) | AB129: =IF(O129="","",IFERROR(_xlfn.TRANSLATE(O129,,"ja"),"")) | AC129: =IF(O129="","",IFERROR(_xlfn.TRANSLATE(O129,,"zh-Hans"),"")) | AD129: =IF(O129="","",IFERROR(_xlfn.TRANSLATE(O129,,"vi"),""))
P130: =IF(D130="","",IFERROR(_xlfn.TRANSLATE(D130,,"ja"),"")) | Q130: =IF(D130="","",IFERROR(_xlfn.TRANSLATE(D130,,"zh-Hans"),"")) | R130: =IF(D130="","",IFERROR(_xlfn.TRANSLATE(D130,,"vi"),"")) | S130: =IF(E130="","",IFERROR(_xlfn.TRANSLATE(E130,,"ja"),"")) | T130: =IF(E130="","",IFERROR(_xlfn.TRANSLATE(E130,,"zh-Hans"),"")) | U130: =IF(E130="","",IFERROR(_xlfn.TRANSLATE(E130,,"vi"),"")) | V130: =IF(F130="","",IFERROR(_xlfn.TRANSLATE(F130,,"ja"),"")) | X130: =IF(F130="","",IFERROR(_xlfn.TRANSLATE(F130,,"vi"),"")) | Y130: =IF(J130="","",IFERROR(_xlfn.TRANSLATE(J130,,"ja"),"")) | Z130: =IF(J130="","",IFERROR(_xlfn.TRANSLATE(J130,,"zh-Hans"),"")) | AA130: =IF(J130="","",IFERROR(_xlfn.TRANSLATE(J130,,"vi"),"")) | AB130: =IF(O130="","",IFERROR(_xlfn.TRANSLATE(O130,,"ja"),"")) | AC130: =IF(O130="","",IFERROR(_xlfn.TRANSLATE(O130,,"zh-Hans"),"")) | AD130: =IF(O130="","",IFERROR(_xlfn.TRANSLATE(O130,,"vi"),""))
P131: =IF(D131="","",IFERROR(_xlfn.TRANSLATE(D131,,"ja"),"")) | Q131: =IF(D131="","",IFERROR(_xlfn.TRANSLATE(D131,,"zh-Hans"),"")) | R131: =IF(D131="","",IFERROR(_xlfn.TRANSLATE(D131,,"vi"),"")) | S131: =IF(E131="","",IFERROR(_xlfn.TRANSLATE(E131,,"ja"),"")) | T131: =IF(E131="","",IFERROR(_xlfn.TRANSLATE(E131,,"zh-Hans"),"")) | U131: =IF(E131="","",IFERROR(_xlfn.TRANSLATE(E131,,"vi"),"")) | V131: =IF(F131="","",IFERROR(_xlfn.TRANSLATE(F131,,"ja"),"")) | X131: =IF(F131="","",IFERROR(_xlfn.TRANSLATE(F131,,"vi"),"")) | Y131: =IF(J131="","",IFERROR(_xlfn.TRANSLATE(J131,,"ja"),"")) | Z131: =IF(J131="","",IFERROR(_xlfn.TRANSLATE(J131,,"zh-Hans"),"")) | AA131: =IF(J131="","",IFERROR(_xlfn.TRANSLATE(J131,,"vi"),"")) | AB131: =IF(O131="","",IFERROR(_xlfn.TRANSLATE(O131,,"ja"),"")) | AC131: =IF(O131="","",IFERROR(_xlfn.TRANSLATE(O131,,"zh-Hans"),"")) | AD131: =IF(O131="","",IFERROR(_xlfn.TRANSLATE(O131,,"vi"),""))
P132: =IF(D132="","",IFERROR(_xlfn.TRANSLATE(D132,,"ja"),"")) | Q132: =IF(D132="","",IFERROR(_xlfn.TRANSLATE(D132,,"zh-Hans"),"")) | R132: =IF(D132="","",IFERROR(_xlfn.TRANSLATE(D132,,"vi"),"")) | S132: =IF(E132="","",IFERROR(_xlfn.TRANSLATE(E132,,"ja"),"")) | T132: =IF(E132="","",IFERROR(_xlfn.TRANSLATE(E132,,"zh-Hans"),"")) | U132: =IF(E132="","",IFERROR(_xlfn.TRANSLATE(E132,,"vi"),"")) | V132: =IF(F132="","",IFERROR(_xlfn.TRANSLATE(F132,,"ja"),"")) | X132: =IF(F132="","",IFERROR(_xlfn.TRANSLATE(F132,,"vi"),"")) | Y132: =IF(J132="","",IFERROR(_xlfn.TRANSLATE(J132,,"ja"),"")) | Z132: =IF(J132="","",IFERROR(_xlfn.TRANSLATE(J132,,"zh-Hans"),"")) | AA132: =IF(J132="","",IFERROR(_xlfn.TRANSLATE(J132,,"vi"),"")) | AB132: =IF(O132="","",IFERROR(_xlfn.TRANSLATE(O132,,"ja"),"")) | AC132: =IF(O132="","",IFERROR(_xlfn.TRANSLATE(O132,,"zh-Hans"),"")) | AD132: =IF(O132="","",IFERROR(_xlfn.TRANSLATE(O132,,"vi"),""))
P133: =IF(D133="","",IFERROR(_xlfn.TRANSLATE(D133,,"ja"),"")) | Q133: =IF(D133="","",IFERROR(_xlfn.TRANSLATE(D133,,"zh-Hans"),"")) | R133: =IF(D133="","",IFERROR(_xlfn.TRANSLATE(D133,,"vi"),"")) | S133: =IF(E133="","",IFERROR(_xlfn.TRANSLATE(E133,,"ja"),"")) | T133: =IF(E133="","",IFERROR(_xlfn.TRANSLATE(E133,,"zh-Hans"),"")) | U133: =IF(E133="","",IFERROR(_xlfn.TRANSLATE(E133,,"vi"),"")) | V133: =IF(F133="","",IFERROR(_xlfn.TRANSLATE(F133,,"ja"),"")) | X133: =IF(F133="","",IFERROR(_xlfn.TRANSLATE(F133,,"vi"),"")) | Y133: =IF(J133="","",IFERROR(_xlfn.TRANSLATE(J133,,"ja"),"")) | Z133: =IF(J133="","",IFERROR(_xlfn.TRANSLATE(J133,,"zh-Hans"),"")) | AA133: =IF(J133="","",IFERROR(_xlfn.TRANSLATE(J133,,"vi"),"")) | AB133: =IF(O133="","",IFERROR(_xlfn.TRANSLATE(O133,,"ja"),"")) | AC133: =IF(O133="","",IFERROR(_xlfn.TRANSLATE(O133,,"zh-Hans"),"")) | AD133: =IF(O133="","",IFERROR(_xlfn.TRANSLATE(O133,,"vi"),""))
P134: =IF(D134="","",IFERROR(_xlfn.TRANSLATE(D134,,"ja"),"")) | Q134: =IF(D134="","",IFERROR(_xlfn.TRANSLATE(D134,,"zh-Hans"),"")) | R134: =IF(D134="","",IFERROR(_xlfn.TRANSLATE(D134,,"vi"),"")) | S134: =IF(E134="","",IFERROR(_xlfn.TRANSLATE(E134,,"ja"),"")) | T134: =IF(E134="","",IFERROR(_xlfn.TRANSLATE(E134,,"zh-Hans"),"")) | U134: =IF(E134="","",IFERROR(_xlfn.TRANSLATE(E134,,"vi"),"")) | V134: =IF(F134="","",IFERROR(_xlfn.TRANSLATE(F134,,"ja"),"")) | X134: =IF(F134="","",IFERROR(_xlfn.TRANSLATE(F134,,"vi"),"")) | Y134: =IF(J134="","",IFERROR(_xlfn.TRANSLATE(J134,,"ja"),"")) | Z134: =IF(J134="","",IFERROR(_xlfn.TRANSLATE(J134,,"zh-Hans"),"")) | AA134: =IF(J134="","",IFERROR(_xlfn.TRANSLATE(J134,,"vi"),"")) | AB134: =IF(O134="","",IFERROR(_xlfn.TRANSLATE(O134,,"ja"),"")) | AC134: =IF(O134="","",IFERROR(_xlfn.TRANSLATE(O134,,"zh-Hans"),"")) | AD134: =IF(O134="","",IFERROR(_xlfn.TRANSLATE(O134,,"vi"),""))
P135: =IF(D135="","",IFERROR(_xlfn.TRANSLATE(D135,,"ja"),"")) | Q135: =IF(D135="","",IFERROR(_xlfn.TRANSLATE(D135,,"zh-Hans"),"")) | R135: =IF(D135="","",IFERROR(_xlfn.TRANSLATE(D135,,"vi"),"")) | S135: =IF(E135="","",IFERROR(_xlfn.TRANSLATE(E135,,"ja"),"")) | T135: =IF(E135="","",IFERROR(_xlfn.TRANSLATE(E135,,"zh-Hans"),"")) | U135: =IF(E135="","",IFERROR(_xlfn.TRANSLATE(E135,,"vi"),"")) | V135: =IF(F135="","",IFERROR(_xlfn.TRANSLATE(F135,,"ja"),"")) | X135: =IF(F135="","",IFERROR(_xlfn.TRANSLATE(F135,,"vi"),"")) | Y135: =IF(J135="","",IFERROR(_xlfn.TRANSLATE(J135,,"ja"),"")) | Z135: =IF(J135="","",IFERROR(_xlfn.TRANSLATE(J135,,"zh-Hans"),"")) | AA135: =IF(J135="","",IFERROR(_xlfn.TRANSLATE(J135,,"vi"),"")) | AB135: =IF(O135="","",IFERROR(_xlfn.TRANSLATE(O135,,"ja"),"")) | AC135: =IF(O135="","",IFERROR(_xlfn.TRANSLATE(O135,,"zh-Hans"),"")) | AD135: =IF(O135="","",IFERROR(_xlfn.TRANSLATE(O135,,"vi"),""))
P136: =IF(D136="","",IFERROR(_xlfn.TRANSLATE(D136,,"ja"),"")) | Q136: =IF(D136="","",IFERROR(_xlfn.TRANSLATE(D136,,"zh-Hans"),"")) | R136: =IF(D136="","",IFERROR(_xlfn.TRANSLATE(D136,,"vi"),"")) | S136: =IF(E136="","",IFERROR(_xlfn.TRANSLATE(E136,,"ja"),"")) | T136: =IF(E136="","",IFERROR(_xlfn.TRANSLATE(E136,,"zh-Hans"),"")) | U136: =IF(E136="","",IFERROR(_xlfn.TRANSLATE(E136,,"vi"),"")) | V136: =IF(F136="","",IFERROR(_xlfn.TRANSLATE(F136,,"ja"),"")) | X136: =IF(F136="","",IFERROR(_xlfn.TRANSLATE(F136,,"vi"),"")) | Y136: =IF(J136="","",IFERROR(_xlfn.TRANSLATE(J136,,"ja"),"")) | Z136: =IF(J136="","",IFERROR(_xlfn.TRANSLATE(J136,,"zh-Hans"),"")) | AA136: =IF(J136="","",IFERROR(_xlfn.TRANSLATE(J136,,"vi"),"")) | AB136: =IF(O136="","",IFERROR(_xlfn.TRANSLATE(O136,,"ja"),"")) | AC136: =IF(O136="","",IFERROR(_xlfn.TRANSLATE(O136,,"zh-Hans"),"")) | AD136: =IF(O136="","",IFERROR(_xlfn.TRANSLATE(O136,,"vi"),""))
... P204: =IF(D204="","",IFERROR(_xlfn.TRANSLATE(D204,,"ja"),"")) | Q204: =IF(D204="","",IFERROR(_xlfn.TRANSLATE(D204,,"zh-Hans"),"")) | R204: =IF(D204="","",IFERROR(_xlfn.TRANSLATE(D204,,"vi"),"")) | S204: =IF(E204="","",IFERROR(_xlfn.TRANSLATE(E204,,"ja"),"")) | T204: =IF(E204="","",IFERROR(_xlfn.TRANSLATE(E204,,"zh-Hans"),"")) | U204: =IF(E204="","",IFERROR(_xlfn.TRANSLATE(E204,,"vi"),"")) | V204: =IF(F204="","",IFERROR(_xlfn.TRANSLATE(F204,,"ja"),"")) | X204: =IF(F204="","",IFERROR(_xlfn.TRANSLATE(F204,,"vi"),"")) | Y204: =IF(J204="","",IFERROR(_xlfn.TRANSLATE(J204,,"ja"),"")) | Z204: =IF(J204="","",IFERROR(_xlfn.TRANSLATE(J204,,"zh-Hans"),"")) | AA204: =IF(J204="","",IFERROR(_xlfn.TRANSLATE(J204,,"vi"),"")) | AB204: =IF(O204="","",IFERROR(_xlfn.TRANSLATE(O204,,"ja"),"")) | AC204: =IF(O204="","",IFERROR(_xlfn.TRANSLATE(O204,,"zh-Hans"),"")) | AD204: =IF(O204="","",IFERROR(_xlfn.TRANSLATE(O204,,"vi"),""))

Sheet 06_KPI
A1: =INDEX(_ゴミ箱_Backup!$B$117:$D$247,MATCH("KPI_TITLE",_ゴミ箱_Backup!$A$117:$A$247,0),MATCH(言語切替!$B$3,_ゴミ箱_Backup!$B$1:$D$1,0)) -> #N/A
A2: =INDEX(_ゴミ箱_Backup!$B$117:$D$247,MATCH("KPI_DESC",_ゴミ箱_Backup!$A$117:$A$247,0),MATCH(言語切替!$B$3,_ゴミ箱_Backup!$B$1:$D$1,0)) -> #N/A
A3: =INDEX([1]_翻訳マスタ!$B$2:$D$300,MATCH("PARA_HOWTO",[1]_翻訳マスタ!$A$2:$A$300,0),MATCH(言語切替!$B$3,[1]_翻訳マスタ!$B$1:$D$1,0)) -> #N/A
A4: =INDEX(_ゴミ箱_Backup!$B$117:$D$247,MATCH("KPI_COL_ID",_ゴミ箱_Backup!$A$117:$A$247,0),MATCH(言語切替!$B$3,_ゴミ箱_Backup!$B$1:$D$1,0)) -> #N/A | B4: =INDEX(_ゴミ箱_Backup!$B$117:$D$247,MATCH("KPI_COL_WG",_ゴミ箱_Backup!$A$117:$A$247,0),MATCH(言語切替!$B$3,_ゴミ箱_Backup!$B$1:$D$1,0)) -> #N/A | C4: =INDEX(_ゴミ箱_Backup!$B$117:$D$247,MATCH("KPI_COL_LEVEL",_ゴミ箱_Backup!$A$117:$A$247,0),MATCH(言語切替!$B$3,_ゴミ箱_Backup!$B$1:$D$1,0)) -> #N/A | D4: =INDEX(_ゴミ箱_Backup!$B$117:$D$247,MATCH("KPI_COL_NAME",_ゴミ箱_Backup!$A$117:$A$247,0),MATCH(言語切替!$B$3,_ゴミ箱_Backup!$B$1:$D$1,0)) -> #N/A | E4: =INDEX(_ゴミ箱_Backup!$B$117:$D$247,MATCH("KPI_COL_PURPOSE",_ゴミ箱_Backup!$A$117:$A$247,0),MATCH(言語切替!$B$3,_ゴミ箱_Backup!$B$1:$D$1,0)) -> #N/A | F4: =INDEX(_ゴミ箱_Backup!$B$117:$D$247,MATCH("KPI_COL_FORMULA",_ゴミ箱_Backup!$A$117:$A$247,0),MATCH(言語切替!$B$3,_ゴミ箱_Backup!$B$1:$D$1,0)) -> #N/A | G4: =INDEX(_ゴミ箱_Backup!$B$117:$D$247,MATCH("KPI_COL_UNIT",_ゴミ箱_Backup!$A$117:$A$247,0),MATCH(言語切替!$B$3,_ゴミ箱_Backup!$B$1:$D$1,0)) -> #N/A | H4: =INDEX(_ゴミ箱_Backup!$B$117:$D$247,MATCH("KPI_COL_FREQ",_ゴミ箱_Backup!$A$117:$A$247,0),MATCH(言語切替!$B$3,_ゴミ箱_Backup!$B$1:$D$1,0)) -> #N/A | I4: =INDEX(_ゴミ箱_Backup!$B$117:$D$247,MATCH("KPI_COL_SOURCE",_ゴミ箱_Backup!$A$117:$A$247,0),MATCH(言語切替!$B$3,_ゴミ箱_Backup!$B$1:$D$1,0)) -> #N/A | J4: =INDEX(_ゴミ箱_Backup!$B$117:$D$247,MATCH("KPI_COL_OWNER",_ゴミ箱_Backup!$A$117:$A$247,0),MATCH(言語切替!$B$3,_ゴミ箱_Backup!$B$1:$D$1,0)) -> #N/A | K4: =INDEX(_ゴミ箱_Backup!$B$117:$D$247,MATCH("KPI_COL_BASE",_ゴミ箱_Backup!$A$117:$A$247,0),MATCH(言語切替!$B$3,_ゴミ箱_Backup!$B$1:$D$1,0)) -> #N/A | L4: =INDEX(_ゴミ箱_Backup!$B$117:$D$247,MATCH("KPI_COL_TARGET",_ゴミ箱_Backup!$A$117:$A$247,0),MATCH(言語切替!$B$3,_ゴミ箱_Backup!$B$1:$D$1,0)) -> #N/A | M4: =INDEX(_ゴミ箱_Backup!$B$117:$D$247,MATCH("KPI_COL_ACTUAL",_ゴミ箱_Backup!$A$117:$A$247,0),MATCH(言語切替!$B$3,_ゴミ箱_Backup!$B$1:$D$1,0)) -> #N/A | N4: =INDEX(_ゴミ箱_Backup!$B$117:$D$247,MATCH("KPI_COL_RATE",_ゴミ箱_Backup!$A$117:$A$247,0),MATCH(言語切替!$B$3,_ゴミ箱_Backup!$B$1:$D$1,0)) -> #N/A | O4: =INDEX(_ゴミ箱_Backup!$B$117:$D$247,MATCH("KPI_COL_JUDGE",_ゴミ箱_Backup!$A$117:$A$247,0),MATCH(言語切替!$B$3,_ゴミ箱_Backup!$B$1:$D$1,0)) -> #N/A | P4: =INDEX(_ゴミ箱_Backup!$B$117:$D$247,MATCH("KPI_COL_DATE",_ゴミ箱_Backup!$A$117:$A$247,0),MATCH(言語切替!$B$3,_ゴミ箱_Backup!$B$1:$D$1,0)) -> #N/A | Q4: =INDEX(_ゴミ箱_Backup!$B$117:$D$247,MATCH("KPI_COL_ACTION",_ゴミ箱_Backup!$A$117:$A$247,0),MATCH(言語切替!$B$3,_ゴミ箱_Backup!$B$1:$D$1,0)) -> #N/A | R4: =INDEX(_ゴミ箱_Backup!$B$117:$D$247,MATCH("KPI_COL_NOTE",_ゴミ箱_Backup!$A$117:$A$247,0),MATCH(言語切替!$B$3,_ゴミ箱_Backup!$B$1:$D$1,0)) -> #N/A | S4: =INDEX(_ゴミ箱_Backup!$B$2:$D$300,MATCH("KPI_COL_NAME",_ゴミ箱_Backup!$A$2:$A$300,0),MATCH(言語切替!$B$3,_ゴミ箱_Backup!$B$1:$D$1,0))&INDEX(_ゴミ箱_Backup!$B$2:$D$300,MATCH("NEW_JP_SUFFIX",_ゴミ箱_Backup!$A$2:$A$300,0),MATCH(言語切替!$B$3,_ゴミ箱_Backup!$B$1:$D$1,0)) -> #N/A | T4: =INDEX(_ゴミ箱_Backup!$B$2:$D$300,MATCH("KPI_COL_NAME",_ゴミ箱_Backup!$A$2:$A$300,0),MATCH(言語切替!$B$3,_ゴミ箱_Backup!$B$1:$D$1,0))&INDEX(_ゴミ箱_Backup!$B$2:$D$300,MATCH("NEW_CN_SUFFIX",_ゴミ箱_Backup!$A$2:$A$300,0),MATCH(言語切替!$B$3,_ゴミ箱_Backup!$B$1:$D$1,0)) -> #N/A | U4: =INDEX(_ゴミ箱_Backup!$B$2:$D$300,MATCH("KPI_COL_NAME",_ゴミ箱_Backup!$A$2:$A$300,0),MATCH(言語切替!$B$3,_ゴミ箱_Backup!$B$1:$D$1,0))&INDEX(_ゴミ箱_Backup!$B$2:$D$300,MATCH("NEW_VI_SUFFIX",_ゴミ箱_Backup!$A$2:$A$300,0),MATCH(言語切替!$B$3,_ゴミ箱_Backup!$B$1:$D$1,0)) -> #N/A | V4: =INDEX(_ゴミ箱_Backup!$B$2:$D$300,MATCH("KPI_COL_PURPOSE",_ゴミ箱_Backup!$A$2:$A$300,0),MATCH(言語切替!$B$3,_ゴミ箱_Backup!$B$1:$D$1,0))&INDEX(_ゴミ箱_Backup!$B$2:$D$300,MATCH("NEW_JP_SUFFIX",_ゴミ箱_Backup!$A$2:$A$300,0),MATCH(言語切替!$B$3,_ゴミ箱_Backup!$B$1:$D$1,0)) -> #N/A | W4: =INDEX(_ゴミ箱_Backup!$B$2:$D$300,MATCH("KPI_COL_PURPOSE",_ゴミ箱_Backup!$A$2:$A$300,0),MATCH(言語切替!$B$3,_ゴミ箱_Backup!$B$1:$D$1,0))&INDEX(_ゴミ箱_Backup!$B$2:$D$300,MATCH("NEW_CN_SUFFIX",_ゴミ箱_Backup!$A$2:$A$300,0),MATCH(言語切替!$B$3,_ゴミ箱_Backup!$B$1:$D$1,0)) -> #N/A | X4: =INDEX(_ゴミ箱_Backup!$B$2:$D$300,MATCH("KPI_COL_PURPOSE",_ゴミ箱_Backup!$A$2:$A$300,0),MATCH(言語切替!$B$3,_ゴミ箱_Backup!$B$1:$D$1,0))&INDEX(_ゴミ箱_Backup!$B$2:$D$300,MATCH("NEW_VI_SUFFIX",_ゴミ箱_Backup!$A$2:$A$300,0),MATCH(言語切替!$B$3,_ゴミ箱_Backup!$B$1:$D$1,0)) -> #N/A | Y4: =INDEX(_ゴミ箱_Backup!$B$2:$D$300,MATCH("KPI_COL_FORMULA",_ゴミ箱_Backup!$A$2:$A$300,0),MATCH(言語切替!$B$3,_ゴミ箱_Backup!$B$1:$D$1,0))&INDEX(_ゴミ箱_Backup!$B$2:$D$300,MATCH("NEW_JP_SUFFIX",_ゴミ箱_Backup!$A$2:$A$300,0),MATCH(言語切替!$B$3,_ゴミ箱_Backup!$B$1:$D$1,0)) -> #N/A | Z4: =INDEX(_ゴミ箱_Backup!$B$2:$D$300,MATCH("KPI_COL_FORMULA",_ゴミ箱_Backup!$A$2:$A$300,0),MATCH(言語切替!$B$3,_ゴミ箱_Backup!$B$1:$D$1,0))&INDEX(_ゴミ箱_Backup!$B$2:$D$300,MATCH("NEW_CN_SUFFIX",_ゴミ箱_Backup!$A$2:$A$300,0),MATCH(言語切替!$B$3,_ゴミ箱_Backup!$B$1:$D$1,0)) -> #N/A | AA4: =INDEX(_ゴミ箱_Backup!$B$2:$D$300,MATCH("KPI_COL_FORMULA",_ゴミ箱_Backup!$A$2:$A$300,0),MATCH(言語切替!$B$3,_ゴミ箱_Backup!$B$1:$D$1,0))&INDEX(_ゴミ箱_Backup!$B$2:$D$300,MATCH("NEW_VI_SUFFIX",_ゴミ箱_Backup!$A$2:$A$300,0),MATCH(言語切替!$B$3,_ゴミ箱_Backup!$B$1:$D$1,0)) -> #N/A | AB4: =INDEX(_ゴミ箱_Backup!$B$2:$D$300,MATCH("KPI_COL_ACTION",_ゴミ箱_Backup!$A$2:$A$300,0),MATCH(言語切替!$B$3,_ゴミ箱_Backup!$B$1:$D$1,0))&INDEX(_ゴミ箱_Backup!$B$2:$D$300,MATCH("NEW_JP_SUFFIX",_ゴミ箱_Backup!$A$2:$A$300,0),MATCH(言語切替!$B$3,_ゴミ箱_Backup!$B$1:$D$1,0)) -> #N/A | AC4: =INDEX(_ゴミ箱_Backup!$B$2:$D$300,MATCH("KPI_COL_ACTION",_ゴミ箱_Backup!$A$2:$A$300,0),MATCH(言語切替!$B$3,_ゴミ箱_Backup!$B$1:$D$1,0))&INDEX(_ゴミ箱_Backup!$B$2:$D$300,MATCH("NEW_CN_SUFFIX",_ゴミ箱_Backup!$A$2:$A$300,0),MATCH(言語切替!$B$3,_ゴミ箱_Backup!$B$1:$D$1,0)) -> #N/A | AD4: =INDEX(_ゴミ箱_Backup!$B$2:$D$300,MATCH("KPI_COL_ACTION",_ゴミ箱_Backup!$A$2:$A$300,0),MATCH(言語切替!$B$3,_ゴミ箱_Backup!$B$1:$D$1,0))&INDEX(_ゴミ箱_Backup!$B$2:$D$300,MATCH("NEW_VI_SUFFIX",_ゴミ箱_Backup!$A$2:$A$300,0),MATCH(言語切替!$B$3,_ゴミ箱_Backup!$B$1:$D$1,0)) -> #N/A | AE4: =INDEX(_ゴミ箱_Backup!$B$2:$D$300,MATCH("KPI_COL_NOTE",_ゴミ箱_Backup!$A$2:$A$300,0),MATCH(言語切替!$B$3,_ゴミ箱_Backup!$B$1:$D$1,0))&INDEX(_ゴミ箱_Backup!$B$2:$D$300,MATCH("NEW_JP_SUFFIX",_ゴミ箱_Backup!$A$2:$A$300,0),MATCH(言語切替!$B$3,_ゴミ箱_Backup!$B$1:$D$1,0)) -> #N/A | AF4: =INDEX(_ゴミ箱_Backup!$B$2:$D$300,MATCH("KPI_COL_NOTE",_ゴミ箱_Backup!$A$2:$A$300,0),MATCH(言語切替!$B$3,_ゴミ箱_Backup!$B$1:$D$1,0))&INDEX(_ゴミ箱_Backup!$B$2:$D$300,MATCH("NEW_CN_SUFFIX",_ゴミ箱_Backup!$A$2:$A$300,0),MATCH(言語切替!$B$3,_ゴミ箱_Backup!$B$1:$D$1,0)) -> #N/A | AG4: =INDEX(_ゴミ箱_Backup!$B$2:$D$300,MATCH("KPI_COL_NOTE",_ゴミ箱_Backup!$A$2:$A$300,0),MATCH(言語切替!$B$3,_ゴミ箱_Backup!$B$1:$D$1,0))&INDEX(_ゴミ箱_Backup!$B$2:$D$300,MATCH("NEW_VI_SUFFIX",_ゴミ箱_Backup!$A$2:$A$300,0),MATCH(言語切替!$B$3,_ゴミ箱_Backup!$B$1:$D$1,0)) -> #N/A
A5: KPI-001 | B5: ='02_マスタ'!$A$9 -> #N/A | C5: ='02_マスタ'!$K$5 -> #N/A | D5: =INDEX(_ゴミ箱_Backup!$B$117:$D$247,MATCH("KPI_EX1_NAME",_ゴミ箱_Backup!$A$117:$A$247,0),MATCH(言語切替!$B$3,_ゴミ箱_Backup!$B$1:$D$1,0)) -> #N/A | E5: =INDEX(_ゴミ箱_Backup!$B$117:$D$247,MATCH("KPI_EX1_PURPOSE",_ゴミ箱_Backup!$A$117:$A$247,0),MATCH(言語切替!$B$3,_ゴミ箱_Backup!$B$1:$D$1,0)) -> #N/A | F5: =INDEX(_ゴミ箱_Backup!$B$117:$D$247,MATCH("KPI_EX1_FORMULA",_ゴミ箱_Backup!$A$117:$A$247,0),MATCH(言語切替!$B$3,_ゴミ箱_Backup!$B$1:$D$1,0)) -> #N/A | G5: % | H5: =INDEX(_ゴミ箱_Backup!$B$117:$D$247,MATCH("KPI_FREQ_MONTH",_ゴミ箱_Backup!$A$117:$A$247,0),MATCH(言語切替!$B$3,_ゴミ箱_Backup!$B$1:$D$1,0)) -> #N/A | I5: PLM | J5: WG Leader | N5: =IF(OR(L5="",M5=""),"",IF(L5=0,"",M5/L5)) | O5: =IF(A5="","",IF(N5="",INDEX(_ゴミ箱_Backup!$B$89:$D$89,1,MATCH(言語切替!$B$3,_ゴミ箱_Backup!$B$1:$D$1,0)),IF(N5>=1,INDEX(_ゴミ箱_Backup!$B$93:$D$93,1,MATCH(言語切替!$B$3,_ゴミ箱_Backup!$B$1:$D$1,0)),IF(N5>=0.8,INDEX(_ゴミ箱_Backup!$B$91:$D$91,1,MATCH(言語切替!$B$3,_ゴミ箱_Backup!$B$1:$D$1,0)),INDEX(_ゴミ箱_Backup!$B$94:$D$94,1,MATCH(言語切替!$B$3,_ゴミ箱_Backup!$B$1:$D$1,0)))))) -> #N/A | Q5: =INDEX(_ゴミ箱_Backup!$B$117:$D$247,MATCH("KPI_EX1_ACTION",_ゴミ箱_Backup!$A$117:$A$247,0),MATCH(言語切替!$B$3,_ゴミ箱_Backup!$B$1:$D$1,0)) -> #N/A | R5: =INDEX(_ゴミ箱_Backup!$B$117:$D$247,MATCH("COMMON_EXAMPLE",_ゴミ箱_Backup!$A$117:$A$247,0),MATCH(言語切替!$B$3,_ゴミ箱_Backup!$B$1:$D$1,0)) -> #N/A | S5: =IF(D5="","",IFERROR(_xlfn.TRANSLATE(D5,,"ja"),"")) -> #N/A | T5: =IF(D5="","",IFERROR(_xlfn.TRANSLATE(D5,,"zh-Hans"),"")) -> #N/A | U5: =IF(D5="","",IFERROR(_xlfn.TRANSLATE(D5,,"vi"),"")) -> #N/A | V5: =IF(E5="","",IFERROR(_xlfn.TRANSLATE(E5,,"ja"),"")) -> #N/A | W5: =IF(E5="","",IFERROR(_xlfn.TRANSLATE(E5,,"zh-Hans"),"")) -> #N/A | X5: =IF(E5="","",IFERROR(_xlfn.TRANSLATE(E5,,"vi"),"")) -> #N/A | Y5: =IF(F5="","",IFERROR(_xlfn.TRANSLATE(F5,,"ja"),"")) -> #N/A | Z5: =IF(F5="","",IFERROR(_xlfn.TRANSLATE(F5,,"zh-Hans"),"")) -> #N/A | AA5: =IF(F5="","",IFERROR(_xlfn.TRANSLATE(F5,,"vi"),"")) -> #N/A | AB5: =IF(Q5="","",IFERROR(_xlfn.TRANSLATE(Q5,,"ja"),"")) -> #N/A | AC5: =IF(Q5="","",IFERROR(_xlfn.TRANSLATE(Q5,,"zh-Hans"),"")) -> #N/A | AD5: =IF(Q5="","",IFERROR(_xlfn.TRANSLATE(Q5,,"vi"),"")) -> #N/A | AE5: =IF(R5="","",IFERROR(_xlfn.TRANSLATE(R5,,"ja"),"")) -> #N/A | AF5: =IF(R5="","",IFERROR(_xlfn.TRANSLATE(R5,,"zh-Hans"),"")) -> #N/A | AG5: =IF(R5="","",IFERROR(_xlfn.TRANSLATE(R5,,"vi"),"")) -> #N/A
A6: KPI-002 | B6: ='02_マスタ'!$A$10 -> #N/A | C6: ='02_マスタ'!$K$6 -> #N/A | D6: =INDEX(_ゴミ箱_Backup!$B$117:$D$247,MATCH("KPI_EX2_NAME",_ゴミ箱_Backup!$A$117:$A$247,0),MATCH(言語切替!$B$3,_ゴミ箱_Backup!$B$1:$D$1,0)) -> #N/A | E6: =INDEX(_ゴミ箱_Backup!$B$117:$D$247,MATCH("KPI_EX2_PURPOSE",_ゴミ箱_Backup!$A$117:$A$247,0),MATCH(言語切替!$B$3,_ゴミ箱_Backup!$B$1:$D$1,0)) -> #N/A | F6: =INDEX(_ゴミ箱_Backup!$B$117:$D$247,MATCH("KPI_EX2_FORMULA",_ゴミ箱_Backup!$A$117:$A$247,0),MATCH(言語切替!$B$3,_ゴミ箱_Backup!$B$1:$D$1,0)) -> #N/A | G6: % | H6: =INDEX(_ゴミ箱_Backup!$B$117:$D$247,MATCH("KPI_FREQ_MONTH",_ゴミ箱_Backup!$A$117:$A$247,0),MATCH(言語切替!$B$3,_ゴミ箱_Backup!$B$1:$D$1,0)) -> #N/A | I6: MOM | J6: WG Leader | N6: =IF(OR(L6="",M6=""),"",IF(L6=0,"",M6/L6)) | O6: =IF(A6="","",IF(N6="",INDEX(_ゴミ箱_Backup!$B$89:$D$89,1,MATCH(言語切替!$B$3,_ゴミ箱_Backup!$B$1:$D$1,0)),IF(N6>=1,INDEX(_ゴミ箱_Backup!$B$93:$D$93,1,MATCH(言語切替!$B$3,_ゴミ箱_Backup!$B$1:$D$1,0)),IF(N6>=0.8,INDEX(_ゴミ箱_Backup!$B$91:$D$91,1,MATCH(言語切替!$B$3,_ゴミ箱_Backup!$B$1:$D$1,0)),INDEX(_ゴミ箱_Backup!$B$94:$D$94,1,MATCH(言語切替!$B$3,_ゴミ箱_Backup!$B$1:$D$1,0)))))) -> #N/A | Q6: =INDEX(_ゴミ箱_Backup!$B$117:$D$247,MATCH("KPI_EX2_ACTION",_ゴミ箱_Backup!$A$117:$A$247,0),MATCH(言語切替!$B$3,_ゴミ箱_Backup!$B$1:$D$1,0)) -> #N/A | R6: =INDEX(_ゴミ箱_Backup!$B$117:$D$247,MATCH("COMMON_EXAMPLE",_ゴミ箱_Backup!$A$117:$A$247,0),MATCH(言語切替!$B$3,_ゴミ箱_Backup!$B$1:$D$1,0)) -> #N/A | S6: =IF(D6="","",IFERROR(_xlfn.TRANSLATE(D6,,"ja"),"")) -> #N/A | T6: =IF(D6="","",IFERROR(_xlfn.TRANSLATE(D6,,"zh-Hans"),"")) -> #N/A | U6: =IF(D6="","",IFERROR(_xlfn.TRANSLATE(D6,,"vi"),"")) -> #N/A | V6: =IF(E6="","",IFERROR(_xlfn.TRANSLATE(E6,,"ja"),"")) -> #N/A | W6: =IF(E6="","",IFERROR(_xlfn.TRANSLATE(E6,,"zh-Hans"),"")) -> #N/A | X6: =IF(E6="","",IFERROR(_xlfn.TRANSLATE(E6,,"vi"),"")) -> #N/A | Y6: =IF(F6="","",IFERROR(_xlfn.TRANSLATE(F6,,"ja"),"")) -> #N/A | Z6: =IF(F6="","",IFERROR(_xlfn.TRANSLATE(F6,,"zh-Hans"),"")) -> #N/A | AA6: =IF(F6="","",IFERROR(_xlfn.TRANSLATE(F6,,"vi"),"")) -> #N/A | AB6: =IF(Q6="","",IFERROR(_xlfn.TRANSLATE(Q6,,"ja"),"")) -> #N/A | AC6: =IF(Q6="","",IFERROR(_xlfn.TRANSLATE(Q6,,"zh-Hans"),"")) -> #N/A | AD6: =IF(Q6="","",IFERROR(_xlfn.TRANSLATE(Q6,,"vi"),"")) -> #N/A | AE6: =IF(R6="","",IFERROR(_xlfn.TRANSLATE(R6,,"ja"),"")) -> #N/A | AF6: =IF(R6="","",IFERROR(_xlfn.TRANSLATE(R6,,"zh-Hans"),"")) -> #N/A | AG6: =IF(R6="","",IFERROR(_xlfn.TRANSLATE(R6,,"vi"),"")) -> #N/A
A7: KPI-003 | B7: ='02_マスタ'!$A$12 -> #N/A | C7: ='02_マスタ'!$K$7 -> #N/A | D7: =INDEX(_ゴミ箱_Backup!$B$117:$D$247,MATCH("KPI_EX3_NAME",_ゴミ箱_Backup!$A$117:$A$247,0),MATCH(言語切替!$B$3,_ゴミ箱_Backup!$B$1:$D$1,0)) -> #N/A | E7: =INDEX(_ゴミ箱_Backup!$B$117:$D$247,MATCH("KPI_EX3_PURPOSE",_ゴミ箱_Backup!$A$117:$A$247,0),MATCH(言語切替!$B$3,_ゴミ箱_Backup!$B$1:$D$1,0)) -> #N/A | F7: =INDEX(_ゴミ箱_Backup!$B$117:$D$247,MATCH("KPI_EX3_FORMULA",_ゴミ箱_Backup!$A$117:$A$247,0),MATCH(言語切替!$B$3,_ゴミ箱_Backup!$B$1:$D$1,0)) -> #N/A | G7: =INDEX(_ゴミ箱_Backup!$B$117:$D$247,MATCH("KPI_UNIT_TIME",_ゴミ箱_Backup!$A$117:$A$247,0),MATCH(言語切替!$B$3,_ゴミ箱_Backup!$B$1:$D$1,0)) -> #N/A | H7: =INDEX(_ゴミ箱_Backup!$B$117:$D$247,MATCH("KPI_FREQ_MONTH",_ゴミ箱_Backup!$A$117:$A$247,0),MATCH(言語切替!$B$3,_ゴミ箱_Backup!$B$1:$D$1,0)) -> #N/A | I7: =INDEX(_ゴミ箱_Backup!$B$117:$D$247,MATCH("KPI_SRC_ACTUAL",_ゴミ箱_Backup!$A$117:$A$247,0),MATCH(言語切替!$B$3,_ゴミ箱_Backup!$B$1:$D$1,0)) -> #N/A | J7: WG Leader | N7: =IF(OR(L7="",M7=""),"",IF(L7=0,"",M7/L7)) | O7: =IF(A7="","",IF(N7="",INDEX(_ゴミ箱_Backup!$B$89:$D$89,1,MATCH(言語切替!$B$3,_ゴミ箱_Backup!$B$1:$D$1,0)),IF(N7>=1,INDEX(_ゴミ箱_Backup!$B$93:$D$93,1,MATCH(言語切替!$B$3,_ゴミ箱_Backup!$B$1:$D$1,0)),IF(N7>=0.8,INDEX(_ゴミ箱_Backup!$B$91:$D$91,1,MATCH(言語切替!$B$3,_ゴミ箱_Backup!$B$1:$D$1,0)),INDEX(_ゴミ箱_Backup!$B$94:$D$94,1,MATCH(言語切替!$B$3,_ゴミ箱_Backup!$B$1:$D$1,0)))))) -> #N/A | Q7: =INDEX(_ゴミ箱_Backup!$B$117:$D$247,MATCH("KPI_EX3_ACTION",_ゴミ箱_Backup!$A$117:$A$247,0),MATCH(言語切替!$B$3,_ゴミ箱_Backup!$B$1:$D$1,0)) -> #N/A | R7: =INDEX(_ゴミ箱_Backup!$B$117:$D$247,MATCH("COMMON_EXAMPLE",_ゴミ箱_Backup!$A$117:$A$247,0),MATCH(言語切替!$B$3,_ゴミ箱_Backup!$B$1:$D$1,0)) -> #N/A | S7: =IF(D7="","",IFERROR(_xlfn.TRANSLATE(D7,,"ja"),"")) -> #N/A | T7: =IF(D7="","",IFERROR(_xlfn.TRANSLATE(D7,,"zh-Hans"),"")) -> #N/A | U7: =IF(D7="","",IFERROR(_xlfn.TRANSLATE(D7,,"vi"),"")) -> #N/A | V7: =IF(E7="","",IFERROR(_xlfn.TRANSLATE(E7,,"ja"),"")) -> #N/A | W7: =IF(E7="","",IFERROR(_xlfn.TRANSLATE(E7,,"zh-Hans"),"")) -> #N/A | X7: =IF(E7="","",IFERROR(_xlfn.TRANSLATE(E7,,"vi"),"")) -> #N/A | Y7: =IF(F7="","",IFERROR(_xlfn.TRANSLATE(F7,,"ja"),"")) -> #N/A | Z7: =IF(F7="","",IFERROR(_xlfn.TRANSLATE(F7,,"zh-Hans"),"")) -> #N/A | AA7: =IF(F7="","",IFERROR(_xlfn.TRANSLATE(F7,,"vi"),"")) -> #N/A | AB7: =IF(Q7="","",IFERROR(_xlfn.TRANSLATE(Q7,,"ja"),"")) -> #N/A | AC7: =IF(Q7="","",IFERROR(_xlfn.TRANSLATE(Q7,,"zh-Hans"),"")) -> #N/A | AD7: =IF(Q7="","",IFERROR(_xlfn.TRANSLATE(Q7,,"vi"),"")) -> #N/A | AE7: =IF(R7="","",IFERROR(_xlfn.TRANSLATE(R7,,"ja"),"")) -> #N/A | AF7: =IF(R7="","",IFERROR(_xlfn.TRANSLATE(R7,,"zh-Hans"),"")) -> #N/A | AG7: =IF(R7="","",IFERROR(_xlfn.TRANSLATE(R7,,"vi"),"")) -> #N/A
A8: KPI-004 | B8: ='02_マスタ'!$A$5 -> #N/A | C8: ='02_マスタ'!$K$8 -> #N/A | D8: =INDEX(_ゴミ箱_Backup!$B$117:$D$247,MATCH("KPI_EX4_NAME",_ゴミ箱_Backup!$A$117:$A$247,0),MATCH(言語切替!$B$3,_ゴミ箱_Backup!$B$1:$D$1,0)) -> #N/A | E8: =INDEX(_ゴミ箱_Backup!$B$117:$D$247,MATCH("KPI_EX4_PURPOSE",_ゴミ箱_Backup!$A$117:$A$247,0),MATCH(言語切替!$B$3,_ゴミ箱_Backup!$B$1:$D$1,0)) -> #N/A | F8: =INDEX(_ゴミ箱_Backup!$B$117:$D$247,MATCH("KPI_EX4_FORMULA",_ゴミ箱_Backup!$A$117:$A$247,0),MATCH(言語切替!$B$3,_ゴミ箱_Backup!$B$1:$D$1,0)) -> #N/A | G8: =INDEX(_ゴミ箱_Backup!$B$117:$D$247,MATCH("KPI_UNIT_MONEY",_ゴミ箱_Backup!$A$117:$A$247,0),MATCH(言語切替!$B$3,_ゴミ箱_Backup!$B$1:$D$1,0)) -> #N/A | H8: =INDEX(_ゴミ箱_Backup!$B$117:$D$247,MATCH("KPI_FREQ_QUARTER",_ゴミ箱_Backup!$A$117:$A$247,0),MATCH(言語切替!$B$3,_ゴミ箱_Backup!$B$1:$D$1,0)) -> #N/A | I8: =INDEX(_ゴミ箱_Backup!$B$117:$D$247,MATCH("KPI_SRC_WG_SUM",_ゴミ箱_Backup!$A$117:$A$247,0),MATCH(言語切替!$B$3,_ゴミ箱_Backup!$B$1:$D$1,0)) -> #N/A | J8: =INDEX(_ゴミ箱_Backup!$B$117:$D$247,MATCH("ROLE_PMO",_ゴミ箱_Backup!$A$117:$A$247,0),MATCH(言語切替!$B$3,_ゴミ箱_Backup!$B$1:$D$1,0)) -> #N/A | N8: =IF(OR(L8="",M8=""),"",IF(L8=0,"",M8/L8)) | O8: =IF(A8="","",IF(N8="",INDEX(_ゴミ箱_Backup!$B$89:$D$89,1,MATCH(言語切替!$B$3,_ゴミ箱_Backup!$B$1:$D$1,0)),IF(N8>=1,INDEX(_ゴミ箱_Backup!$B$93:$D$93,1,MATCH(言語切替!$B$3,_ゴミ箱_Backup!$B$1:$D$1,0)),IF(N8>=0.8,INDEX(_ゴミ箱_Backup!$B$91:$D$91,1,MATCH(言語切替!$B$3,_ゴミ箱_Backup!$B$1:$D$1,0)),INDEX(_ゴミ箱_Backup!$B$94:$D$94,1,MATCH(言語切替!$B$3,_ゴミ箱_Backup!$B$1:$D$1,0)))))) -> #N/A | Q8: =INDEX(_ゴミ箱_Backup!$B$117:$D$247,MATCH("KPI_EX4_ACTION",_ゴミ箱_Backup!$A$117:$A$247,0),MATCH(言語切替!$B$3,_ゴミ箱_Backup!$B$1:$D$1,0)) -> #N/A | R8: =INDEX(_ゴミ箱_Backup!$B$117:$D$247,MATCH("COMMON_EXAMPLE",_ゴミ箱_Backup!$A$117:$A$247,0),MATCH(言語切替!$B$3,_ゴミ箱_Backup!$B$1:$D$1,0)) -> #N/A | S8: =IF(D8="","",IFERROR(_xlfn.TRANSLATE(D8,,"ja"),"")) -> #N/A | T8: =IF(D8="","",IFERROR(_xlfn.TRANSLATE(D8,,"zh-Hans"),"")) -> #N/A | U8: =IF(D8="","",IFERROR(_xlfn.TRANSLATE(D8,,"vi"),"")) -> #N/A | V8: =IF(E8="","",IFERROR(_xlfn.TRANSLATE(E8,,"ja"),"")) -> #N/A | W8: =IF(E8="","",IFERROR(_xlfn.TRANSLATE(E8,,"zh-Hans"),"")) -> #N/A | X8: =IF(E8="","",IFERROR(_xlfn.TRANSLATE(E8,,"vi"),"")) -> #N/A | Y8: =IF(F8="","",IFERROR(_xlfn.TRANSLATE(F8,,"ja"),"")) -> #N/A | Z8: =IF(F8="","",IFERROR(_xlfn.TRANSLATE(F8,,"zh-Hans"),"")) -> #N/A | AA8: =IF(F8="","",IFERROR(_xlfn.TRANSLATE(F8,,"vi"),"")) -> #N/A | AB8: =IF(Q8="","",IFERROR(_xlfn.TRANSLATE(Q8,,"ja"),"")) -> #N/A | AC8: =IF(Q8="","",IFERROR(_xlfn.TRANSLATE(Q8,,"zh-Hans"),"")) -> #N/A | AD8: =IF(Q8="","",IFERROR(_xlfn.TRANSLATE(Q8,,"vi"),"")) -> #N/A | AE8: =IF(R8="","",IFERROR(_xlfn.TRANSLATE(R8,,"ja"),"")) -> #N/A | AF8: =IF(R8="","",IFERROR(_xlfn.TRANSLATE(R8,,"zh-Hans"),"")) -> #N/A | AG8: =IF(R8="","",IFERROR(_xlfn.TRANSLATE(R8,,"vi"),"")) -> #N/A
N9: =IF(OR(L9="",M9=""),"",IF(L9=0,"",M9/L9)) | O9: =IF(A9="","",IF(N9="",INDEX(_ゴミ箱_Backup!$B$89:$D$89,1,MATCH(言語切替!$B$3,_ゴミ箱_Backup!$B$1:$D$1,0)),IF(N9>=1,INDEX(_ゴミ箱_Backup!$B$93:$D$93,1,MATCH(言語切替!$B$3,_ゴミ箱_Backup!$B$1:$D$1,0)),IF(N9>=0.8,INDEX(_ゴミ箱_Backup!$B$91:$D$91,1,MATCH(言語切替!$B$3,_ゴミ箱_Backup!$B$1:$D$1,0)),INDEX(_ゴミ箱_Backup!$B$94:$D$94,1,MATCH(言語切替!$B$3,_ゴミ箱_Backup!$B$1:$D$1,0)))))) | S9: =IF(D9="","",IFERROR(_xlfn.TRANSLATE(D9,,"ja"),"")) | T9: =IF(D9="","",IFERROR(_xlfn.TRANSLATE(D9,,"zh-Hans"),"")) | U9: =IF(D9="","",IFERROR(_xlfn.TRANSLATE(D9,,"vi"),"")) | V9: =IF(E9="","",IFERROR(_xlfn.TRANSLATE(E9,,"ja"),"")) | W9: =IF(E9="","",IFERROR(_xlfn.TRANSLATE(E9,,"zh-Hans"),"")) | X9: =IF(E9="","",IFERROR(_xlfn.TRANSLATE(E9,,"vi"),"")) | Y9: =IF(F9="","",IFERROR(_xlfn.TRANSLATE(F9,,"ja"),"")) | Z9: =IF(F9="","",IFERROR(_xlfn.TRANSLATE(F9,,"zh-Hans"),"")) | AA9: =IF(F9="","",IFERROR(_xlfn.TRANSLATE(F9,,"vi"),"")) | AB9: =IF(Q9="","",IFERROR(_xlfn.TRANSLATE(Q9,,"ja"),"")) | AC9: =IF(Q9="","",IFERROR(_xlfn.TRANSLATE(Q9,,"zh-Hans"),"")) | AD9: =IF(Q9="","",IFERROR(_xlfn.TRANSLATE(Q9,,"vi"),"")) | AE9: =IF(R9="","",IFERROR(_xlfn.TRANSLATE(R9,,"ja"),"")) | AF9: =IF(R9="","",IFERROR(_xlfn.TRANSLATE(R9,,"zh-Hans"),"")) | AG9: =IF(R9="","",IFERROR(_xlfn.TRANSLATE(R9,,"vi"),""))
N10: =IF(OR(L10="",M10=""),"",IF(L10=0,"",M10/L10)) | O10: =IF(A10="","",IF(N10="",INDEX(_ゴミ箱_Backup!$B$89:$D$89,1,MATCH(言語切替!$B$3,_ゴミ箱_Backup!$B$1:$D$1,0)),IF(N10>=1,INDEX(_ゴミ箱_Backup!$B$93:$D$93,1,MATCH(言語切替!$B$3,_ゴミ箱_Backup!$B$1:$D$1,0)),IF(N10>=0.8,INDEX(_ゴミ箱_Backup!$B$91:$D$91,1,MATCH(言語切替!$B$3,_ゴミ箱_Backup!$B$1:$D$1,0)),INDEX(_ゴミ箱_Backup!$B$94:$D$94,1,MATCH(言語切替!$B$3,_ゴミ箱_Backup!$B$1:$D$1,0)))))) | S10: =IF(D10="","",IFERROR(_xlfn.TRANSLATE(D10,,"ja"),"")) | T10: =IF(D10="","",IFERROR(_xlfn.TRANSLATE(D10,,"zh-Hans"),"")) | U10: =IF(D10="","",IFERROR(_xlfn.TRANSLATE(D10,,"vi"),"")) | V10: =IF(E10="","",IFERROR(_xlfn.TRANSLATE(E10,,"ja"),"")) | W10: =IF(E10="","",IFERROR(_xlfn.TRANSLATE(E10,,"zh-Hans"),"")) | X10: =IF(E10="","",IFERROR(_xlfn.TRANSLATE(E10,,"vi"),"")) | Y10: =IF(F10="","",IFERROR(_xlfn.TRANSLATE(F10,,"ja"),"")) | Z10: =IF(F10="","",IFERROR(_xlfn.TRANSLATE(F10,,"zh-Hans"),"")) | AA10: =IF(F10="","",IFERROR(_xlfn.TRANSLATE(F10,,"vi"),"")) | AB10: =IF(Q10="","",IFERROR(_xlfn.TRANSLATE(Q10,,"ja"),"")) | AC10: =IF(Q10="","",IFERROR(_xlfn.TRANSLATE(Q10,,"zh-Hans"),"")) | AD10: =IF(Q10="","",IFERROR(_xlfn.TRANSLATE(Q10,,"vi"),"")) | AE10: =IF(R10="","",IFERROR(_xlfn.TRANSLATE(R10,,"ja"),"")) | AF10: =IF(R10="","",IFERROR(_xlfn.TRANSLATE(R10,,"zh-Hans"),"")) | AG10: =IF(R10="","",IFERROR(_xlfn.TRANSLATE(R10,,"vi"),""))
N11: =IF(OR(L11="",M11=""),"",IF(L11=0,"",M11/L11)) | O11: =IF(A11="","",IF(N11="",INDEX(_ゴミ箱_Backup!$B$89:$D$89,1,MATCH(言語切替!$B$3,_ゴミ箱_Backup!$B$1:$D$1,0)),IF(N11>=1,INDEX(_ゴミ箱_Backup!$B$93:$D$93,1,MATCH(言語切替!$B$3,_ゴミ箱_Backup!$B$1:$D$1,0)),IF(N11>=0.8,INDEX(_ゴミ箱_Backup!$B$91:$D$91,1,MATCH(言語切替!$B$3,_ゴミ箱_Backup!$B$1:$D$1,0)),INDEX(_ゴミ箱_Backup!$B$94:$D$94,1,MATCH(言語切替!$B$3,_ゴミ箱_Backup!$B$1:$D$1,0)))))) | S11: =IF(D11="","",IFERROR(_xlfn.TRANSLATE(D11,,"ja"),"")) | T11: =IF(D11="","",IFERROR(_xlfn.TRANSLATE(D11,,"zh-Hans"),"")) | U11: =IF(D11="","",IFERROR(_xlfn.TRANSLATE(D11,,"vi"),"")) | V11: =IF(E11="","",IFERROR(_xlfn.TRANSLATE(E11,,"ja"),"")) | W11: =IF(E11="","",IFERROR(_xlfn.TRANSLATE(E11,,"zh-Hans"),"")) | X11: =IF(E11="","",IFERROR(_xlfn.TRANSLATE(E11,,"vi"),"")) | Y11: =IF(F11="","",IFERROR(_xlfn.TRANSLATE(F11,,"ja"),"")) | Z11: =IF(F11="","",IFERROR(_xlfn.TRANSLATE(F11,,"zh-Hans"),"")) | AA11: =IF(F11="","",IFERROR(_xlfn.TRANSLATE(F11,,"vi"),"")) | AB11: =IF(Q11="","",IFERROR(_xlfn.TRANSLATE(Q11,,"ja"),"")) | AC11: =IF(Q11="","",IFERROR(_xlfn.TRANSLATE(Q11,,"zh-Hans"),"")) | AD11: =IF(Q11="","",IFERROR(_xlfn.TRANSLATE(Q11,,"vi"),"")) | AE11: =IF(R11="","",IFERROR(_xlfn.TRANSLATE(R11,,"ja"),"")) | AF11: =IF(R11="","",IFERROR(_xlfn.TRANSLATE(R11,,"zh-Hans"),"")) | AG11: =IF(R11="","",IFERROR(_xlfn.TRANSLATE(R11,,"vi"),""))
N12: =IF(OR(L12="",M12=""),"",IF(L12=0,"",M12/L12)) | O12: =IF(A12="","",IF(N12="",INDEX(_ゴミ箱_Backup!$B$89:$D$89,1,MATCH(言語切替!$B$3,_ゴミ箱_Backup!$B$1:$D$1,0)),IF(N12>=1,INDEX(_ゴミ箱_Backup!$B$93:$D$93,1,MATCH(言語切替!$B$3,_ゴミ箱_Backup!$B$1:$D$1,0)),IF(N12>=0.8,INDEX(_ゴミ箱_Backup!$B$91:$D$91,1,MATCH(言語切替!$B$3,_ゴミ箱_Backup!$B$1:$D$1,0)),INDEX(_ゴミ箱_Backup!$B$94:$D$94,1,MATCH(言語切替!$B$3,_ゴミ箱_Backup!$B$1:$D$1,0)))))) | S12: =IF(D12="","",IFERROR(_xlfn.TRANSLATE(D12,,"ja"),"")) | T12: =IF(D12="","",IFERROR(_xlfn.TRANSLATE(D12,,"zh-Hans"),"")) | U12: =IF(D12="","",IFERROR(_xlfn.TRANSLATE(D12,,"vi"),"")) | V12: =IF(E12="","",IFERROR(_xlfn.TRANSLATE(E12,,"ja"),"")) | W12: =IF(E12="","",IFERROR(_xlfn.TRANSLATE(E12,,"zh-Hans"),"")) | X12: =IF(E12="","",IFERROR(_xlfn.TRANSLATE(E12,,"vi"),"")) | Y12: =IF(F12="","",IFERROR(_xlfn.TRANSLATE(F12,,"ja"),"")) | Z12: =IF(F12="","",IFERROR(_xlfn.TRANSLATE(F12,,"zh-Hans"),"")) | AA12: =IF(F12="","",IFERROR(_xlfn.TRANSLATE(F12,,"vi"),"")) | AB12: =IF(Q12="","",IFERROR(_xlfn.TRANSLATE(Q12,,"ja"),"")) | AC12: =IF(Q12="","",IFERROR(_xlfn.TRANSLATE(Q12,,"zh-Hans"),"")) | AD12: =IF(Q12="","",IFERROR(_xlfn.TRANSLATE(Q12,,"vi"),"")) | AE12: =IF(R12="","",IFERROR(_xlfn.TRANSLATE(R12,,"ja"),"")) | AF12: =IF(R12="","",IFERROR(_xlfn.TRANSLATE(R12,,"zh-Hans"),"")) | AG12: =IF(R12="","",IFERROR(_xlfn.TRANSLATE(R12,,"vi"),""))
N13: =IF(OR(L13="",M13=""),"",IF(L13=0,"",M13/L13)) | O13: =IF(A13="","",IF(N13="",INDEX(_ゴミ箱_Backup!$B$89:$D$89,1,MATCH(言語切替!$B$3,_ゴミ箱_Backup!$B$1:$D$1,0)),IF(N13>=1,INDEX(_ゴミ箱_Backup!$B$93:$D$93,1,MATCH(言語切替!$B$3,_ゴミ箱_Backup!$B$1:$D$1,0)),IF(N13>=0.8,INDEX(_ゴミ箱_Backup!$B$91:$D$91,1,MATCH(言語切替!$B$3,_ゴミ箱_Backup!$B$1:$D$1,0)),INDEX(_ゴミ箱_Backup!$B$94:$D$94,1,MATCH(言語切替!$B$3,_ゴミ箱_Backup!$B$1:$D$1,0)))))) | S13: =IF(D13="","",IFERROR(_xlfn.TRANSLATE(D13,,"ja"),"")) | T13: =IF(D13="","",IFERROR(_xlfn.TRANSLATE(D13,,"zh-Hans"),"")) | U13: =IF(D13="","",IFERROR(_xlfn.TRANSLATE(D13,,"vi"),"")) | V13: =IF(E13="","",IFERROR(_xlfn.TRANSLATE(E13,,"ja"),"")) | W13: =IF(E13="","",IFERROR(_xlfn.TRANSLATE(E13,,"zh-Hans"),"")) | X13: =IF(E13="","",IFERROR(_xlfn.TRANSLATE(E13,,"vi"),"")) | Y13: =IF(F13="","",IFERROR(_xlfn.TRANSLATE(F13,,"ja"),"")) | Z13: =IF(F13="","",IFERROR(_xlfn.TRANSLATE(F13,,"zh-Hans"),"")) | AA13: =IF(F13="","",IFERROR(_xlfn.TRANSLATE(F13,,"vi"),"")) | AB13: =IF(Q13="","",IFERROR(_xlfn.TRANSLATE(Q13,,"ja"),"")) | AC13: =IF(Q13="","",IFERROR(_xlfn.TRANSLATE(Q13,,"zh-Hans"),"")) | AD13: =IF(Q13="","",IFERROR(_xlfn.TRANSLATE(Q13,,"vi"),"")) | AE13: =IF(R13="","",IFERROR(_xlfn.TRANSLATE(R13,,"ja"),"")) | AF13: =IF(R13="","",IFERROR(_xlfn.TRANSLATE(R13,,"zh-Hans"),"")) | AG13: =IF(R13="","",IFERROR(_xlfn.TRANSLATE(R13,,"vi"),""))
N14: =IF(OR(L14="",M14=""),"",IF(L14=0,"",M14/L14)) | O14: =IF(A14="","",IF(N14="",INDEX(_ゴミ箱_Backup!$B$89:$D$89,1,MATCH(言語切替!$B$3,_ゴミ箱_Backup!$B$1:$D$1,0)),IF(N14>=1,INDEX(_ゴミ箱_Backup!$B$93:$D$93,1,MATCH(言語切替!$B$3,_ゴミ箱_Backup!$B$1:$D$1,0)),IF(N14>=0.8,INDEX(_ゴミ箱_Backup!$B$91:$D$91,1,MATCH(言語切替!$B$3,_ゴミ箱_Backup!$B$1:$D$1,0)),INDEX(_ゴミ箱_Backup!$B$94:$D$94,1,MATCH(言語切替!$B$3,_ゴミ箱_Backup!$B$1:$D$1,0)))))) | S14: =IF(D14="","",IFERROR(_xlfn.TRANSLATE(D14,,"ja"),"")) | T14: =IF(D14="","",IFERROR(_xlfn.TRANSLATE(D14,,"zh-Hans"),"")) | U14: =IF(D14="","",IFERROR(_xlfn.TRANSLATE(D14,,"vi"),"")) | V14: =IF(E14="","",IFERROR(_xlfn.TRANSLATE(E14,,"ja"),"")) | W14: =IF(E14="","",IFERROR(_xlfn.TRANSLATE(E14,,"zh-Hans"),"")) | X14: =IF(E14="","",IFERROR(_xlfn.TRANSLATE(E14,,"vi"),"")) | Y14: =IF(F14="","",IFERROR(_xlfn.TRANSLATE(F14,,"ja"),"")) | Z14: =IF(F14="","",IFERROR(_xlfn.TRANSLATE(F14,,"zh-Hans"),"")) | AA14: =IF(F14="","",IFERROR(_xlfn.TRANSLATE(F14,,"vi"),"")) | AB14: =IF(Q14="","",IFERROR(_xlfn.TRANSLATE(Q14,,"ja"),"")) | AC14: =IF(Q14="","",IFERROR(_xlfn.TRANSLATE(Q14,,"zh-Hans"),"")) | AD14: =IF(Q14="","",IFERROR(_xlfn.TRANSLATE(Q14,,"vi"),"")) | AE14: =IF(R14="","",IFERROR(_xlfn.TRANSLATE(R14,,"ja"),"")) | AF14: =IF(R14="","",IFERROR(_xlfn.TRANSLATE(R14,,"zh-Hans"),"")) | AG14: =IF(R14="","",IFERROR(_xlfn.TRANSLATE(R14,,"vi"),""))
N15: =IF(OR(L15="",M15=""),"",IF(L15=0,"",M15/L15)) | O15: =IF(A15="","",IF(N15="",INDEX(_ゴミ箱_Backup!$B$89:$D$89,1,MATCH(言語切替!$B$3,_ゴミ箱_Backup!$B$1:$D$1,0)),IF(N15>=1,INDEX(_ゴミ箱_Backup!$B$93:$D$93,1,MATCH(言語切替!$B$3,_ゴミ箱_Backup!$B$1:$D$1,0)),IF(N15>=0.8,INDEX(_ゴミ箱_Backup!$B$91:$D$91,1,MATCH(言語切替!$B$3,_ゴミ箱_Backup!$B$1:$D$1,0)),INDEX(_ゴミ箱_Backup!$B$94:$D$94,1,MATCH(言語切替!$B$3,_ゴミ箱_Backup!$B$1:$D$1,0)))))) | S15: =IF(D15="","",IFERROR(_xlfn.TRANSLATE(D15,,"ja"),"")) | T15: =IF(D15="","",IFERROR(_xlfn.TRANSLATE(D15,,"zh-Hans"),"")) | U15: =IF(D15="","",IFERROR(_xlfn.TRANSLATE(D15,,"vi"),"")) | V15: =IF(E15="","",IFERROR(_xlfn.TRANSLATE(E15,,"ja"),"")) | W15: =IF(E15="","",IFERROR(_xlfn.TRANSLATE(E15,,"zh-Hans"),"")) | X15: =IF(E15="","",IFERROR(_xlfn.TRANSLATE(E15,,"vi"),"")) | Y15: =IF(F15="","",IFERROR(_xlfn.TRANSLATE(F15,,"ja"),"")) | Z15: =IF(F15="","",IFERROR(_xlfn.TRANSLATE(F15,,"zh-Hans"),"")) | AA15: =IF(F15="","",IFERROR(_xlfn.TRANSLATE(F15,,"vi"),"")) | AB15: =IF(Q15="","",IFERROR(_xlfn.TRANSLATE(Q15,,"ja"),"")) | AC15: =IF(Q15="","",IFERROR(_xlfn.TRANSLATE(Q15,,"zh-Hans"),"")) | AD15: =IF(Q15="","",IFERROR(_xlfn.TRANSLATE(Q15,,"vi"),"")) | AE15: =IF(R15="","",IFERROR(_xlfn.TRANSLATE(R15,,"ja"),"")) | AF15: =IF(R15="","",IFERROR(_xlfn.TRANSLATE(R15,,"zh-Hans"),"")) | AG15: =IF(R15="","",IFERROR(_xlfn.TRANSLATE(R15,,"vi"),""))
N16: =IF(OR(L16="",M16=""),"",IF(L16=0,"",M16/L16)) | O16: =IF(A16="","",IF(N16="",INDEX(_ゴミ箱_Backup!$B$89:$D$89,1,MATCH(言語切替!$B$3,_ゴミ箱_Backup!$B$1:$D$1,0)),IF(N16>=1,INDEX(_ゴミ箱_Backup!$B$93:$D$93,1,MATCH(言語切替!$B$3,_ゴミ箱_Backup!$B$1:$D$1,0)),IF(N16>=0.8,INDEX(_ゴミ箱_Backup!$B$91:$D$91,1,MATCH(言語切替!$B$3,_ゴミ箱_Backup!$B$1:$D$1,0)),INDEX(_ゴミ箱_Backup!$B$94:$D$94,1,MATCH(言語切替!$B$3,_ゴミ箱_Backup!$B$1:$D$1,0)))))) | S16: =IF(D16="","",IFERROR(_xlfn.TRANSLATE(D16,,"ja"),"")) | T16: =IF(D16="","",IFERROR(_xlfn.TRANSLATE(D16,,"zh-Hans"),"")) | U16: =IF(D16="","",IFERROR(_xlfn.TRANSLATE(D16,,"vi"),"")) | V16: =IF(E16="","",IFERROR(_xlfn.TRANSLATE(E16,,"ja"),"")) | W16: =IF(E16="","",IFERROR(_xlfn.TRANSLATE(E16,,"zh-Hans"),"")) | X16: =IF(E16="","",IFERROR(_xlfn.TRANSLATE(E16,,"vi"),"")) | Y16: =IF(F16="","",IFERROR(_xlfn.TRANSLATE(F16,,"ja"),"")) | Z16: =IF(F16="","",IFERROR(_xlfn.TRANSLATE(F16,,"zh-Hans"),"")) | AA16: =IF(F16="","",IFERROR(_xlfn.TRANSLATE(F16,,"vi"),"")) | AB16: =IF(Q16="","",IFERROR(_xlfn.TRANSLATE(Q16,,"ja"),"")) | AC16: =IF(Q16="","",IFERROR(_xlfn.TRANSLATE(Q16,,"zh-Hans"),"")) | AD16: =IF(Q16="","",IFERROR(_xlfn.TRANSLATE(Q16,,"vi"),"")) | AE16: =IF(R16="","",IFERROR(_xlfn.TRANSLATE(R16,,"ja"),"")) | AF16: =IF(R16="","",IFERROR(_xlfn.TRANSLATE(R16,,"zh-Hans"),"")) | AG16: =IF(R16="","",IFERROR(_xlfn.TRANSLATE(R16,,"vi"),""))
N17: =IF(OR(L17="",M17=""),"",IF(L17=0,"",M17/L17)) | O17: =IF(A17="","",IF(N17="",INDEX(_ゴミ箱_Backup!$B$89:$D$89,1,MATCH(言語切替!$B$3,_ゴミ箱_Backup!$B$1:$D$1,0)),IF(N17>=1,INDEX(_ゴミ箱_Backup!$B$93:$D$93,1,MATCH(言語切替!$B$3,_ゴミ箱_Backup!$B$1:$D$1,0)),IF(N17>=0.8,INDEX(_ゴミ箱_Backup!$B$91:$D$91,1,MATCH(言語切替!$B$3,_ゴミ箱_Backup!$B$1:$D$1,0)),INDEX(_ゴミ箱_Backup!$B$94:$D$94,1,MATCH(言語切替!$B$3,_ゴミ箱_Backup!$B$1:$D$1,0)))))) | S17: =IF(D17="","",IFERROR(_xlfn.TRANSLATE(D17,,"ja"),"")) | T17: =IF(D17="","",IFERROR(_xlfn.TRANSLATE(D17,,"zh-Hans"),"")) | U17: =IF(D17="","",IFERROR(_xlfn.TRANSLATE(D17,,"vi"),"")) | V17: =IF(E17="","",IFERROR(_xlfn.TRANSLATE(E17,,"ja"),"")) | W17: =IF(E17="","",IFERROR(_xlfn.TRANSLATE(E17,,"zh-Hans"),"")) | X17: =IF(E17="","",IFERROR(_xlfn.TRANSLATE(E17,,"vi"),"")) | Y17: =IF(F17="","",IFERROR(_xlfn.TRANSLATE(F17,,"ja"),"")) | Z17: =IF(F17="","",IFERROR(_xlfn.TRANSLATE(F17,,"zh-Hans"),"")) | AA17: =IF(F17="","",IFERROR(_xlfn.TRANSLATE(F17,,"vi"),"")) | AB17: =IF(Q17="","",IFERROR(_xlfn.TRANSLATE(Q17,,"ja"),"")) | AC17: =IF(Q17="","",IFERROR(_xlfn.TRANSLATE(Q17,,"zh-Hans"),"")) | AD17: =IF(Q17="","",IFERROR(_xlfn.TRANSLATE(Q17,,"vi"),"")) | AE17: =IF(R17="","",IFERROR(_xlfn.TRANSLATE(R17,,"ja"),"")) | AF17: =IF(R17="","",IFERROR(_xlfn.TRANSLATE(R17,,"zh-Hans"),"")) | AG17: =IF(R17="","",IFERROR(_xlfn.TRANSLATE(R17,,"vi"),""))
N18: =IF(OR(L18="",M18=""),"",IF(L18=0,"",M18/L18)) | O18: =IF(A18="","",IF(N18="",INDEX(_ゴミ箱_Backup!$B$89:$D$89,1,MATCH(言語切替!$B$3,_ゴミ箱_Backup!$B$1:$D$1,0)),IF(N18>=1,INDEX(_ゴミ箱_Backup!$B$93:$D$93,1,MATCH(言語切替!$B$3,_ゴミ箱_Backup!$B$1:$D$1,0)),IF(N18>=0.8,INDEX(_ゴミ箱_Backup!$B$91:$D$91,1,MATCH(言語切替!$B$3,_ゴミ箱_Backup!$B$1:$D$1,0)),INDEX(_ゴミ箱_Backup!$B$94:$D$94,1,MATCH(言語切替!$B$3,_ゴミ箱_Backup!$B$1:$D$1,0)))))) | S18: =IF(D18="","",IFERROR(_xlfn.TRANSLATE(D18,,"ja"),"")) | T18: =IF(D18="","",IFERROR(_xlfn.TRANSLATE(D18,,"zh-Hans"),"")) | U18: =IF(D18="","",IFERROR(_xlfn.TRANSLATE(D18,,"vi"),"")) | V18: =IF(E18="","",IFERROR(_xlfn.TRANSLATE(E18,,"ja"),"")) | W18: =IF(E18="","",IFERROR(_xlfn.TRANSLATE(E18,,"zh-Hans"),"")) | X18: =IF(E18="","",IFERROR(_xlfn.TRANSLATE(E18,,"vi"),"")) | Y18: =IF(F18="","",IFERROR(_xlfn.TRANSLATE(F18,,"ja"),"")) | Z18: =IF(F18="","",IFERROR(_xlfn.TRANSLATE(F18,,"zh-Hans"),"")) | AA18: =IF(F18="","",IFERROR(_xlfn.TRANSLATE(F18,,"vi"),"")) | AB18: =IF(Q18="","",IFERROR(_xlfn.TRANSLATE(Q18,,"ja"),"")) | AC18: =IF(Q18="","",IFERROR(_xlfn.TRANSLATE(Q18,,"zh-Hans"),"")) | AD18: =IF(Q18="","",IFERROR(_xlfn.TRANSLATE(Q18,,"vi"),"")) | AE18: =IF(R18="","",IFERROR(_xlfn.TRANSLATE(R18,,"ja"),"")) | AF18: =IF(R18="","",IFERROR(_xlfn.TRANSLATE(R18,,"zh-Hans"),"")) | AG18: =IF(R18="","",IFERROR(_xlfn.TRANSLATE(R18,,"vi"),""))
N19: =IF(OR(L19="",M19=""),"",IF(L19=0,"",M19/L19)) | O19: =IF(A19="","",IF(N19="",INDEX(_ゴミ箱_Backup!$B$89:$D$89,1,MATCH(言語切替!$B$3,_ゴミ箱_Backup!$B$1:$D$1,0)),IF(N19>=1,INDEX(_ゴミ箱_Backup!$B$93:$D$93,1,MATCH(言語切替!$B$3,_ゴミ箱_Backup!$B$1:$D$1,0)),IF(N19>=0.8,INDEX(_ゴミ箱_Backup!$B$91:$D$91,1,MATCH(言語切替!$B$3,_ゴミ箱_Backup!$B$1:$D$1,0)),INDEX(_ゴミ箱_Backup!$B$94:$D$94,1,MATCH(言語切替!$B$3,_ゴミ箱_Backup!$B$1:$D$1,0)))))) | S19: =IF(D19="","",IFERROR(_xlfn.TRANSLATE(D19,,"ja"),"")) | T19: =IF(D19="","",IFERROR(_xlfn.TRANSLATE(D19,,"zh-Hans"),"")) | U19: =IF(D19="","",IFERROR(_xlfn.TRANSLATE(D19,,"vi"),"")) | V19: =IF(E19="","",IFERROR(_xlfn.TRANSLATE(E19,,"ja"),"")) | W19: =IF(E19="","",IFERROR(_xlfn.TRANSLATE(E19,,"zh-Hans"),"")) | Y19: =IF(F19="","",IFERROR(_xlfn.TRANSLATE(F19,,"ja"),"")) | Z19: =IF(F19="","",IFERROR(_xlfn.TRANSLATE(F19,,"zh-Hans"),"")) | AA19: =IF(F19="","",IFERROR(_xlfn.TRANSLATE(F19,,"vi"),"")) | AB19: =IF(Q19="","",IFERROR(_xlfn.TRANSLATE(Q19,,"ja"),"")) | AC19: =IF(Q19="","",IFERROR(_xlfn.TRANSLATE(Q19,,"zh-Hans"),"")) | AD19: =IF(Q19="","",IFERROR(_xlfn.TRANSLATE(Q19,,"vi"),"")) | AE19: =IF(R19="","",IFERROR(_xlfn.TRANSLATE(R19,,"ja"),"")) | AF19: =IF(R19="","",IFERROR(_xlfn.TRANSLATE(R19,,"zh-Hans"),"")) | AG19: =IF(R19="","",IFERROR(_xlfn.TRANSLATE(R19,,"vi"),""))
N20: =IF(OR(L20="",M20=""),"",IF(L20=0,"",M20/L20)) | O20: =IF(A20="","",IF(N20="",INDEX(_ゴミ箱_Backup!$B$89:$D$89,1,MATCH(言語切替!$B$3,_ゴミ箱_Backup!$B$1:$D$1,0)),IF(N20>=1,INDEX(_ゴミ箱_Backup!$B$93:$D$93,1,MATCH(言語切替!$B$3,_ゴミ箱_Backup!$B$1:$D$1,0)),IF(N20>=0.8,INDEX(_ゴミ箱_Backup!$B$91:$D$91,1,MATCH(言語切替!$B$3,_ゴミ箱_Backup!$B$1:$D$1,0)),INDEX(_ゴミ箱_Backup!$B$94:$D$94,1,MATCH(言語切替!$B$3,_ゴミ箱_Backup!$B$1:$D$1,0)))))) | S20: =IF(D20="","",IFERROR(_xlfn.TRANSLATE(D20,,"ja"),"")) | T20: =IF(D20="","",IFERROR(_xlfn.TRANSLATE(D20,,"zh-Hans"),"")) | U20: =IF(D20="","",IFERROR(_xlfn.TRANSLATE(D20,,"vi"),"")) | V20: =IF(E20="","",IFERROR(_xlfn.TRANSLATE(E20,,"ja"),"")) | W20: =IF(E20="","",IFERROR(_xlfn.TRANSLATE(E20,,"zh-Hans"),"")) | Y20: =IF(F20="","",IFERROR(_xlfn.TRANSLATE(F20,,"ja"),"")) | Z20: =IF(F20="","",IFERROR(_xlfn.TRANSLATE(F20,,"zh-Hans"),"")) | AA20: =IF(F20="","",IFERROR(_xlfn.TRANSLATE(F20,,"vi"),"")) | AB20: =IF(Q20="","",IFERROR(_xlfn.TRANSLATE(Q20,,"ja"),"")) | AC20: =IF(Q20="","",IFERROR(_xlfn.TRANSLATE(Q20,,"zh-Hans"),"")) | AD20: =IF(Q20="","",IFERROR(_xlfn.TRANSLATE(Q20,,"vi"),"")) | AE20: =IF(R20="","",IFERROR(_xlfn.TRANSLATE(R20,,"ja"),"")) | AF20: =IF(R20="","",IFERROR(_xlfn.TRANSLATE(R20,,"zh-Hans"),"")) | AG20: =IF(R20="","",IFERROR(_xlfn.TRANSLATE(R20,,"vi"),""))
N21: =IF(OR(L21="",M21=""),"",IF(L21=0,"",M21/L21)) | O21: =IF(A21="","",IF(N21="",INDEX(_ゴミ箱_Backup!$B$89:$D$89,1,MATCH(言語切替!$B$3,_ゴミ箱_Backup!$B$1:$D$1,0)),IF(N21>=1,INDEX(_ゴミ箱_Backup!$B$93:$D$93,1,MATCH(言語切替!$B$3,_ゴミ箱_Backup!$B$1:$D$1,0)),IF(N21>=0.8,INDEX(_ゴミ箱_Backup!$B$91:$D$91,1,MATCH(言語切替!$B$3,_ゴミ箱_Backup!$B$1:$D$1,0)),INDEX(_ゴミ箱_Backup!$B$94:$D$94,1,MATCH(言語切替!$B$3,_ゴミ箱_Backup!$B$1:$D$1,0)))))) | S21: =IF(D21="","",IFERROR(_xlfn.TRANSLATE(D21,,"ja"),"")) | T21: =IF(D21="","",IFERROR(_xlfn.TRANSLATE(D21,,"zh-Hans"),"")) | U21: =IF(D21="","",IFERROR(_xlfn.TRANSLATE(D21,,"vi"),"")) | V21: =IF(E21="","",IFERROR(_xlfn.TRANSLATE(E21,,"ja"),"")) | W21: =IF(E21="","",IFERROR(_xlfn.TRANSLATE(E21,,"zh-Hans"),"")) | Y21: =IF(F21="","",IFERROR(_xlfn.TRANSLATE(F21,,"ja"),"")) | AA21: =IF(F21="","",IFERROR(_xlfn.TRANSLATE(F21,,"vi"),"")) | AB21: =IF(Q21="","",IFERROR(_xlfn.TRANSLATE(Q21,,"ja"),"")) | AC21: =IF(Q21="","",IFERROR(_xlfn.TRANSLATE(Q21,,"zh-Hans"),"")) | AD21: =IF(Q21="","",IFERROR(_xlfn.TRANSLATE(Q21,,"vi"),"")) | AE21: =IF(R21="","",IFERROR(_xlfn.TRANSLATE(R21,,"ja"),"")) | AF21: =IF(R21="","",IFERROR(_xlfn.TRANSLATE(R21,,"zh-Hans"),"")) | AG21: =IF(R21="","",IFERROR(_xlfn.TRANSLATE(R21,,"vi"),""))
N22: =IF(OR(L22="",M22=""),"",IF(L22=0,"",M22/L22)) | O22: =IF(A22="","",IF(N22="",INDEX(_ゴミ箱_Backup!$B$89:$D$89,1,MATCH(言語切替!$B$3,_ゴミ箱_Backup!$B$1:$D$1,0)),IF(N22>=1,INDEX(_ゴミ箱_Backup!$B$93:$D$93,1,MATCH(言語切替!$B$3,_ゴミ箱_Backup!$B$1:$D$1,0)),IF(N22>=0.8,INDEX(_ゴミ箱_Backup!$B$91:$D$91,1,MATCH(言語切替!$B$3,_ゴミ箱_Backup!$B$1:$D$1,0)),INDEX(_ゴミ箱_Backup!$B$94:$D$94,1,MATCH(言語切替!$B$3,_ゴミ箱_Backup!$B$1:$D$1,0)))))) | S22: =IF(D22="","",IFERROR(_xlfn.TRANSLATE(D22,,"ja"),"")) | T22: =IF(D22="","",IFERROR(_xlfn.TRANSLATE(D22,,"zh-Hans"),"")) | U22: =IF(D22="","",IFERROR(_xlfn.TRANSLATE(D22,,"vi"),"")) | V22: =IF(E22="","",IFERROR(_xlfn.TRANSLATE(E22,,"ja"),"")) | W22: =IF(E22="","",IFERROR(_xlfn.TRANSLATE(E22,,"zh-Hans"),"")) | Y22: =IF(F22="","",IFERROR(_xlfn.TRANSLATE(F22,,"ja"),"")) | AA22: =IF(F22="","",IFERROR(_xlfn.TRANSLATE(F22,,"vi"),"")) | AB22: =IF(Q22="","",IFERROR(_xlfn.TRANSLATE(Q22,,"ja"),"")) | AC22: =IF(Q22="","",IFERROR(_xlfn.TRANSLATE(Q22,,"zh-Hans"),"")) | AD22: =IF(Q22="","",IFERROR(_xlfn.TRANSLATE(Q22,,"vi"),"")) | AE22: =IF(R22="","",IFERROR(_xlfn.TRANSLATE(R22,,"ja"),"")) | AF22: =IF(R22="","",IFERROR(_xlfn.TRANSLATE(R22,,"zh-Hans"),"")) | AG22: =IF(R22="","",IFERROR(_xlfn.TRANSLATE(R22,,"vi"),""))
N23: =IF(OR(L23="",M23=""),"",IF(L23=0,"",M23/L23)) | O23: =IF(A23="","",IF(N23="",INDEX(_ゴミ箱_Backup!$B$89:$D$89,1,MATCH(言語切替!$B$3,_ゴミ箱_Backup!$B$1:$D$1,0)),IF(N23>=1,INDEX(_ゴミ箱_Backup!$B$93:$D$93,1,MATCH(言語切替!$B$3,_ゴミ箱_Backup!$B$1:$D$1,0)),IF(N23>=0.8,INDEX(_ゴミ箱_Backup!$B$91:$D$91,1,MATCH(言語切替!$B$3,_ゴミ箱_Backup!$B$1:$D$1,0)),INDEX(_ゴミ箱_Backup!$B$94:$D$94,1,MATCH(言語切替!$B$3,_ゴミ箱_Backup!$B$1:$D$1,0)))))) | S23: =IF(D23="","",IFERROR(_xlfn.TRANSLATE(D23,,"ja"),"")) | T23: =IF(D23="","",IFERROR(_xlfn.TRANSLATE(D23,,"zh-Hans"),"")) | U23: =IF(D23="","",IFERROR(_xlfn.TRANSLATE(D23,,"vi"),"")) | V23: =IF(E23="","",IFERROR(_xlfn.TRANSLATE(E23,,"ja"),"")) | W23: =IF(E23="","",IFERROR(_xlfn.TRANSLATE(E23,,"zh-Hans"),"")) | Y23: =IF(F23="","",IFERROR(_xlfn.TRANSLATE(F23,,"ja"),"")) | AA23: =IF(F23="","",IFERROR(_xlfn.TRANSLATE(F23,,"vi"),"")) | AB23: =IF(Q23="","",IFERROR(_xlfn.TRANSLATE(Q23,,"ja"),"")) | AC23: =IF(Q23="","",IFERROR(_xlfn.TRANSLATE(Q23,,"zh-Hans"),"")) | AE23: =IF(R23="","",IFERROR(_xlfn.TRANSLATE(R23,,"ja"),"")) | AF23: =IF(R23="","",IFERROR(_xlfn.TRANSLATE(R23,,"zh-Hans"),"")) | AG23: =IF(R23="","",IFERROR(_xlfn.TRANSLATE(R23,,"vi"),""))
N24: =IF(OR(L24="",M24=""),"",IF(L24=0,"",M24/L24)) | O24: =IF(A24="","",IF(N24="",INDEX(_ゴミ箱_Backup!$B$89:$D$89,1,MATCH(言語切替!$B$3,_ゴミ箱_Backup!$B$1:$D$1,0)),IF(N24>=1,INDEX(_ゴミ箱_Backup!$B$93:$D$93,1,MATCH(言語切替!$B$3,_ゴミ箱_Backup!$B$1:$D$1,0)),IF(N24>=0.8,INDEX(_ゴミ箱_Backup!$B$91:$D$91,1,MATCH(言語切替!$B$3,_ゴミ箱_Backup!$B$1:$D$1,0)),INDEX(_ゴミ箱_Backup!$B$94:$D$94,1,MATCH(言語切替!$B$3,_ゴミ箱_Backup!$B$1:$D$1,0)))))) | S24: =IF(D24="","",IFERROR(_xlfn.TRANSLATE(D24,,"ja"),"")) | T24: =IF(D24="","",IFERROR(_xlfn.TRANSLATE(D24,,"zh-Hans"),"")) | U24: =IF(D24="","",IFERROR(_xlfn.TRANSLATE(D24,,"vi"),"")) | V24: =IF(E24="","",IFERROR(_xlfn.TRANSLATE(E24,,"ja"),"")) | W24: =IF(E24="","",IFERROR(_xlfn.TRANSLATE(E24,,"zh-Hans"),"")) | Y24: =IF(F24="","",IFERROR(_xlfn.TRANSLATE(F24,,"ja"),"")) | AA24: =IF(F24="","",IFERROR(_xlfn.TRANSLATE(F24,,"vi"),"")) | AB24: =IF(Q24="","",IFERROR(_xlfn.TRANSLATE(Q24,,"ja"),"")) | AC24: =IF(Q24="","",IFERROR(_xlfn.TRANSLATE(Q24,,"zh-Hans"),"")) | AE24: =IF(R24="","",IFERROR(_xlfn.TRANSLATE(R24,,"ja"),"")) | AF24: =IF(R24="","",IFERROR(_xlfn.TRANSLATE(R24,,"zh-Hans"),"")) | AG24: =IF(R24="","",IFERROR(_xlfn.TRANSLATE(R24,,"vi"),""))
N25: =IF(OR(L25="",M25=""),"",IF(L25=0,"",M25/L25)) | O25: =IF(A25="","",IF(N25="",INDEX(_ゴミ箱_Backup!$B$89:$D$89,1,MATCH(言語切替!$B$3,_ゴミ箱_Backup!$B$1:$D$1,0)),IF(N25>=1,INDEX(_ゴミ箱_Backup!$B$93:$D$93,1,MATCH(言語切替!$B$3,_ゴミ箱_Backup!$B$1:$D$1,0)),IF(N25>=0.8,INDEX(_ゴミ箱_Backup!$B$91:$D$91,1,MATCH(言語切替!$B$3,_ゴミ箱_Backup!$B$1:$D$1,0)),INDEX(_ゴミ箱_Backup!$B$94:$D$94,1,MATCH(言語切替!$B$3,_ゴミ箱_Backup!$B$1:$D$1,0)))))) | S25: =IF(D25="","",IFERROR(_xlfn.TRANSLATE(D25,,"ja"),"")) | T25: =IF(D25="","",IFERROR(_xlfn.TRANSLATE(D25,,"zh-Hans"),"")) | U25: =IF(D25="","",IFERROR(_xlfn.TRANSLATE(D25,,"vi"),"")) | V25: =IF(E25="","",IFERROR(_xlfn.TRANSLATE(E25,,"ja"),"")) | W25: =IF(E25="","",IFERROR(_xlfn.TRANSLATE(E25,,"zh-Hans"),"")) | Y25: =IF(F25="","",IFERROR(_xlfn.TRANSLATE(F25,,"ja"),"")) | AA25: =IF(F25="","",IFERROR(_xlfn.TRANSLATE(F25,,"vi"),"")) | AB25: =IF(Q25="","",IFERROR(_xlfn.TRANSLATE(Q25,,"ja"),"")) | AC25: =IF(Q25="","",IFERROR(_xlfn.TRANSLATE(Q25,,"zh-Hans"),"")) | AE25: =IF(R25="","",IFERROR(_xlfn.TRANSLATE(R25,,"ja"),"")) | AF25: =IF(R25="","",IFERROR(_xlfn.TRANSLATE(R25,,"zh-Hans"),"")) | AG25: =IF(R25="","",IFERROR(_xlfn.TRANSLATE(R25,,"vi"),""))
N26: =IF(OR(L26="",M26=""),"",IF(L26=0,"",M26/L26)) | O26: =IF(A26="","",IF(N26="",INDEX(_ゴミ箱_Backup!$B$89:$D$89,1,MATCH(言語切替!$B$3,_ゴミ箱_Backup!$B$1:$D$1,0)),IF(N26>=1,INDEX(_ゴミ箱_Backup!$B$93:$D$93,1,MATCH(言語切替!$B$3,_ゴミ箱_Backup!$B$1:$D$1,0)),IF(N26>=0.8,INDEX(_ゴミ箱_Backup!$B$91:$D$91,1,MATCH(言語切替!$B$3,_ゴミ箱_Backup!$B$1:$D$1,0)),INDEX(_ゴミ箱_Backup!$B$94:$D$94,1,MATCH(言語切替!$B$3,_ゴミ箱_Backup!$B$1:$D$1,0)))))) | S26: =IF(D26="","",IFERROR(_xlfn.TRANSLATE(D26,,"ja"),"")) | T26: =IF(D26="","",IFERROR(_xlfn.TRANSLATE(D26,,"zh-Hans"),"")) | U26: =IF(D26="","",IFERROR(_xlfn.TRANSLATE(D26,,"vi"),"")) | V26: =IF(E26="","",IFERROR(_xlfn.TRANSLATE(E26,,"ja"),"")) | W26: =IF(E26="","",IFERROR(_xlfn.TRANSLATE(E26,,"zh-Hans"),"")) | Y26: =IF(F26="","",IFERROR(_xlfn.TRANSLATE(F26,,"ja"),"")) | AA26: =IF(F26="","",IFERROR(_xlfn.TRANSLATE(F26,,"vi"),"")) | AB26: =IF(Q26="","",IFERROR(_xlfn.TRANSLATE(Q26,,"ja"),"")) | AC26: =IF(Q26="","",IFERROR(_xlfn.TRANSLATE(Q26,,"zh-Hans"),"")) | AE26: =IF(R26="","",IFERROR(_xlfn.TRANSLATE(R26,,"ja"),"")) | AF26: =IF(R26="","",IFERROR(_xlfn.TRANSLATE(R26,,"zh-Hans"),"")) | AG26: =IF(R26="","",IFERROR(_xlfn.TRANSLATE(R26,,"vi"),""))
N27: =IF(OR(L27="",M27=""),"",IF(L27=0,"",M27/L27)) | O27: =IF(A27="","",IF(N27="",INDEX(_ゴミ箱_Backup!$B$89:$D$89,1,MATCH(言語切替!$B$3,_ゴミ箱_Backup!$B$1:$D$1,0)),IF(N27>=1,INDEX(_ゴミ箱_Backup!$B$93:$D$93,1,MATCH(言語切替!$B$3,_ゴミ箱_Backup!$B$1:$D$1,0)),IF(N27>=0.8,INDEX(_ゴミ箱_Backup!$B$91:$D$91,1,MATCH(言語切替!$B$3,_ゴミ箱_Backup!$B$1:$D$1,0)),INDEX(_ゴミ箱_Backup!$B$94:$D$94,1,MATCH(言語切替!$B$3,_ゴミ箱_Backup!$B$1:$D$1,0)))))) | S27: =IF(D27="","",IFERROR(_xlfn.TRANSLATE(D27,,"ja"),"")) | T27: =IF(D27="","",IFERROR(_xlfn.TRANSLATE(D27,,"zh-Hans"),"")) | U27: =IF(D27="","",IFERROR(_xlfn.TRANSLATE(D27,,"vi"),"")) | V27: =IF(E27="","",IFERROR(_xlfn.TRANSLATE(E27,,"ja"),"")) | W27: =IF(E27="","",IFERROR(_xlfn.TRANSLATE(E27,,"zh-Hans"),"")) | Y27: =IF(F27="","",IFERROR(_xlfn.TRANSLATE(F27,,"ja"),"")) | AA27: =IF(F27="","",IFERROR(_xlfn.TRANSLATE(F27,,"vi"),"")) | AB27: =IF(Q27="","",IFERROR(_xlfn.TRANSLATE(Q27,,"ja"),"")) | AC27: =IF(Q27="","",IFERROR(_xlfn.TRANSLATE(Q27,,"zh-Hans"),"")) | AE27: =IF(R27="","",IFERROR(_xlfn.TRANSLATE(R27,,"ja"),"")) | AF27: =IF(R27="","",IFERROR(_xlfn.TRANSLATE(R27,,"zh-Hans"),"")) | AG27: =IF(R27="","",IFERROR(_xlfn.TRANSLATE(R27,,"vi"),""))
N28: =IF(OR(L28="",M28=""),"",IF(L28=0,"",M28/L28)) | O28: =IF(A28="","",IF(N28="",INDEX(_ゴミ箱_Backup!$B$89:$D$89,1,MATCH(言語切替!$B$3,_ゴミ箱_Backup!$B$1:$D$1,0)),IF(N28>=1,INDEX(_ゴミ箱_Backup!$B$93:$D$93,1,MATCH(言語切替!$B$3,_ゴミ箱_Backup!$B$1:$D$1,0)),IF(N28>=0.8,INDEX(_ゴミ箱_Backup!$B$91:$D$91,1,MATCH(言語切替!$B$3,_ゴミ箱_Backup!$B$1:$D$1,0)),INDEX(_ゴミ箱_Backup!$B$94:$D$94,1,MATCH(言語切替!$B$3,_ゴミ箱_Backup!$B$1:$D$1,0)))))) | S28: =IF(D28="","",IFERROR(_xlfn.TRANSLATE(D28,,"ja"),"")) | T28: =IF(D28="","",IFERROR(_xlfn.TRANSLATE(D28,,"zh-Hans"),"")) | U28: =IF(D28="","",IFERROR(_xlfn.TRANSLATE(D28,,"vi"),"")) | V28: =IF(E28="","",IFERROR(_xlfn.TRANSLATE(E28,,"ja"),"")) | W28: =IF(E28="","",IFERROR(_xlfn.TRANSLATE(E28,,"zh-Hans"),"")) | Y28: =IF(F28="","",IFERROR(_xlfn.TRANSLATE(F28,,"ja"),"")) | AA28: =IF(F28="","",IFERROR(_xlfn.TRANSLATE(F28,,"vi"),"")) | AB28: =IF(Q28="","",IFERROR(_xlfn.TRANSLATE(Q28,,"ja"),"")) | AC28: =IF(Q28="","",IFERROR(_xlfn.TRANSLATE(Q28,,"zh-Hans"),"")) | AE28: =IF(R28="","",IFERROR(_xlfn.TRANSLATE(R28,,"ja"),"")) | AF28: =IF(R28="","",IFERROR(_xlfn.TRANSLATE(R28,,"zh-Hans"),"")) | AG28: =IF(R28="","",IFERROR(_xlfn.TRANSLATE(R28,,"vi"),""))
N29: =IF(OR(L29="",M29=""),"",IF(L29=0,"",M29/L29)) | O29: =IF(A29="","",IF(N29="",INDEX(_ゴミ箱_Backup!$B$89:$D$89,1,MATCH(言語切替!$B$3,_ゴミ箱_Backup!$B$1:$D$1,0)),IF(N29>=1,INDEX(_ゴミ箱_Backup!$B$93:$D$93,1,MATCH(言語切替!$B$3,_ゴミ箱_Backup!$B$1:$D$1,0)),IF(N29>=0.8,INDEX(_ゴミ箱_Backup!$B$91:$D$91,1,MATCH(言語切替!$B$3,_ゴミ箱_Backup!$B$1:$D$1,0)),INDEX(_ゴミ箱_Backup!$B$94:$D$94,1,MATCH(言語切替!$B$3,_ゴミ箱_Backup!$B$1:$D$1,0)))))) | S29: =IF(D29="","",IFERROR(_xlfn.TRANSLATE(D29,,"ja"),"")) | T29: =IF(D29="","",IFERROR(_xlfn.TRANSLATE(D29,,"zh-Hans"),"")) | U29: =IF(D29="","",IFERROR(_xlfn.TRANSLATE(D29,,"vi"),"")) | V29: =IF(E29="","",IFERROR(_xlfn.TRANSLATE(E29,,"ja"),"")) | W29: =IF(E29="","",IFERROR(_xlfn.TRANSLATE(E29,,"zh-Hans"),"")) | Y29: =IF(F29="","",IFERROR(_xlfn.TRANSLATE(F29,,"ja"),"")) | AA29: =IF(F29="","",IFERROR(_xlfn.TRANSLATE(F29,,"vi"),"")) | AB29: =IF(Q29="","",IFERROR(_xlfn.TRANSLATE(Q29,,"ja"),"")) | AC29: =IF(Q29="","",IFERROR(_xlfn.TRANSLATE(Q29,,"zh-Hans"),"")) | AE29: =IF(R29="","",IFERROR(_xlfn.TRANSLATE(R29,,"ja"),"")) | AF29: =IF(R29="","",IFERROR(_xlfn.TRANSLATE(R29,,"zh-Hans"),"")) | AG29: =IF(R29="","",IFERROR(_xlfn.TRANSLATE(R29,,"vi"),""))
N30: =IF(OR(L30="",M30=""),"",IF(L30=0,"",M30/L30)) | O30: =IF(A30="","",IF(N30="",INDEX(_ゴミ箱_Backup!$B$89:$D$89,1,MATCH(言語切替!$B$3,_ゴミ箱_Backup!$B$1:$D$1,0)),IF(N30>=1,INDEX(_ゴミ箱_Backup!$B$93:$D$93,1,MATCH(言語切替!$B$3,_ゴミ箱_Backup!$B$1:$D$1,0)),IF(N30>=0.8,INDEX(_ゴミ箱_Backup!$B$91:$D$91,1,MATCH(言語切替!$B$3,_ゴミ箱_Backup!$B$1:$D$1,0)),INDEX(_ゴミ箱_Backup!$B$94:$D$94,1,MATCH(言語切替!$B$3,_ゴミ箱_Backup!$B$1:$D$1,0)))))) | S30: =IF(D30="","",IFERROR(_xlfn.TRANSLATE(D30,,"ja"),"")) | T30: =IF(D30="","",IFERROR(_xlfn.TRANSLATE(D30,,"zh-Hans"),"")) | U30: =IF(D30="","",IFERROR(_xlfn.TRANSLATE(D30,,"vi"),"")) | V30: =IF(E30="","",IFERROR(_xlfn.TRANSLATE(E30,,"ja"),"")) | W30: =IF(E30="","",IFERROR(_xlfn.TRANSLATE(E30,,"zh-Hans"),"")) | Y30: =IF(F30="","",IFERROR(_xlfn.TRANSLATE(F30,,"ja"),"")) | AA30: =IF(F30="","",IFERROR(_xlfn.TRANSLATE(F30,,"vi"),"")) | AB30: =IF(Q30="","",IFERROR(_xlfn.TRANSLATE(Q30,,"ja"),"")) | AC30: =IF(Q30="","",IFERROR(_xlfn.TRANSLATE(Q30,,"zh-Hans"),"")) | AE30: =IF(R30="","",IFERROR(_xlfn.TRANSLATE(R30,,"ja"),"")) | AF30: =IF(R30="","",IFERROR(_xlfn.TRANSLATE(R30,,"zh-Hans"),"")) | AG30: =IF(R30="","",IFERROR(_xlfn.TRANSLATE(R30,,"vi"),""))
N31: =IF(OR(L31="",M31=""),"",IF(L31=0,"",M31/L31)) | O31: =IF(A31="","",IF(N31="",INDEX(_ゴミ箱_Backup!$B$89:$D$89,1,MATCH(言語切替!$B$3,_ゴミ箱_Backup!$B$1:$D$1,0)),IF(N31>=1,INDEX(_ゴミ箱_Backup!$B$93:$D$93,1,MATCH(言語切替!$B$3,_ゴミ箱_Backup!$B$1:$D$1,0)),IF(N31>=0.8,INDEX(_ゴミ箱_Backup!$B$91:$D$91,1,MATCH(言語切替!$B$3,_ゴミ箱_Backup!$B$1:$D$1,0)),INDEX(_ゴミ箱_Backup!$B$94:$D$94,1,MATCH(言語切替!$B$3,_ゴミ箱_Backup!$B$1:$D$1,0)))))) | S31: =IF(D31="","",IFERROR(_xlfn.TRANSLATE(D31,,"ja"),"")) | T31: =IF(D31="","",IFERROR(_xlfn.TRANSLATE(D31,,"zh-Hans"),"")) | U31: =IF(D31="","",IFERROR(_xlfn.TRANSLATE(D31,,"vi"),"")) | V31: =IF(E31="","",IFERROR(_xlfn.TRANSLATE(E31,,"ja"),"")) | W31: =IF(E31="","",IFERROR(_xlfn.TRANSLATE(E31,,"zh-Hans"),"")) | Y31: =IF(F31="","",IFERROR(_xlfn.TRANSLATE(F31,,"ja"),"")) | AA31: =IF(F31="","",IFERROR(_xlfn.TRANSLATE(F31,,"vi"),"")) | AB31: =IF(Q31="","",IFERROR(_xlfn.TRANSLATE(Q31,,"ja"),"")) | AC31: =IF(Q31="","",IFERROR(_xlfn.TRANSLATE(Q31,,"zh-Hans"),"")) | AE31: =IF(R31="","",IFERROR(_xlfn.TRANSLATE(R31,,"ja"),"")) | AF31: =IF(R31="","",IFERROR(_xlfn.TRANSLATE(R31,,"zh-Hans"),"")) | AG31: =IF(R31="","",IFERROR(_xlfn.TRANSLATE(R31,,"vi"),""))
N32: =IF(OR(L32="",M32=""),"",IF(L32=0,"",M32/L32)) | O32: =IF(A32="","",IF(N32="",INDEX(_ゴミ箱_Backup!$B$89:$D$89,1,MATCH(言語切替!$B$3,_ゴミ箱_Backup!$B$1:$D$1,0)),IF(N32>=1,INDEX(_ゴミ箱_Backup!$B$93:$D$93,1,MATCH(言語切替!$B$3,_ゴミ箱_Backup!$B$1:$D$1,0)),IF(N32>=0.8,INDEX(_ゴミ箱_Backup!$B$91:$D$91,1,MATCH(言語切替!$B$3,_ゴミ箱_Backup!$B$1:$D$1,0)),INDEX(_ゴミ箱_Backup!$B$94:$D$94,1,MATCH(言語切替!$B$3,_ゴミ箱_Backup!$B$1:$D$1,0)))))) | S32: =IF(D32="","",IFERROR(_xlfn.TRANSLATE(D32,,"ja"),"")) | T32: =IF(D32="","",IFERROR(_xlfn.TRANSLATE(D32,,"zh-Hans"),"")) | U32: =IF(D32="","",IFERROR(_xlfn.TRANSLATE(D32,,"vi"),"")) | V32: =IF(E32="","",IFERROR(_xlfn.TRANSLATE(E32,,"ja"),"")) | W32: =IF(E32="","",IFERROR(_xlfn.TRANSLATE(E32,,"zh-Hans"),"")) | Y32: =IF(F32="","",IFERROR(_xlfn.TRANSLATE(F32,,"ja"),"")) | AA32: =IF(F32="","",IFERROR(_xlfn.TRANSLATE(F32,,"vi"),"")) | AB32: =IF(Q32="","",IFERROR(_xlfn.TRANSLATE(Q32,,"ja"),"")) | AC32: =IF(Q32="","",IFERROR(_xlfn.TRANSLATE(Q32,,"zh-Hans"),"")) | AE32: =IF(R32="","",IFERROR(_xlfn.TRANSLATE(R32,,"ja"),"")) | AF32: =IF(R32="","",IFERROR(_xlfn.TRANSLATE(R32,,"zh-Hans"),"")) | AG32: =IF(R32="","",IFERROR(_xlfn.TRANSLATE(R32,,"vi"),""))
N33: =IF(OR(L33="",M33=""),"",IF(L33=0,"",M33/L33)) | O33: =IF(A33="","",IF(N33="",INDEX(_ゴミ箱_Backup!$B$89:$D$89,1,MATCH(言語切替!$B$3,_ゴミ箱_Backup!$B$1:$D$1,0)),IF(N33>=1,INDEX(_ゴミ箱_Backup!$B$93:$D$93,1,MATCH(言語切替!$B$3,_ゴミ箱_Backup!$B$1:$D$1,0)),IF(N33>=0.8,INDEX(_ゴミ箱_Backup!$B$91:$D$91,1,MATCH(言語切替!$B$3,_ゴミ箱_Backup!$B$1:$D$1,0)),INDEX(_ゴミ箱_Backup!$B$94:$D$94,1,MATCH(言語切替!$B$3,_ゴミ箱_Backup!$B$1:$D$1,0)))))) | S33: =IF(D33="","",IFERROR(_xlfn.TRANSLATE(D33,,"ja"),"")) | T33: =IF(D33="","",IFERROR(_xlfn.TRANSLATE(D33,,"zh-Hans"),"")) | U33: =IF(D33="","",IFERROR(_xlfn.TRANSLATE(D33,,"vi"),"")) | V33: =IF(E33="","",IFERROR(_xlfn.TRANSLATE(E33,,"ja"),"")) | W33: =IF(E33="","",IFERROR(_xlfn.TRANSLATE(E33,,"zh-Hans"),"")) | Y33: =IF(F33="","",IFERROR(_xlfn.TRANSLATE(F33,,"ja"),"")) | AA33: =IF(F33="","",IFERROR(_xlfn.TRANSLATE(F33,,"vi"),"")) | AB33: =IF(Q33="","",IFERROR(_xlfn.TRANSLATE(Q33,,"ja"),"")) | AC33: =IF(Q33="","",IFERROR(_xlfn.TRANSLATE(Q33,,"zh-Hans"),"")) | AE33: =IF(R33="","",IFERROR(_xlfn.TRANSLATE(R33,,"ja"),"")) | AF33: =IF(R33="","",IFERROR(_xlfn.TRANSLATE(R33,,"zh-Hans"),"")) | AG33: =IF(R33="","",IFERROR(_xlfn.TRANSLATE(R33,,"vi"),""))
N34: =IF(OR(L34="",M34=""),"",IF(L34=0,"",M34/L34)) | O34: =IF(A34="","",IF(N34="",INDEX(_ゴミ箱_Backup!$B$89:$D$89,1,MATCH(言語切替!$B$3,_ゴミ箱_Backup!$B$1:$D$1,0)),IF(N34>=1,INDEX(_ゴミ箱_Backup!$B$93:$D$93,1,MATCH(言語切替!$B$3,_ゴミ箱_Backup!$B$1:$D$1,0)),IF(N34>=0.8,INDEX(_ゴミ箱_Backup!$B$91:$D$91,1,MATCH(言語切替!$B$3,_ゴミ箱_Backup!$B$1:$D$1,0)),INDEX(_ゴミ箱_Backup!$B$94:$D$94,1,MATCH(言語切替!$B$3,_ゴミ箱_Backup!$B$1:$D$1,0)))))) | S34: =IF(D34="","",IFERROR(_xlfn.TRANSLATE(D34,,"ja"),"")) | T34: =IF(D34="","",IFERROR(_xlfn.TRANSLATE(D34,,"zh-Hans"),"")) | U34: =IF(D34="","",IFERROR(_xlfn.TRANSLATE(D34,,"vi"),"")) | V34: =IF(E34="","",IFERROR(_xlfn.TRANSLATE(E34,,"ja"),"")) | W34: =IF(E34="","",IFERROR(_xlfn.TRANSLATE(E34,,"zh-Hans"),"")) | Y34: =IF(F34="","",IFERROR(_xlfn.TRANSLATE(F34,,"ja"),"")) | AA34: =IF(F34="","",IFERROR(_xlfn.TRANSLATE(F34,,"vi"),"")) | AB34: =IF(Q34="","",IFERROR(_xlfn.TRANSLATE(Q34,,"ja"),"")) | AC34: =IF(Q34="","",IFERROR(_xlfn.TRANSLATE(Q34,,"zh-Hans"),"")) | AE34: =IF(R34="","",IFERROR(_xlfn.TRANSLATE(R34,,"ja"),"")) | AF34: =IF(R34="","",IFERROR(_xlfn.TRANSLATE(R34,,"zh-Hans"),"")) | AG34: =IF(R34="","",IFERROR(_xlfn.TRANSLATE(R34,,"vi"),""))
... N204: =IF(OR(L204="",M204=""),"",IF(L204=0,"",M204/L204)) | O204: =IF(A204="","",IF(N204="",INDEX(_ゴミ箱_Backup!$B$89:$D$89,1,MATCH(言語切替!$B$3,_ゴミ箱_Backup!$B$1:$D$1,0)),IF(N204>=1,INDEX(_ゴミ箱_Backup!$B$93:$D$93,1,MATCH(言語切替!$B$3,_ゴミ箱_Backup!$B$1:$D$1,0)),IF(N204>=0.8,INDEX(_ゴミ箱_Backup!$B$91:$D$91,1,MATCH(言語切替!$B$3,_ゴミ箱_Backup!$B$1:$D$1,0)),INDEX(_ゴミ箱_Backup!$B$94:$D$94,1,MATCH(言語切替!$B$3,_ゴミ箱_Backup!$B$1:$D$1,0)))))) | S204: =IF(D204="","",IFERROR(_xlfn.TRANSLATE(D204,,"ja"),"")) | T204: =IF(D204="","",IFERROR(_xlfn.TRANSLATE(D204,,"zh-Hans"),"")) | U204: =IF(D204="","",IFERROR(_xlfn.TRANSLATE(D204,,"vi"),"")) | V204: =IF(E204="","",IFERROR(_xlfn.TRANSLATE(E204,,"ja"),"")) | W204: =IF(E204="","",IFERROR(_xlfn.TRANSLATE(E204,,"zh-Hans"),"")) | Y204: =IF(F204="","",IFERROR(_xlfn.TRANSLATE(F204,,"ja"),"")) | AA204: =IF(F204="","",IFERROR(_xlfn.TRANSLATE(F204,,"vi"),"")) | AB204: =IF(Q204="","",IFERROR(_xlfn.TRANSLATE(Q204,,"ja"),"")) | AC204: =IF(Q204="","",IFERROR(_xlfn.TRANSLATE(Q204,,"zh-Hans"),"")) | AE204: =IF(R204="","",IFERROR(_xlfn.TRANSLATE(R204,,"ja"),"")) | AF204: =IF(R204="","",IFERROR(_xlfn.TRANSLATE(R204,,"zh-Hans"),"")) | AG204: =IF(R204="","",IFERROR(_xlfn.TRANSLATE(R204,,"vi"),""))

Sheet 07_更新履歴
A1: =INDEX(_ゴミ箱_Backup!$B$117:$D$247,MATCH("REV_TITLE",_ゴミ箱_Backup!$A$117:$A$247,0),MATCH(言語切替!$B$3,_ゴミ箱_Backup!$B$1:$D$1,0)) -> #N/A
A2: =INDEX(_ゴミ箱_Backup!$B$117:$D$247,MATCH("REV_DESC",_ゴミ箱_Backup!$A$117:$A$247,0),MATCH(言語切替!$B$3,_ゴミ箱_Backup!$B$1:$D$1,0)) -> #N/A
A3: =INDEX([1]_翻訳マスタ!$B$2:$D$300,MATCH("PARA_HOWTO",[1]_翻訳マスタ!$A$2:$A$300,0),MATCH(言語切替!$B$3,[1]_翻訳マスタ!$B$1:$D$1,0)) -> #N/A
A4: =INDEX(_ゴミ箱_Backup!$B$117:$D$247,MATCH("REV_COL_NO",_ゴミ箱_Backup!$A$117:$A$247,0),MATCH(言語切替!$B$3,_ゴミ箱_Backup!$B$1:$D$1,0)) -> #N/A | B4: =INDEX(_ゴミ箱_Backup!$B$117:$D$247,MATCH("REV_COL_DATE",_ゴミ箱_Backup!$A$117:$A$247,0),MATCH(言語切替!$B$3,_ゴミ箱_Backup!$B$1:$D$1,0)) -> #N/A | C4: =INDEX(_ゴミ箱_Backup!$B$117:$D$247,MATCH("REV_COL_AUTHOR",_ゴミ箱_Backup!$A$117:$A$247,0),MATCH(言語切替!$B$3,_ゴミ箱_Backup!$B$1:$D$1,0)) -> #N/A | D4: =INDEX(_ゴミ箱_Backup!$B$117:$D$247,MATCH("REV_COL_TARGET",_ゴミ箱_Backup!$A$117:$A$247,0),MATCH(言語切替!$B$3,_ゴミ箱_Backup!$B$1:$D$1,0)) -> #N/A | E4: =INDEX(_ゴミ箱_Backup!$B$117:$D$247,MATCH("REV_COL_CONTENT",_ゴミ箱_Backup!$A$117:$A$247,0),MATCH(言語切替!$B$3,_ゴミ箱_Backup!$B$1:$D$1,0)) -> #N/A | F4: =INDEX(_ゴミ箱_Backup!$B$117:$D$247,MATCH("REV_COL_REASON",_ゴミ箱_Backup!$A$117:$A$247,0),MATCH(言語切替!$B$3,_ゴミ箱_Backup!$B$1:$D$1,0)) -> #N/A | G4: =INDEX(_ゴミ箱_Backup!$B$117:$D$247,MATCH("REV_COL_APPROVER",_ゴミ箱_Backup!$A$117:$A$247,0),MATCH(言語切替!$B$3,_ゴミ箱_Backup!$B$1:$D$1,0)) -> #N/A | H4: =INDEX(_ゴミ箱_Backup!$B$117:$D$247,MATCH("REV_COL_NOTE",_ゴミ箱_Backup!$A$117:$A$247,0),MATCH(言語切替!$B$3,_ゴミ箱_Backup!$B$1:$D$1,0)) -> #N/A | I4: =INDEX(_ゴミ箱_Backup!$B$2:$D$300,MATCH("REV_COL_CONTENT",_ゴミ箱_Backup!$A$2:$A$300,0),MATCH(言語切替!$B$3,_ゴミ箱_Backup!$B$1:$D$1,0))&INDEX(_ゴミ箱_Backup!$B$2:$D$300,MATCH("NEW_JP_SUFFIX",_ゴミ箱_Backup!$A$2:$A$300,0),MATCH(言語切替!$B$3,_ゴミ箱_Backup!$B$1:$D$1,0)) -> #N/A | J4: =INDEX(_ゴミ箱_Backup!$B$2:$D$300,MATCH("REV_COL_CONTENT",_ゴミ箱_Backup!$A$2:$A$300,0),MATCH(言語切替!$B$3,_ゴミ箱_Backup!$B$1:$D$1,0))&INDEX(_ゴミ箱_Backup!$B$2:$D$300,MATCH("NEW_CN_SUFFIX",_ゴミ箱_Backup!$A$2:$A$300,0),MATCH(言語切替!$B$3,_ゴミ箱_Backup!$B$1:$D$1,0)) -> #N/A | K4: =INDEX(_ゴミ箱_Backup!$B$2:$D$300,MATCH("REV_COL_CONTENT",_ゴミ箱_Backup!$A$2:$A$300,0),MATCH(言語切替!$B$3,_ゴミ箱_Backup!$B$1:$D$1,0))&INDEX(_ゴミ箱_Backup!$B$2:$D$300,MATCH("NEW_VI_SUFFIX",_ゴミ箱_Backup!$A$2:$A$300,0),MATCH(言語切替!$B$3,_ゴミ箱_Backup!$B$1:$D$1,0)) -> #N/A | L4: =INDEX(_ゴミ箱_Backup!$B$2:$D$300,MATCH("REV_COL_REASON",_ゴミ箱_Backup!$A$2:$A$300,0),MATCH(言語切替!$B$3,_ゴミ箱_Backup!$B$1:$D$1,0))&INDEX(_ゴミ箱_Backup!$B$2:$D$300,MATCH("NEW_JP_SUFFIX",_ゴミ箱_Backup!$A$2:$A$300,0),MATCH(言語切替!$B$3,_ゴミ箱_Backup!$B$1:$D$1,0)) -> #N/A | M4: =INDEX(_ゴミ箱_Backup!$B$2:$D$300,MATCH("REV_COL_REASON",_ゴミ箱_Backup!$A$2:$A$300,0),MATCH(言語切替!$B$3,_ゴミ箱_Backup!$B$1:$D$1,0))&INDEX(_ゴミ箱_Backup!$B$2:$D$300,MATCH("NEW_CN_SUFFIX",_ゴミ箱_Backup!$A$2:$A$300,0),MATCH(言語切替!$B$3,_ゴミ箱_Backup!$B$1:$D$1,0)) -> #N/A | N4: =INDEX(_ゴミ箱_Backup!$B$2:$D$300,MATCH("REV_COL_REASON",_ゴミ箱_Backup!$A$2:$A$300,0),MATCH(言語切替!$B$3,_ゴミ箱_Backup!$B$1:$D$1,0))&INDEX(_ゴミ箱_Backup!$B$2:$D$300,MATCH("NEW_VI_SUFFIX",_ゴミ箱_Backup!$A$2:$A$300,0),MATCH(言語切替!$B$3,_ゴミ箱_Backup!$B$1:$D$1,0)) -> #N/A | O4: =INDEX(_ゴミ箱_Backup!$B$2:$D$300,MATCH("REV_COL_NOTE",_ゴミ箱_Backup!$A$2:$A$300,0),MATCH(言語切替!$B$3,_ゴミ箱_Backup!$B$1:$D$1,0))&INDEX(_ゴミ箱_Backup!$B$2:$D$300,MATCH("NEW_JP_SUFFIX",_ゴミ箱_Backup!$A$2:$A$300,0),MATCH(言語切替!$B$3,_ゴミ箱_Backup!$B$1:$D$1,0)) -> #N/A | P4: =INDEX(_ゴミ箱_Backup!$B$2:$D$300,MATCH("REV_COL_NOTE",_ゴミ箱_Backup!$A$2:$A$300,0),MATCH(言語切替!$B$3,_ゴミ箱_Backup!$B$1:$D$1,0))&INDEX(_ゴミ箱_Backup!$B$2:$D$300,MATCH("NEW_CN_SUFFIX",_ゴミ箱_Backup!$A$2:$A$300,0),MATCH(言語切替!$B$3,_ゴミ箱_Backup!$B$1:$D$1,0)) -> #N/A | Q4: =INDEX(_ゴミ箱_Backup!$B$2:$D$300,MATCH("REV_COL_NOTE",_ゴミ箱_Backup!$A$2:$A$300,0),MATCH(言語切替!$B$3,_ゴミ箱_Backup!$B$1:$D$1,0))&INDEX(_ゴミ箱_Backup!$B$2:$D$300,MATCH("NEW_VI_SUFFIX",_ゴミ箱_Backup!$A$2:$A$300,0),MATCH(言語切替!$B$3,_ゴミ箱_Backup!$B$1:$D$1,0)) -> #N/A
A5: REV-001 | B5: 46288 | C5: =INDEX(_ゴミ箱_Backup!$B$117:$D$247,MATCH("ROLE_PMO",_ゴミ箱_Backup!$A$117:$A$247,0),MATCH(言語切替!$B$3,_ゴミ箱_Backup!$B$1:$D$1,0)) -> #N/A | D5: ='02_マスタ'!$A$5 -> #N/A | E5: =INDEX(_ゴミ箱_Backup!$B$117:$D$247,MATCH("REV_EX1_CONTENT",_ゴミ箱_Backup!$A$117:$A$247,0),MATCH(言語切替!$B$3,_ゴミ箱_Backup!$B$1:$D$1,0)) -> #N/A | F5: =INDEX(_ゴミ箱_Backup!$B$117:$D$247,MATCH("REV_EX1_REASON",_ゴミ箱_Backup!$A$117:$A$247,0),MATCH(言語切替!$B$3,_ゴミ箱_Backup!$B$1:$D$1,0)) -> #N/A | H5: =INDEX(_ゴミ箱_Backup!$B$117:$D$247,MATCH("COMMON_EXAMPLE",_ゴミ箱_Backup!$A$117:$A$247,0),MATCH(言語切替!$B$3,_ゴミ箱_Backup!$B$1:$D$1,0)) -> #N/A | I5: =IF(E5="","",IFERROR(_xlfn.TRANSLATE(E5,,"ja"),"")) -> #N/A | J5: =IF(E5="","",IFERROR(_xlfn.TRANSLATE(E5,,"zh-Hans"),"")) -> #N/A | K5: =IF(E5="","",IFERROR(_xlfn.TRANSLATE(E5,,"vi"),"")) -> #N/A | L5: =IF(F5="","",IFERROR(_xlfn.TRANSLATE(F5,,"ja"),"")) -> #N/A | M5: =IF(F5="","",IFERROR(_xlfn.TRANSLATE(F5,,"zh-Hans"),"")) -> #N/A | N5: =IF(F5="","",IFERROR(_xlfn.TRANSLATE(F5,,"vi"),"")) -> #N/A | O5: =IF(H5="","",IFERROR(_xlfn.TRANSLATE(H5,,"ja"),"")) -> #N/A | P5: =IF(H5="","",IFERROR(_xlfn.TRANSLATE(H5,,"zh-Hans"),"")) -> #N/A | Q5: =IF(H5="","",IFERROR(_xlfn.TRANSLATE(H5,,"vi"),"")) -> #N/A
I6: =IF(E6="","",IFERROR(_xlfn.TRANSLATE(E6,,"ja"),"")) | J6: =IF(E6="","",IFERROR(_xlfn.TRANSLATE(E6,,"zh-Hans"),"")) | K6: =IF(E6="","",IFERROR(_xlfn.TRANSLATE(E6,,"vi"),"")) | L6: =IF(F6="","",IFERROR(_xlfn.TRANSLATE(F6,,"ja"),"")) | M6: =IF(F6="","",IFERROR(_xlfn.TRANSLATE(F6,,"zh-Hans"),"")) | N6: =IF(F6="","",IFERROR(_xlfn.TRANSLATE(F6,,"vi"),"")) | O6: =IF(H6="","",IFERROR(_xlfn.TRANSLATE(H6,,"ja"),"")) | P6: =IF(H6="","",IFERROR(_xlfn.TRANSLATE(H6,,"zh-Hans"),"")) | Q6: =IF(H6="","",IFERROR(_xlfn.TRANSLATE(H6,,"vi"),""))
I7: =IF(E7="","",IFERROR(_xlfn.TRANSLATE(E7,,"ja"),"")) | J7: =IF(E7="","",IFERROR(_xlfn.TRANSLATE(E7,,"zh-Hans"),"")) | K7: =IF(E7="","",IFERROR(_xlfn.TRANSLATE(E7,,"vi"),"")) | L7: =IF(F7="","",IFERROR(_xlfn.TRANSLATE(F7,,"ja"),"")) | M7: =IF(F7="","",IFERROR(_xlfn.TRANSLATE(F7,,"zh-Hans"),"")) | N7: =IF(F7="","",IFERROR(_xlfn.TRANSLATE(F7,,"vi"),"")) | O7: =IF(H7="","",IFERROR(_xlfn.TRANSLATE(H7,,"ja"),"")) | P7: =IF(H7="","",IFERROR(_xlfn.TRANSLATE(H7,,"zh-Hans"),"")) | Q7: =IF(H7="","",IFERROR(_xlfn.TRANSLATE(H7,,"vi"),""))
I8: =IF(E8="","",IFERROR(_xlfn.TRANSLATE(E8,,"ja"),"")) | J8: =IF(E8="","",IFERROR(_xlfn.TRANSLATE(E8,,"zh-Hans"),"")) | K8: =IF(E8="","",IFERROR(_xlfn.TRANSLATE(E8,,"vi"),"")) | L8: =IF(F8="","",IFERROR(_xlfn.TRANSLATE(F8,,"ja"),"")) | M8: =IF(F8="","",IFERROR(_xlfn.TRANSLATE(F8,,"zh-Hans"),"")) | N8: =IF(F8="","",IFERROR(_xlfn.TRANSLATE(F8,,"vi"),"")) | O8: =IF(H8="","",IFERROR(_xlfn.TRANSLATE(H8,,"ja"),"")) | P8: =IF(H8="","",IFERROR(_xlfn.TRANSLATE(H8,,"zh-Hans"),"")) | Q8: =IF(H8="","",IFERROR(_xlfn.TRANSLATE(H8,,"vi"),""))
I9: =IF(E9="","",IFERROR(_xlfn.TRANSLATE(E9,,"ja"),"")) | J9: =IF(E9="","",IFERROR(_xlfn.TRANSLATE(E9,,"zh-Hans"),"")) | K9: =IF(E9="","",IFERROR(_xlfn.TRANSLATE(E9,,"vi"),"")) | L9: =IF(F9="","",IFERROR(_xlfn.TRANSLATE(F9,,"ja"),"")) | M9: =IF(F9="","",IFERROR(_xlfn.TRANSLATE(F9,,"zh-Hans"),"")) | N9: =IF(F9="","",IFERROR(_xlfn.TRANSLATE(F9,,"vi"),"")) | O9: =IF(H9="","",IFERROR(_xlfn.TRANSLATE(H9,,"ja"),"")) | P9: =IF(H9="","",IFERROR(_xlfn.TRANSLATE(H9,,"zh-Hans"),"")) | Q9: =IF(H9="","",IFERROR(_xlfn.TRANSLATE(H9,,"vi"),""))
I10: =IF(E10="","",IFERROR(_xlfn.TRANSLATE(E10,,"ja"),"")) | J10: =IF(E10="","",IFERROR(_xlfn.TRANSLATE(E10,,"zh-Hans"),"")) | K10: =IF(E10="","",IFERROR(_xlfn.TRANSLATE(E10,,"vi"),"")) | L10: =IF(F10="","",IFERROR(_xlfn.TRANSLATE(F10,,"ja"),"")) | M10: =IF(F10="","",IFERROR(_xlfn.TRANSLATE(F10,,"zh-Hans"),"")) | N10: =IF(F10="","",IFERROR(_xlfn.TRANSLATE(F10,,"vi"),"")) | O10: =IF(H10="","",IFERROR(_xlfn.TRANSLATE(H10,,"ja"),"")) | P10: =IF(H10="","",IFERROR(_xlfn.TRANSLATE(H10,,"zh-Hans"),"")) | Q10: =IF(H10="","",IFERROR(_xlfn.TRANSLATE(H10,,"vi"),""))
I11: =IF(E11="","",IFERROR(_xlfn.TRANSLATE(E11,,"ja"),"")) | J11: =IF(E11="","",IFERROR(_xlfn.TRANSLATE(E11,,"zh-Hans"),"")) | K11: =IF(E11="","",IFERROR(_xlfn.TRANSLATE(E11,,"vi"),"")) | L11: =IF(F11="","",IFERROR(_xlfn.TRANSLATE(F11,,"ja"),"")) | M11: =IF(F11="","",IFERROR(_xlfn.TRANSLATE(F11,,"zh-Hans"),"")) | N11: =IF(F11="","",IFERROR(_xlfn.TRANSLATE(F11,,"vi"),"")) | O11: =IF(H11="","",IFERROR(_xlfn.TRANSLATE(H11,,"ja"),"")) | P11: =IF(H11="","",IFERROR(_xlfn.TRANSLATE(H11,,"zh-Hans"),"")) | Q11: =IF(H11="","",IFERROR(_xlfn.TRANSLATE(H11,,"vi"),""))
I12: =IF(E12="","",IFERROR(_xlfn.TRANSLATE(E12,,"ja"),"")) | J12: =IF(E12="","",IFERROR(_xlfn.TRANSLATE(E12,,"zh-Hans"),"")) | K12: =IF(E12="","",IFERROR(_xlfn.TRANSLATE(E12,,"vi"),"")) | L12: =IF(F12="","",IFERROR(_xlfn.TRANSLATE(F12,,"ja"),"")) | M12: =IF(F12="","",IFERROR(_xlfn.TRANSLATE(F12,,"zh-Hans"),"")) | N12: =IF(F12="","",IFERROR(_xlfn.TRANSLATE(F12,,"vi"),"")) | O12: =IF(H12="","",IFERROR(_xlfn.TRANSLATE(H12,,"ja"),"")) | P12: =IF(H12="","",IFERROR(_xlfn.TRANSLATE(H12,,"zh-Hans"),"")) | Q12: =IF(H12="","",IFERROR(_xlfn.TRANSLATE(H12,,"vi"),""))
I13: =IF(E13="","",IFERROR(_xlfn.TRANSLATE(E13,,"ja"),"")) | J13: =IF(E13="","",IFERROR(_xlfn.TRANSLATE(E13,,"zh-Hans"),"")) | K13: =IF(E13="","",IFERROR(_xlfn.TRANSLATE(E13,,"vi"),"")) | L13: =IF(F13="","",IFERROR(_xlfn.TRANSLATE(F13,,"ja"),"")) | M13: =IF(F13="","",IFERROR(_xlfn.TRANSLATE(F13,,"zh-Hans"),"")) | N13: =IF(F13="","",IFERROR(_xlfn.TRANSLATE(F13,,"vi"),"")) | O13: =IF(H13="","",IFERROR(_xlfn.TRANSLATE(H13,,"ja"),"")) | P13: =IF(H13="","",IFERROR(_xlfn.TRANSLATE(H13,,"zh-Hans"),"")) | Q13: =IF(H13="","",IFERROR(_xlfn.TRANSLATE(H13,,"vi"),""))
I14: =IF(E14="","",IFERROR(_xlfn.TRANSLATE(E14,,"ja"),"")) | J14: =IF(E14="","",IFERROR(_xlfn.TRANSLATE(E14,,"zh-Hans"),"")) | K14: =IF(E14="","",IFERROR(_xlfn.TRANSLATE(E14,,"vi"),"")) | L14: =IF(F14="","",IFERROR(_xlfn.TRANSLATE(F14,,"ja"),"")) | M14: =IF(F14="","",IFERROR(_xlfn.TRANSLATE(F14,,"zh-Hans"),"")) | N14: =IF(F14="","",IFERROR(_xlfn.TRANSLATE(F14,,"vi"),"")) | O14: =IF(H14="","",IFERROR(_xlfn.TRANSLATE(H14,,"ja"),"")) | P14: =IF(H14="","",IFERROR(_xlfn.TRANSLATE(H14,,"zh-Hans"),"")) | Q14: =IF(H14="","",IFERROR(_xlfn.TRANSLATE(H14,,"vi"),""))
I15: =IF(E15="","",IFERROR(_xlfn.TRANSLATE(E15,,"ja"),"")) | J15: =IF(E15="","",IFERROR(_xlfn.TRANSLATE(E15,,"zh-Hans"),"")) | K15: =IF(E15="","",IFERROR(_xlfn.TRANSLATE(E15,,"vi"),"")) | L15: =IF(F15="","",IFERROR(_xlfn.TRANSLATE(F15,,"ja"),"")) | M15: =IF(F15="","",IFERROR(_xlfn.TRANSLATE(F15,,"zh-Hans"),"")) | N15: =IF(F15="","",IFERROR(_xlfn.TRANSLATE(F15,,"vi"),"")) | O15: =IF(H15="","",IFERROR(_xlfn.TRANSLATE(H15,,"ja"),"")) | P15: =IF(H15="","",IFERROR(_xlfn.TRANSLATE(H15,,"zh-Hans"),"")) | Q15: =IF(H15="","",IFERROR(_xlfn.TRANSLATE(H15,,"vi"),""))
I16: =IF(E16="","",IFERROR(_xlfn.TRANSLATE(E16,,"ja"),"")) | J16: =IF(E16="","",IFERROR(_xlfn.TRANSLATE(E16,,"zh-Hans"),"")) | K16: =IF(E16="","",IFERROR(_xlfn.TRANSLATE(E16,,"vi"),"")) | L16: =IF(F16="","",IFERROR(_xlfn.TRANSLATE(F16,,"ja"),"")) | M16: =IF(F16="","",IFERROR(_xlfn.TRANSLATE(F16,,"zh-Hans"),"")) | N16: =IF(F16="","",IFERROR(_xlfn.TRANSLATE(F16,,"vi"),"")) | O16: =IF(H16="","",IFERROR(_xlfn.TRANSLATE(H16,,"ja"),"")) | P16: =IF(H16="","",IFERROR(_xlfn.TRANSLATE(H16,,"zh-Hans"),"")) | Q16: =IF(H16="","",IFERROR(_xlfn.TRANSLATE(H16,,"vi"),""))
I17: =IF(E17="","",IFERROR(_xlfn.TRANSLATE(E17,,"ja"),"")) | J17: =IF(E17="","",IFERROR(_xlfn.TRANSLATE(E17,,"zh-Hans"),"")) | K17: =IF(E17="","",IFERROR(_xlfn.TRANSLATE(E17,,"vi"),"")) | L17: =IF(F17="","",IFERROR(_xlfn.TRANSLATE(F17,,"ja"),"")) | M17: =IF(F17="","",IFERROR(_xlfn.TRANSLATE(F17,,"zh-Hans"),"")) | N17: =IF(F17="","",IFERROR(_xlfn.TRANSLATE(F17,,"vi"),"")) | O17: =IF(H17="","",IFERROR(_xlfn.TRANSLATE(H17,,"ja"),"")) | P17: =IF(H17="","",IFERROR(_xlfn.TRANSLATE(H17,,"zh-Hans"),"")) | Q17: =IF(H17="","",IFERROR(_xlfn.TRANSLATE(H17,,"vi"),""))
... I55: =IF(E55="","",IFERROR(_xlfn.TRANSLATE(E55,,"ja"),"")) | J55: =IF(E55="","",IFERROR(_xlfn.TRANSLATE(E55,,"zh-Hans"),"")) | K55: =IF(E55="","",IFERROR(_xlfn.TRANSLATE(E55,,"vi"),"")) | L55: =IF(F55="","",IFERROR(_xlfn.TRANSLATE(F55,,"ja"),"")) | M55: =IF(F55="","",IFERROR(_xlfn.TRANSLATE(F55,,"zh-Hans"),"")) | N55: =IF(F55="","",IFERROR(_xlfn.TRANSLATE(F55,,"vi"),"")) | O55: =IF(H55="","",IFERROR(_xlfn.TRANSLATE(H55,,"ja"),"")) | P55: =IF(H55="","",IFERROR(_xlfn.TRANSLATE(H55,,"zh-Hans"),"")) | Q55: =IF(H55="","",IFERROR(_xlfn.TRANSLATE(H55,,"vi"),""))
I56: =IF(E56="","",IFERROR(_xlfn.TRANSLATE(E56,,"ja"),"")) | J56: =IF(E56="","",IFERROR(_xlfn.TRANSLATE(E56,,"zh-Hans"),"")) | K56: =IF(E56="","",IFERROR(_xlfn.TRANSLATE(E56,,"vi"),"")) | L56: =IF(F56="","",IFERROR(_xlfn.TRANSLATE(F56,,"ja"),"")) | N56: =IF(F56="","",IFERROR(_xlfn.TRANSLATE(F56,,"vi"),"")) | O56: =IF(H56="","",IFERROR(_xlfn.TRANSLATE(H56,,"ja"),"")) | P56: =IF(H56="","",IFERROR(_xlfn.TRANSLATE(H56,,"zh-Hans"),"")) | Q56: =IF(H56="","",IFERROR(_xlfn.TRANSLATE(H56,,"vi"),""))
I57: =IF(E57="","",IFERROR(_xlfn.TRANSLATE(E57,,"ja"),"")) | J57: =IF(E57="","",IFERROR(_xlfn.TRANSLATE(E57,,"zh-Hans"),"")) | K57: =IF(E57="","",IFERROR(_xlfn.TRANSLATE(E57,,"vi"),"")) | L57: =IF(F57="","",IFERROR(_xlfn.TRANSLATE(F57,,"ja"),"")) | N57: =IF(F57="","",IFERROR(_xlfn.TRANSLATE(F57,,"vi"),"")) | O57: =IF(H57="","",IFERROR(_xlfn.TRANSLATE(H57,,"ja"),"")) | P57: =IF(H57="","",IFERROR(_xlfn.TRANSLATE(H57,,"zh-Hans"),"")) | Q57: =IF(H57="","",IFERROR(_xlfn.TRANSLATE(H57,,"vi"),""))
I58: =IF(E58="","",IFERROR(_xlfn.TRANSLATE(E58,,"ja"),"")) | J58: =IF(E58="","",IFERROR(_xlfn.TRANSLATE(E58,,"zh-Hans"),"")) | K58: =IF(E58="","",IFERROR(_xlfn.TRANSLATE(E58,,"vi"),"")) | L58: =IF(F58="","",IFERROR(_xlfn.TRANSLATE(F58,,"ja"),"")) | N58: =IF(F58="","",IFERROR(_xlfn.TRANSLATE(F58,,"vi"),"")) | O58: =IF(H58="","",IFERROR(_xlfn.TRANSLATE(H58,,"ja"),"")) | P58: =IF(H58="","",IFERROR(_xlfn.TRANSLATE(H58,,"zh-Hans"),"")) | Q58: =IF(H58="","",IFERROR(_xlfn.TRANSLATE(H58,,"vi"),""))
I59: =IF(E59="","",IFERROR(_xlfn.TRANSLATE(E59,,"ja"),"")) | J59: =IF(E59="","",IFERROR(_xlfn.TRANSLATE(E59,,"zh-Hans"),"")) | K59: =IF(E59="","",IFERROR(_xlfn.TRANSLATE(E59,,"vi"),"")) | L59: =IF(F59="","",IFERROR(_xlfn.TRANSLATE(F59,,"ja"),"")) | N59: =IF(F59="","",IFERROR(_xlfn.TRANSLATE(F59,,"vi"),"")) | O59: =IF(H59="","",IFERROR(_xlfn.TRANSLATE(H59,,"ja"),"")) | P59: =IF(H59="","",IFERROR(_xlfn.TRANSLATE(H59,,"zh-Hans"),"")) | Q59: =IF(H59="","",IFERROR(_xlfn.TRANSLATE(H59,,"vi"),""))
I60: =IF(E60="","",IFERROR(_xlfn.TRANSLATE(E60,,"ja"),"")) | J60: =IF(E60="","",IFERROR(_xlfn.TRANSLATE(E60,,"zh-Hans"),"")) | K60: =IF(E60="","",IFERROR(_xlfn.TRANSLATE(E60,,"vi"),"")) | L60: =IF(F60="","",IFERROR(_xlfn.TRANSLATE(F60,,"ja"),"")) | N60: =IF(F60="","",IFERROR(_xlfn.TRANSLATE(F60,,"vi"),"")) | O60: =IF(H60="","",IFERROR(_xlfn.TRANSLATE(H60,,"ja"),"")) | P60: =IF(H60="","",IFERROR(_xlfn.TRANSLATE(H60,,"zh-Hans"),"")) | Q60: =IF(H60="","",IFERROR(_xlfn.TRANSLATE(H60,,"vi"),""))
I61: =IF(E61="","",IFERROR(_xlfn.TRANSLATE(E61,,"ja"),"")) | J61: =IF(E61="","",IFERROR(_xlfn.TRANSLATE(E61,,"zh-Hans"),"")) | K61: =IF(E61="","",IFERROR(_xlfn.TRANSLATE(E61,,"vi"),"")) | L61: =IF(F61="","",IFERROR(_xlfn.TRANSLATE(F61,,"ja"),"")) | N61: =IF(F61="","",IFERROR(_xlfn.TRANSLATE(F61,,"vi"),"")) | O61: =IF(H61="","",IFERROR(_xlfn.TRANSLATE(H61,,"ja"),"")) | P61: =IF(H61="","",IFERROR(_xlfn.TRANSLATE(H61,,"zh-Hans"),"")) | Q61: =IF(H61="","",IFERROR(_xlfn.TRANSLATE(H61,,"vi"),""))
I62: =IF(E62="","",IFERROR(_xlfn.TRANSLATE(E62,,"ja"),"")) | J62: =IF(E62="","",IFERROR(_xlfn.TRANSLATE(E62,,"zh-Hans"),"")) | K62: =IF(E62="","",IFERROR(_xlfn.TRANSLATE(E62,,"vi"),"")) | L62: =IF(F62="","",IFERROR(_xlfn.TRANSLATE(F62,,"ja"),"")) | N62: =IF(F62="","",IFERROR(_xlfn.TRANSLATE(F62,,"vi"),"")) | O62: =IF(H62="","",IFERROR(_xlfn.TRANSLATE(H62,,"ja"),"")) | P62: =IF(H62="","",IFERROR(_xlfn.TRANSLATE(H62,,"zh-Hans"),"")) | Q62: =IF(H62="","",IFERROR(_xlfn.TRANSLATE(H62,,"vi"),""))
I63: =IF(E63="","",IFERROR(_xlfn.TRANSLATE(E63,,"ja"),"")) | J63: =IF(E63="","",IFERROR(_xlfn.TRANSLATE(E63,,"zh-Hans"),"")) | K63: =IF(E63="","",IFERROR(_xlfn.TRANSLATE(E63,,"vi"),"")) | L63: =IF(F63="","",IFERROR(_xlfn.TRANSLATE(F63,,"ja"),"")) | N63: =IF(F63="","",IFERROR(_xlfn.TRANSLATE(F63,,"vi"),"")) | O63: =IF(H63="","",IFERROR(_xlfn.TRANSLATE(H63,,"ja"),"")) | P63: =IF(H63="","",IFERROR(_xlfn.TRANSLATE(H63,,"zh-Hans"),"")) | Q63: =IF(H63="","",IFERROR(_xlfn.TRANSLATE(H63,,"vi"),""))
I64: =IF(E64="","",IFERROR(_xlfn.TRANSLATE(E64,,"ja"),"")) | J64: =IF(E64="","",IFERROR(_xlfn.TRANSLATE(E64,,"zh-Hans"),"")) | K64: =IF(E64="","",IFERROR(_xlfn.TRANSLATE(E64,,"vi"),"")) | L64: =IF(F64="","",IFERROR(_xlfn.TRANSLATE(F64,,"ja"),"")) | N64: =IF(F64="","",IFERROR(_xlfn.TRANSLATE(F64,,"vi"),"")) | O64: =IF(H64="","",IFERROR(_xlfn.TRANSLATE(H64,,"ja"),"")) | P64: =IF(H64="","",IFERROR(_xlfn.TRANSLATE(H64,,"zh-Hans"),"")) | Q64: =IF(H64="","",IFERROR(_xlfn.TRANSLATE(H64,,"vi"),""))
I65: =IF(E65="","",IFERROR(_xlfn.TRANSLATE(E65,,"ja"),"")) | J65: =IF(E65="","",IFERROR(_xlfn.TRANSLATE(E65,,"zh-Hans"),"")) | K65: =IF(E65="","",IFERROR(_xlfn.TRANSLATE(E65,,"vi"),"")) | L65: =IF(F65="","",IFERROR(_xlfn.TRANSLATE(F65,,"ja"),"")) | N65: =IF(F65="","",IFERROR(_xlfn.TRANSLATE(F65,,"vi"),"")) | O65: =IF(H65="","",IFERROR(_xlfn.TRANSLATE(H65,,"ja"),"")) | P65: =IF(H65="","",IFERROR(_xlfn.TRANSLATE(H65,,"zh-Hans"),"")) | Q65: =IF(H65="","",IFERROR(_xlfn.TRANSLATE(H65,,"vi"),""))
I66: =IF(E66="","",IFERROR(_xlfn.TRANSLATE(E66,,"ja"),"")) | J66: =IF(E66="","",IFERROR(_xlfn.TRANSLATE(E66,,"zh-Hans"),"")) | K66: =IF(E66="","",IFERROR(_xlfn.TRANSLATE(E66,,"vi"),"")) | L66: =IF(F66="","",IFERROR(_xlfn.TRANSLATE(F66,,"ja"),"")) | N66: =IF(F66="","",IFERROR(_xlfn.TRANSLATE(F66,,"vi"),"")) | O66: =IF(H66="","",IFERROR(_xlfn.TRANSLATE(H66,,"ja"),"")) | P66: =IF(H66="","",IFERROR(_xlfn.TRANSLATE(H66,,"zh-Hans"),"")) | Q66: =IF(H66="","",IFERROR(_xlfn.TRANSLATE(H66,,"vi"),""))
I67: =IF(E67="","",IFERROR(_xlfn.TRANSLATE(E67,,"ja"),"")) | J67: =IF(E67="","",IFERROR(_xlfn.TRANSLATE(E67,,"zh-Hans"),"")) | K67: =IF(E67="","",IFERROR(_xlfn.TRANSLATE(E67,,"vi"),"")) | L67: =IF(F67="","",IFERROR(_xlfn.TRANSLATE(F67,,"ja"),"")) | N67: =IF(F67="","",IFERROR(_xlfn.TRANSLATE(F67,,"vi"),"")) | O67: =IF(H67="","",IFERROR(_xlfn.TRANSLATE(H67,,"ja"),"")) | P67: =IF(H67="","",IFERROR(_xlfn.TRANSLATE(H67,,"zh-Hans"),"")) | Q67: =IF(H67="","",IFERROR(_xlfn.TRANSLATE(H67,,"vi"),""))
... I104: =IF(E104="","",IFERROR(_xlfn.TRANSLATE(E104,,"ja"),"")) | J104: =IF(E104="","",IFERROR(_xlfn.TRANSLATE(E104,,"zh-Hans"),"")) | K104: =IF(E104="","",IFERROR(_xlfn.TRANSLATE(E104,,"vi"),"")) | L104: =IF(F104="","",IFERROR(_xlfn.TRANSLATE(F104,,"ja"),"")) | N104: =IF(F104="","",IFERROR(_xlfn.TRANSLATE(F104,,"vi"),"")) | O104: =IF(H104="","",IFERROR(_xlfn.TRANSLATE(H104,,"ja"),"")) | P104: =IF(H104="","",IFERROR(_xlfn.TRANSLATE(H104,,"zh-Hans"),"")) | Q104: =IF(H104="","",IFERROR(_xlfn.TRANSLATE(H104,,"vi"),""))

Sheet _ゴミ箱_Backup
A1: =INDEX([1]_翻訳マスタ!$B$2:$D$300,MATCH("GOMI_NO",[1]_翻訳マスタ!$A$2:$A$300,0),MATCH(言語切替!$B$3,[1]_翻訳マスタ!$B$1:$D$1,0)) -> #N/A | B1: =INDEX([1]_翻訳マスタ!$B$2:$D$300,MATCH("GOMI_DATE",[1]_翻訳マスタ!$A$2:$A$300,0),MATCH(言語切替!$B$3,[1]_翻訳マスタ!$B$1:$D$1,0)) -> #N/A | C1: =INDEX([1]_翻訳マスタ!$B$2:$D$300,MATCH("GOMI_SHEET",[1]_翻訳マスタ!$A$2:$A$300,0),MATCH(言語切替!$B$3,[1]_翻訳マスタ!$B$1:$D$1,0)) -> #N/A | D1: =INDEX([1]_翻訳マスタ!$B$2:$D$300,MATCH("GOMI_ID",[1]_翻訳マスタ!$A$2:$A$300,0),MATCH(言語切替!$B$3,[1]_翻訳マスタ!$B$1:$D$1,0)) -> #N/A | E1: =INDEX([1]_翻訳マスタ!$B$2:$D$300,MATCH("GOMI_SNAP",[1]_翻訳マスタ!$A$2:$A$300,0),MATCH(言語切替!$B$3,[1]_翻訳マスタ!$B$1:$D$1,0)) -> #N/A | F1: =INDEX([1]_翻訳マスタ!$B$2:$D$300,MATCH("GOMI_BY",[1]_翻訳マスタ!$A$2:$A$300,0),MATCH(言語切替!$B$3,[1]_翻訳マスタ!$B$1:$D$1,0)) -> #N/A | G1: =INDEX([1]_翻訳マスタ!$B$2:$D$300,MATCH("GOMI_REASON",[1]_翻訳マスタ!$A$2:$A$300,0),MATCH(言語切替!$B$3,[1]_翻訳マスタ!$B$1:$D$1,0)) -> #N/A
A2: TITLE | B2: スマートファクトリー分科会 管理ツール | C2: 智能工厂分科会 管理工具 | D2: Công cụ quản lý Tiểu ban Nhà máy Thông minh
A3: PURPOSE | B3: 目的：9つのWGを横断して、計画・課題・判断・KPIを一つの管理サイクルで運用するための初版案 | C3: 目的：跨9个工作组，以统一的管理周期管理计划、课题、决策和KPI的初版方案 | D3: Mục đích: Bản dự thảo đầu tiên nhằm quản lý kế hoạch, vấn đề, quyết định và KPI của 9 WG trong một chu trình quản lý thống nhất
A4: PRINCIPLE_HEADER | B4: 1. 基本原則 | C4: 1. 基本原则 | D4: 1. Nguyên tắc cơ bản
A5: P1 | B5: • 詳細な議論は議事録・関連資料に残す | C5: • 详细讨论保留在会议纪要及相关资料中 | D5: • Lưu các thảo luận chi tiết trong biên bản họp và tài liệu liên quan
A6: P2 | B6: • 本ファイルには結論、次アクション、担当、期限、リンクを残す | C6: • 本文件记录结论、下一步行动、负责人、期限和链接 | D6: • Trong tệp này, ghi lại kết luận, hành động tiếp theo, người phụ trách, thời hạn và liên kết
A7: P3 | B7: • 同じ内容を複数シートへ二重入力しない | C7: • 不要在多个工作表中重复录入相同内容 | D7: • Không nhập trùng cùng một nội dung trên nhiều trang tính
A8: P4 | B8: • 行を物理削除せず、変更・取下理由を記録する | C8: • 不要直接删除行，应记录变更或撤回原因 | D8: • Không xóa dòng; hãy ghi lại lý do thay đổi hoặc rút lại
A9: COL_SHEET | B9: シート | C9: 工作表 | D9: Trang tính
A10: COL_USAGE | B10: 用途 | C10: 用途 | D10: Mục đích sử dụng
A11: U1 | B11: 事務局・リーダー会用ダッシュボード | C11: 管理办公室及负责人会议用仪表板 | D11: Bảng điều khiển cho ban điều hành và cuộc họp trưởng nhóm
A12: U2 | B12: 入力候補とWG定義 | C12: 输入候选值和WG定义 | D12: Danh sách lựa chọn nhập liệu và định nghĩa WG
A13: U3 | B13: 成果物・マイルストーンの計画管理 | C13: 成果物及里程碑的计划管理 | D13: Quản lý kế hoạch sản phẩm bàn giao và mốc tiến độ
... A32: E4 | B32: • スコープ変更、投資、人員、上位判断が必要 | C32: • 需要变更范围、投资、人员配置或上级决策 | D32: • Cần thay đổi phạm vi, đầu tư, nhân sự hoặc quyết định cấp cao hơn
A33: DASH_TITLE | B33: 全体サマリー | C33: 整体摘要 | D33: Tổng quan | E33: =INDEX(B33:D33,1,MATCH(言語切替!$B$3,$B$1:$D$1,0)) -> #N/A
A34: DASH_DESC | B34: 運営事務局・週次WGリーダー会用。入力は不要。WBS／課題ToDo／KPIの情報を自動集計する。 | C34: 供管理办公室及每周WG负责人会议使用。无需输入，自动汇总WBS、课题ToDo和KPI信息。 | D34: Dùng cho ban điều hành và cuộc họp trưởng WG hàng tuần. Không cần nhập liệu; thông tin WBS, Vấn đề/ToDo và KPI được tự động tổng hợp. | E34: =INDEX(B34:D34,1,MATCH(言語切替!$B$3,$B$1:$D$1,0)) -> #N/A
A35: DASH_OPEN_WBS | B35: 未完了WBS | C35: 未完成WBS | D35: WBS chưa hoàn thành | E35: =INDEX(B35:D35,1,MATCH(言語切替!$B$3,$B$1:$D$1,0)) -> #N/A
A36: DASH_DELAY_WBS | B36: 遅延WBS | C36: 延期WBS | D36: WBS chậm tiến độ | E36: =INDEX(B36:D36,1,MATCH(言語切替!$B$3,$B$1:$D$1,0)) -> #N/A
A37: DASH_OPEN_ISSUES | B37: 未完了課題ToDo | C37: 未完成课题ToDo | D37: Vấn đề/ToDo chưa hoàn thành | E37: =INDEX(B37:D37,1,MATCH(言語切替!$B$3,$B$1:$D$1,0)) -> #N/A
A38: DASH_HIGH_OVERDUE | B38: High／期限超過 | C38: High／逾期 | D38: High / Quá hạn | E38: =INDEX(B38:D38,1,MATCH(言語切替!$B$3,$B$1:$D$1,0)) -> #N/A
A39: DASH_KPI_MISS | B39: KPI未達 | C39: KPI未达标 | D39: KPI chưa đạt | E39: =INDEX(B39:D39,1,MATCH(言語切替!$B$3,$B$1:$D$1,0)) -> #N/A
A40: DASH_WG | B40: WG | C40: WG | D40: WG | E40: =INDEX(B40:D40,1,MATCH(言語切替!$B$3,$B$1:$D$1,0)) -> #N/A
A41: DASH_OPEN_ISSUES_SHORT | B41: 未完了課題 | C41: 未完成课题 | D41: Vấn đề chưa hoàn thành | E41: =INDEX(B41:D41,1,MATCH(言語切替!$B$3,$B$1:$D$1,0)) -> #N/A
A42: DASH_HIGH_OVERDUE_SHORT | B42: High/超過 | C42: High/逾期 | D42: High/Quá hạn | E42: =INDEX(B42:D42,1,MATCH(言語切替!$B$3,$B$1:$D$1,0)) -> #N/A
A43: DASH_WAITING | B43: 判断/他WG待ち | C43: 待决策/等待其他WG | D43: Chờ quyết định/WG khác | E43: =INDEX(B43:D43,1,MATCH(言語切替!$B$3,$B$1:$D$1,0)) -> #N/A
A44: DASH_CHART_TITLE | B44: WG別 未完了課題 | C44: 各WG未完成课题 | D44: Vấn đề chưa hoàn thành theo WG | E44: =INDEX(B44:D44,1,MATCH(言語切替!$B$3,$B$1:$D$1,0)) -> #N/A
A45: DASH_COUNT | B45: 件数 | C45: 数量 | D45: Số lượng | E45: =INDEX(B45:D45,1,MATCH(言語切替!$B$3,$B$1:$D$1,0)) -> #N/A
A46: DASH_ALL | B46: 全体 | C46: 整体 | D46: Toàn bộ
A47: M_TITLE | B47: 入力マスタ | C47: 输入主数据 | D47: Danh mục nhập liệu
A48: M_DESC | B48: 入力規則で使用する候補値。事務局のみが変更する。 | C48: 用于数据验证的候选值。仅限管理办公室修改。 | D48: Các giá trị lựa chọn dùng cho xác thực dữ liệu. Chỉ ban điều hành được thay đổi.
A49: M_WG | B49: WG | C49: WG | D49: WG
A50: M_SITE | B50: 拠点 | C50: 据点 | D50: Đơn vị
A51: M_STATUS | B51: ステータス | C51: 状态 | D51: Trạng thái
A52: M_PRIORITY | B52: 優先度 | C52: 优先级 | D52: Mức ưu tiên
A53: M_TYPE | B53: 区分 | C53: 分类 | D53: Phân loại
A54: M_KPI_LEVEL | B54: KPI階層 | C54: KPI层级 | D54: Cấp KPI
A55: M_JUDGMENT | B55: 判定 | C55: 判定 | D55: Đánh giá
A56: M_ALL | B56: 全体 | C56: 整体 | D56: Toàn bộ
A57: M_WG1 | B57: WG-1 | C57: WG-1 | D57: WG-1
... A265: LANG_VI | B265: vi | C265: vi | D265: vi
