Workbook

Sheet 言語切替
A1: 言語切替 / 语言切换 / Chuyển ngôn ngữ
A3: 表示言語 | B3: Tiếng Việt
A6: Language code / Ma ngon ngu (TRANSLATE, do not edit)
A7: 日本語 | B7: ja
A8: 中文 | B8: zh-Hans
A9: Tiếng Việt | B9: vi
A11: Auto-translate needs M365+internet. If #NAME?, use Copilot manual.

Sheet 00_運用ルール
A1: =INDEX(_翻訳マスタ!$B$2:$D$32,MATCH("TITLE",_翻訳マスタ!$A$2:$A$32,0),MATCH(言語切替!$B$3,_翻訳マスタ!$B$1:$D$1,0)) -> Công cụ quản lý Tiểu ban Nhà máy Thông minh
A2: =INDEX(_翻訳マスタ!$B$2:$D$32,MATCH("PURPOSE",_翻訳マスタ!$A$2:$A$32,0),MATCH(言語切替!$B$3,_翻訳マスタ!$B$1:$D$1,0)) -> Mục đích: Bản dự thảo đầu tiên nhằm quản lý kế hoạch, vấn đề, quyết định và KPI của 9 WG trong một chu trình quản lý thống nhất
A4: =INDEX(_翻訳マスタ!$B$2:$D$32,MATCH("PRINCIPLE_HEADER",_翻訳マスタ!$A$2:$A$32,0),MATCH(言語切替!$B$3,_翻訳マスタ!$B$1:$D$1,0)) -> 1. Nguyên tắc cơ bản | J4: =INDEX(_翻訳マスタ!$B$2:$D$32,MATCH("COL_SHEET",_翻訳マスタ!$A$2:$A$32,0),MATCH(言語切替!$B$3,_翻訳マスタ!$B$1:$D$1,0)) -> Trang tính | K4: =INDEX(_翻訳マスタ!$B$2:$D$32,MATCH("COL_USAGE",_翻訳マスタ!$A$2:$A$32,0),MATCH(言語切替!$B$3,_翻訳マスタ!$B$1:$D$1,0)) -> Mục đích sử dụng
A5: =INDEX(_翻訳マスタ!$B$2:$D$32,MATCH("P1",_翻訳マスタ!$A$2:$A$32,0),MATCH(言語切替!$B$3,_翻訳マスタ!$B$1:$D$1,0)) -> • Lưu các thảo luận chi tiết trong biên bản họp và tài liệu liên quan | J5: 01_全体サマリー | K5: =INDEX(_翻訳マスタ!$B$2:$D$32,MATCH("U1",_翻訳マスタ!$A$2:$A$32,0),MATCH(言語切替!$B$3,_翻訳マスタ!$B$1:$D$1,0)) -> Bảng điều khiển cho ban điều hành và cuộc họp trưởng nhóm
A6: =INDEX(_翻訳マスタ!$B$2:$D$32,MATCH("P2",_翻訳マスタ!$A$2:$A$32,0),MATCH(言語切替!$B$3,_翻訳マスタ!$B$1:$D$1,0)) -> • Trong tệp này, ghi lại kết luận, hành động tiếp theo, người phụ trách, thời hạn và liên kết | J6: 02_マスタ | K6: =INDEX(_翻訳マスタ!$B$2:$D$32,MATCH("U2",_翻訳マスタ!$A$2:$A$32,0),MATCH(言語切替!$B$3,_翻訳マスタ!$B$1:$D$1,0)) -> Danh sách lựa chọn nhập liệu và định nghĩa WG
A7: =INDEX(_翻訳マスタ!$B$2:$D$32,MATCH("P3",_翻訳マスタ!$A$2:$A$32,0),MATCH(言語切替!$B$3,_翻訳マスタ!$B$1:$D$1,0)) -> • Không nhập trùng cùng một nội dung trên nhiều trang tính | J7: 03_WBS | K7: =INDEX(_翻訳マスタ!$B$2:$D$32,MATCH("U3",_翻訳マスタ!$A$2:$A$32,0),MATCH(言語切替!$B$3,_翻訳マスタ!$B$1:$D$1,0)) -> Quản lý kế hoạch sản phẩm bàn giao và mốc tiến độ
A8: =INDEX(_翻訳マスタ!$B$2:$D$32,MATCH("P4",_翻訳マスタ!$A$2:$A$32,0),MATCH(言語切替!$B$3,_翻訳マスタ!$B$1:$D$1,0)) -> • Không xóa dòng; hãy ghi lại lý do thay đổi hoặc rút lại | J8: 04_課題ToDo | K8: =INDEX(_翻訳マスタ!$B$2:$D$32,MATCH("U4",_翻訳マスタ!$A$2:$A$32,0),MATCH(言語切替!$B$3,_翻訳マスタ!$B$1:$D$1,0)) -> Quản lý trở ngại, hành động và rủi ro
J9: 05_決定事項 | K9: =INDEX(_翻訳マスタ!$B$2:$D$32,MATCH("U5",_翻訳マスタ!$A$2:$A$32,0),MATCH(言語切替!$B$3,_翻訳マスタ!$B$1:$D$1,0)) -> Ghi lại lịch sử quyết định và phạm vi ảnh hưởng
A10: =INDEX(_翻訳マスタ!$B$2:$D$32,MATCH("RESP_HEADER",_翻訳マスタ!$A$2:$A$32,0),MATCH(言語切替!$B$3,_翻訳マスタ!$B$1:$D$1,0)) -> 2. Trách nhiệm cập nhật | J10: 06_KPI | K10: =INDEX(_翻訳マスタ!$B$2:$D$32,MATCH("U6",_翻訳マスタ!$A$2:$A$32,0),MATCH(言語切替!$B$3,_翻訳マスタ!$B$1:$D$1,0)) -> Định nghĩa KPI, giá trị cơ sở, mục tiêu và thực tế
A11: =INDEX(_翻訳マスタ!$B$2:$D$32,MATCH("R1",_翻訳マスタ!$A$2:$A$32,0),MATCH(言語切替!$B$3,_翻訳マスタ!$B$1:$D$1,0)) -> • Trưởng WG: Cập nhật WBS, vấn đề và KPI sau cuộc họp WG | J11: 07_更新履歴 | K11: =INDEX(_翻訳マスタ!$B$2:$D$32,MATCH("U7",_翻訳マスタ!$A$2:$A$32,0),MATCH(言語切替!$B$3,_翻訳マスタ!$B$1:$D$1,0)) -> Ghi lại các thay đổi quan trọng
A12: =INDEX(_翻訳マスタ!$B$2:$D$32,MATCH("R2",_翻訳マスタ!$A$2:$A$32,0),MATCH(言語切替!$B$3,_翻訳マスタ!$B$1:$D$1,0)) -> • Ban điều hành: Hàng tuần rà soát các mục chưa cập nhật, quá hạn, mức High và phụ thuộc giữa các WG
A13: =INDEX(_翻訳マスタ!$B$2:$D$32,MATCH("R3",_翻訳マスタ!$A$2:$A$32,0),MATCH(言語切替!$B$3,_翻訳マスタ!$B$1:$D$1,0)) -> • Người xác nhận hoàn thành: Kiểm tra sản phẩm bàn giao hoặc kết quả xử lý và phê duyệt hoàn thành
A14: =INDEX(_翻訳マスタ!$B$2:$D$32,MATCH("R4",_翻訳マスタ!$A$2:$A$32,0),MATCH(言語切替!$B$3,_翻訳マスタ!$B$1:$D$1,0)) -> • Trưởng tiểu ban / Phó trưởng đơn vị: Quyết định các vấn đề quan trọng
A16: =INDEX(_翻訳マスタ!$B$2:$D$32,MATCH("CYCLE_HEADER",_翻訳マスタ!$A$2:$A$32,0),MATCH(言語切替!$B$3,_翻訳マスタ!$B$1:$D$1,0)) -> 3. Chu trình hàng tuần
A17: =INDEX(_翻訳マスタ!$B$2:$D$32,MATCH("C1",_翻訳マスタ!$A$2:$A$32,0),MATCH(言語切替!$B$3,_翻訳マスタ!$B$1:$D$1,0)) -> • Sau hoạt động WG: Đăng ký vấn đề mới, quyết định và hành động tiếp theo
A18: =INDEX(_翻訳マスタ!$B$2:$D$32,MATCH("C2",_翻訳マスタ!$A$2:$A$32,0),MATCH(言語切替!$B$3,_翻訳マスタ!$B$1:$D$1,0)) -> • Trước cuộc họp trưởng nhóm: Ban điều hành trích xuất các cảnh báo
A19: =INDEX(_翻訳マスタ!$B$2:$D$32,MATCH("C3",_翻訳マスタ!$A$2:$A$32,0),MATCH(言語切替!$B$3,_翻訳マスタ!$B$1:$D$1,0)) -> • Họp trưởng nhóm hàng tuần: Tập trung thảo luận các mục chờ quyết định, vấn đề liên WG và chậm tiến độ
A20: =INDEX(_翻訳マスタ!$B$2:$D$32,MATCH("C4",_翻訳マスタ!$A$2:$A$32,0),MATCH(言語切替!$B$3,_翻訳マスタ!$B$1:$D$1,0)) -> • Sau cuộc họp: Cập nhật quyết định, người phụ trách và thời hạn
A22: =INDEX(_翻訳マスタ!$B$2:$D$32,MATCH("ESC_HEADER",_翻訳マスタ!$A$2:$A$32,0),MATCH(言語切替!$B$3,_翻訳マスタ!$B$1:$D$1,0)) -> 4. Điều kiện báo cáo cấp trên
A23: =INDEX(_翻訳マスタ!$B$2:$D$32,MATCH("E1",_翻訳マスタ!$A$2:$A$32,0),MATCH(言語切替!$B$3,_翻訳マスタ!$B$1:$D$1,0)) -> • Mức ưu tiên High
A24: =INDEX(_翻訳マスタ!$B$2:$D$32,MATCH("E2",_翻訳マスタ!$A$2:$A$32,0),MATCH(言語切替!$B$3,_翻訳マスタ!$B$1:$D$1,0)) -> • Đã quá hạn hoặc có khả năng quá hạn
A25: =INDEX(_翻訳マスタ!$B$2:$D$32,MATCH("E3",_翻訳マスタ!$A$2:$A$32,0),MATCH(言語切替!$B$3,_翻訳マスタ!$B$1:$D$1,0)) -> • Ảnh hưởng đến nhiều WG hoặc nhiều đơn vị
A26: =INDEX(_翻訳マスタ!$B$2:$D$32,MATCH("E4",_翻訳マスタ!$A$2:$A$32,0),MATCH(言語切替!$B$3,_翻訳マスタ!$B$1:$D$1,0)) -> • Cần thay đổi phạm vi, đầu tư, nhân sự hoặc quyết định cấp cao hơn
A27: =INDEX(_翻訳マスタ!$B$2:$D$300,MATCH("PARA_TITLE",_翻訳マスタ!$A$2:$A$300,0),MATCH(言語切替!$B$3,_翻訳マスタ!$B$1:$D$1,0)) -> 5. Quy tắc dịch song song (nội dung mới)
A28: =INDEX(_翻訳マスタ!$B$2:$D$300,MATCH("PARA_DESC",_翻訳マスタ!$A$2:$A$300,0),MATCH(言語切替!$B$3,_翻訳マスタ!$B$1:$D$1,0)) -> Cột tiếng Việt nhập liệu bình thường. Các cột JP/CN kề cạnh tự động dịch bằng hàm TRANSLATE (cần M365 + mạng).
A29: =INDEX(_翻訳マスタ!$B$2:$D$300,MATCH("PARA_HOWTO",_翻訳マスタ!$A$2:$A$300,0),MATCH(言語切替!$B$3,_翻訳マスタ!$B$1:$D$1,0)) -> Cách dùng: Nhập tiếng mẹ đẻ → đọc cột khác → ô trống không dịch → dưới 3000 ký tự
A30: =INDEX(_翻訳マスタ!$B$2:$D$300,MATCH("BACKUP_TITLE",_翻訳マスタ!$A$2:$A$300,0),MATCH(言語切替!$B$3,_翻訳マスタ!$B$1:$D$1,0)) -> 6. Chống xóa & sao lưu
A31: =INDEX(_翻訳マスタ!$B$2:$D$300,MATCH("BACKUP_DESC",_翻訳マスタ!$A$2:$A$300,0),MATCH(言語切替!$B$3,_翻訳マスタ!$B$1:$D$1,0)) -> Cấm xóa dòng vật lý. Chuyển sang "Rút lại" và sao chép sang _ゴミ箱_Backup. Bật Version History 500 bản trên SharePoint, hàng tuần lưu riêng.

Sheet 01_全体サマリー
A1: =INDEX(_翻訳マスタ!$B$33:$D$45,MATCH("DASH_TITLE",_翻訳マスタ!$A$33:$A$45,0),MATCH(言語切替!$B$3,_翻訳マスタ!$B$1:$D$1,0)) -> Tổng quan
A2: =INDEX(_翻訳マスタ!$B$33:$D$45,MATCH("DASH_DESC",_翻訳マスタ!$A$33:$A$45,0),MATCH(言語切替!$B$3,_翻訳マスタ!$B$1:$D$1,0)) -> Dùng cho ban điều hành và cuộc họp trưởng WG hàng tuần. Không cần nhập liệu; thông tin WBS, Vấn đề/ToDo và KPI được tự động tổng hợp.
B4: =INDEX(_翻訳マスタ!$B$33:$D$45,MATCH("DASH_OPEN_WBS",_翻訳マスタ!$A$33:$A$45,0),MATCH(言語切替!$B$3,_翻訳マスタ!$B$1:$D$1,0)) -> WBS chưa hoàn thành | D4: =INDEX(_翻訳マスタ!$B$33:$D$45,MATCH("DASH_DELAY_WBS",_翻訳マスタ!$A$33:$A$45,0),MATCH(言語切替!$B$3,_翻訳マスタ!$B$1:$D$1,0)) -> WBS chậm tiến độ | F4: =INDEX(_翻訳マスタ!$B$33:$D$45,MATCH("DASH_OPEN_ISSUES",_翻訳マスタ!$A$33:$A$45,0),MATCH(言語切替!$B$3,_翻訳マスタ!$B$1:$D$1,0)) -> Vấn đề/ToDo chưa hoàn thành | H4: =INDEX(_翻訳マスタ!$B$33:$D$45,MATCH("DASH_HIGH_OVERDUE",_翻訳マスタ!$A$33:$A$45,0),MATCH(言語切替!$B$3,_翻訳マスタ!$B$1:$D$1,0)) -> High / Quá hạn | J4: =INDEX(_翻訳マスタ!$B$33:$D$45,MATCH("DASH_KPI_MISS",_翻訳マスタ!$A$33:$A$45,0),MATCH(言語切替!$B$3,_翻訳マスタ!$B$1:$D$1,0)) -> KPI chưa đạt
B5: =COUNTIFS('03_WBS'!$A$5:$A$204,"<>",'03_WBS'!$N$5:$N$204,"<>"&INDEX(_翻訳マスタ!$B$75:$D$75,1,MATCH(言語切替!$B$3,_翻訳マスタ!$B$1:$D$1,0))) -> 3 | D5: =COUNTIF('03_WBS'!$P$5:$P$204,INDEX(_翻訳マスタ!$B$92:$D$92,1,MATCH(言語切替!$B$3,_翻訳マスタ!$B$1:$D$1,0))) -> 0 | F5: =COUNTIFS('04_課題ToDo'!$A$5:$A$304,"<>",'04_課題ToDo'!$S$5:$S$304,"<>"&INDEX(_翻訳マスタ!$B$75:$D$75,1,MATCH(言語切替!$B$3,_翻訳マスタ!$B$1:$D$1,0)),'04_課題ToDo'!$S$5:$S$304,"<>"&INDEX(_翻訳マスタ!$B$77:$D$77,1,MATCH(言語切替!$B$3,_翻訳マスタ!$B$1:$D$1,0))) -> 4 | H5: =COUNTIFS('04_課題ToDo'!$A$5:$A$304,"<>",'04_課題ToDo'!$AC$5:$AC$304,"High")+COUNTIFS('04_課題ToDo'!$A$5:$A$304,"<>",'04_課題ToDo'!$AC$5:$AC$304,INDEX(_翻訳マスタ!$B$117:$D$247,MATCH("ALERT_OVERDUE",_翻訳マスタ!$A$117:$A$247,0),MATCH(言語切替!$B$3,_翻訳マスタ!$B$1:$D$1,0))) -> 2 | J5: =COUNTIFS('06_KPI'!$A$5:$A$204,"<>",'06_KPI'!$U$5:$U$204,INDEX(_翻訳マスタ!$B$94:$D$94,1,MATCH(言語切替!$B$3,_翻訳マスタ!$B$1:$D$1,0))) -> 0
A9: =INDEX(_翻訳マスタ!$B$33:$D$45,MATCH("DASH_WG",_翻訳マスタ!$A$33:$A$45,0),MATCH(言語切替!$B$3,_翻訳マスタ!$B$1:$D$1,0)) -> WG | B9: =INDEX(_翻訳マスタ!$B$33:$D$45,MATCH("DASH_OPEN_WBS",_翻訳マスタ!$A$33:$A$45,0),MATCH(言語切替!$B$3,_翻訳マスタ!$B$1:$D$1,0)) -> WBS chưa hoàn thành | C9: =INDEX(_翻訳マスタ!$B$33:$D$45,MATCH("DASH_DELAY_WBS",_翻訳マスタ!$A$33:$A$45,0),MATCH(言語切替!$B$3,_翻訳マスタ!$B$1:$D$1,0)) -> WBS chậm tiến độ | D9: =INDEX(_翻訳マスタ!$B$33:$D$45,MATCH("DASH_OPEN_ISSUES_SHORT",_翻訳マスタ!$A$33:$A$45,0),MATCH(言語切替!$B$3,_翻訳マスタ!$B$1:$D$1,0)) -> Vấn đề chưa hoàn thành | E9: =INDEX(_翻訳マスタ!$B$33:$D$45,MATCH("DASH_HIGH_OVERDUE_SHORT",_翻訳マスタ!$A$33:$A$45,0),MATCH(言語切替!$B$3,_翻訳マスタ!$B$1:$D$1,0)) -> High/Quá hạn | F9: =INDEX(_翻訳マスタ!$B$33:$D$45,MATCH("DASH_WAITING",_翻訳マスタ!$A$33:$A$45,0),MATCH(言語切替!$B$3,_翻訳マスタ!$B$1:$D$1,0)) -> Chờ quyết định/WG khác | G9: =INDEX(_翻訳マスタ!$B$33:$D$45,MATCH("DASH_KPI_MISS",_翻訳マスタ!$A$33:$A$45,0),MATCH(言語切替!$B$3,_翻訳マスタ!$B$1:$D$1,0)) -> KPI chưa đạt
A10: ='02_マスタ'!$A$5 -> Toàn bộ | B10: =COUNTIFS('03_WBS'!$B$5:$B$204,$A10,'03_WBS'!$N$5:$N$204,"<>"&INDEX(_翻訳マスタ!$B$75:$D$75,1,MATCH(言語切替!$B$3,_翻訳マスタ!$B$1:$D$1,0))) -> 1 | C10: =COUNTIFS('03_WBS'!$B$5:$B$204,$A10,'03_WBS'!$P$5:$P$204,INDEX(_翻訳マスタ!$B$92:$D$92,1,MATCH(言語切替!$B$3,_翻訳マスタ!$B$1:$D$1,0))) -> 0 | D10: =COUNTIFS('04_課題ToDo'!$C$5:$C$304,$A10,'04_課題ToDo'!$S$5:$S$304,"<>"&INDEX(_翻訳マスタ!$B$75:$D$75,1,MATCH(言語切替!$B$3,_翻訳マスタ!$B$1:$D$1,0)),'04_課題ToDo'!$S$5:$S$304,"<>"&INDEX(_翻訳マスタ!$B$77:$D$77,1,MATCH(言語切替!$B$3,_翻訳マスタ!$B$1:$D$1,0))) -> 1 | E10: =COUNTIFS('04_課題ToDo'!$C$5:$C$304,$A10,'04_課題ToDo'!$AC$5:$AC$304,"High")+COUNTIFS('04_課題ToDo'!$C$5:$C$304,$A10,'04_課題ToDo'!$AC$5:$AC$304,INDEX(_翻訳マスタ!$B$117:$D$247,MATCH("ALERT_OVERDUE",_翻訳マスタ!$A$117:$A$247,0),MATCH(言語切替!$B$3,_翻訳マスタ!$B$1:$D$1,0))) -> 1 | F10: =COUNTIFS('04_課題ToDo'!$C$5:$C$304,$A10,'04_課題ToDo'!$S$5:$S$304,INDEX(_翻訳マスタ!$B$72:$D$72,1,MATCH(言語切替!$B$3,_翻訳マスタ!$B$1:$D$1,0)))+COUNTIFS('04_課題ToDo'!$C$5:$C$304,$A10,'04_課題ToDo'!$S$5:$S$304,INDEX(_翻訳マスタ!$B$73:$D$73,1,MATCH(言語切替!$B$3,_翻訳マスタ!$B$1:$D$1,0))) -> 0 | G10: =COUNTIFS('06_KPI'!$B$5:$B$204,$A10,'06_KPI'!$U$5:$U$204,INDEX(_翻訳マスタ!$B$94:$D$94,1,MATCH(言語切替!$B$3,_翻訳マスタ!$B$1:$D$1,0))) -> 0
A11: WG-1 | B11: =COUNTIFS('03_WBS'!$B$5:$B$204,$A11,'03_WBS'!$N$5:$N$204,"<>"&INDEX(_翻訳マスタ!$B$75:$D$75,1,MATCH(言語切替!$B$3,_翻訳マスタ!$B$1:$D$1,0))) -> 1 | C11: =COUNTIFS('03_WBS'!$B$5:$B$204,$A11,'03_WBS'!$P$5:$P$204,INDEX(_翻訳マスタ!$B$92:$D$92,1,MATCH(言語切替!$B$3,_翻訳マスタ!$B$1:$D$1,0))) -> 0 | D11: =COUNTIFS('04_課題ToDo'!$C$5:$C$304,$A11,'04_課題ToDo'!$S$5:$S$304,"<>"&INDEX(_翻訳マスタ!$B$75:$D$75,1,MATCH(言語切替!$B$3,_翻訳マスタ!$B$1:$D$1,0)),'04_課題ToDo'!$S$5:$S$304,"<>"&INDEX(_翻訳マスタ!$B$77:$D$77,1,MATCH(言語切替!$B$3,_翻訳マスタ!$B$1:$D$1,0))) -> 0 | E11: =COUNTIFS('04_課題ToDo'!$C$5:$C$304,$A11,'04_課題ToDo'!$AC$5:$AC$304,"High")+COUNTIFS('04_課題ToDo'!$C$5:$C$304,$A11,'04_課題ToDo'!$AC$5:$AC$304,INDEX(_翻訳マスタ!$B$117:$D$247,MATCH("ALERT_OVERDUE",_翻訳マスタ!$A$117:$A$247,0),MATCH(言語切替!$B$3,_翻訳マスタ!$B$1:$D$1,0))) -> 0 | F11: =COUNTIFS('04_課題ToDo'!$C$5:$C$304,$A11,'04_課題ToDo'!$S$5:$S$304,INDEX(_翻訳マスタ!$B$72:$D$72,1,MATCH(言語切替!$B$3,_翻訳マスタ!$B$1:$D$1,0)))+COUNTIFS('04_課題ToDo'!$C$5:$C$304,$A11,'04_課題ToDo'!$S$5:$S$304,INDEX(_翻訳マスタ!$B$73:$D$73,1,MATCH(言語切替!$B$3,_翻訳マスタ!$B$1:$D$1,0))) -> 0 | G11: =COUNTIFS('06_KPI'!$B$5:$B$204,$A11,'06_KPI'!$U$5:$U$204,INDEX(_翻訳マスタ!$B$94:$D$94,1,MATCH(言語切替!$B$3,_翻訳マスタ!$B$1:$D$1,0))) -> 0
A12: WG-2 | B12: =COUNTIFS('03_WBS'!$B$5:$B$204,$A12,'03_WBS'!$N$5:$N$204,"<>"&INDEX(_翻訳マスタ!$B$75:$D$75,1,MATCH(言語切替!$B$3,_翻訳マスタ!$B$1:$D$1,0))) -> 0 | C12: =COUNTIFS('03_WBS'!$B$5:$B$204,$A12,'03_WBS'!$P$5:$P$204,INDEX(_翻訳マスタ!$B$92:$D$92,1,MATCH(言語切替!$B$3,_翻訳マスタ!$B$1:$D$1,0))) -> 0 | D12: =COUNTIFS('04_課題ToDo'!$C$5:$C$304,$A12,'04_課題ToDo'!$S$5:$S$304,"<>"&INDEX(_翻訳マスタ!$B$75:$D$75,1,MATCH(言語切替!$B$3,_翻訳マスタ!$B$1:$D$1,0)),'04_課題ToDo'!$S$5:$S$304,"<>"&INDEX(_翻訳マスタ!$B$77:$D$77,1,MATCH(言語切替!$B$3,_翻訳マスタ!$B$1:$D$1,0))) -> 0 | E12: =COUNTIFS('04_課題ToDo'!$C$5:$C$304,$A12,'04_課題ToDo'!$AC$5:$AC$304,"High")+COUNTIFS('04_課題ToDo'!$C$5:$C$304,$A12,'04_課題ToDo'!$AC$5:$AC$304,INDEX(_翻訳マスタ!$B$117:$D$247,MATCH("ALERT_OVERDUE",_翻訳マスタ!$A$117:$A$247,0),MATCH(言語切替!$B$3,_翻訳マスタ!$B$1:$D$1,0))) -> 0 | F12: =COUNTIFS('04_課題ToDo'!$C$5:$C$304,$A12,'04_課題ToDo'!$S$5:$S$304,INDEX(_翻訳マスタ!$B$72:$D$72,1,MATCH(言語切替!$B$3,_翻訳マスタ!$B$1:$D$1,0)))+COUNTIFS('04_課題ToDo'!$C$5:$C$304,$A12,'04_課題ToDo'!$S$5:$S$304,INDEX(_翻訳マスタ!$B$73:$D$73,1,MATCH(言語切替!$B$3,_翻訳マスタ!$B$1:$D$1,0))) -> 0 | G12: =COUNTIFS('06_KPI'!$B$5:$B$204,$A12,'06_KPI'!$U$5:$U$204,INDEX(_翻訳マスタ!$B$94:$D$94,1,MATCH(言語切替!$B$3,_翻訳マスタ!$B$1:$D$1,0))) -> 0
A13: WG-3 | B13: =COUNTIFS('03_WBS'!$B$5:$B$204,$A13,'03_WBS'!$N$5:$N$204,"<>"&INDEX(_翻訳マスタ!$B$75:$D$75,1,MATCH(言語切替!$B$3,_翻訳マスタ!$B$1:$D$1,0))) -> 0 | C13: =COUNTIFS('03_WBS'!$B$5:$B$204,$A13,'03_WBS'!$P$5:$P$204,INDEX(_翻訳マスタ!$B$92:$D$92,1,MATCH(言語切替!$B$3,_翻訳マスタ!$B$1:$D$1,0))) -> 0 | D13: =COUNTIFS('04_課題ToDo'!$C$5:$C$304,$A13,'04_課題ToDo'!$S$5:$S$304,"<>"&INDEX(_翻訳マスタ!$B$75:$D$75,1,MATCH(言語切替!$B$3,_翻訳マスタ!$B$1:$D$1,0)),'04_課題ToDo'!$S$5:$S$304,"<>"&INDEX(_翻訳マスタ!$B$77:$D$77,1,MATCH(言語切替!$B$3,_翻訳マスタ!$B$1:$D$1,0))) -> 0 | E13: =COUNTIFS('04_課題ToDo'!$C$5:$C$304,$A13,'04_課題ToDo'!$AC$5:$AC$304,"High")+COUNTIFS('04_課題ToDo'!$C$5:$C$304,$A13,'04_課題ToDo'!$AC$5:$AC$304,INDEX(_翻訳マスタ!$B$117:$D$247,MATCH("ALERT_OVERDUE",_翻訳マスタ!$A$117:$A$247,0),MATCH(言語切替!$B$3,_翻訳マスタ!$B$1:$D$1,0))) -> 0 | F13: =COUNTIFS('04_課題ToDo'!$C$5:$C$304,$A13,'04_課題ToDo'!$S$5:$S$304,INDEX(_翻訳マスタ!$B$72:$D$72,1,MATCH(言語切替!$B$3,_翻訳マスタ!$B$1:$D$1,0)))+COUNTIFS('04_課題ToDo'!$C$5:$C$304,$A13,'04_課題ToDo'!$S$5:$S$304,INDEX(_翻訳マスタ!$B$73:$D$73,1,MATCH(言語切替!$B$3,_翻訳マスタ!$B$1:$D$1,0))) -> 0 | G13: =COUNTIFS('06_KPI'!$B$5:$B$204,$A13,'06_KPI'!$U$5:$U$204,INDEX(_翻訳マスタ!$B$94:$D$94,1,MATCH(言語切替!$B$3,_翻訳マスタ!$B$1:$D$1,0))) -> 0
A14: WG-4 | B14: =COUNTIFS('03_WBS'!$B$5:$B$204,$A14,'03_WBS'!$N$5:$N$204,"<>"&INDEX(_翻訳マスタ!$B$75:$D$75,1,MATCH(言語切替!$B$3,_翻訳マスタ!$B$1:$D$1,0))) -> 0 | C14: =COUNTIFS('03_WBS'!$B$5:$B$204,$A14,'03_WBS'!$P$5:$P$204,INDEX(_翻訳マスタ!$B$92:$D$92,1,MATCH(言語切替!$B$3,_翻訳マスタ!$B$1:$D$1,0))) -> 0 | D14: =COUNTIFS('04_課題ToDo'!$C$5:$C$304,$A14,'04_課題ToDo'!$S$5:$S$304,"<>"&INDEX(_翻訳マスタ!$B$75:$D$75,1,MATCH(言語切替!$B$3,_翻訳マスタ!$B$1:$D$1,0)),'04_課題ToDo'!$S$5:$S$304,"<>"&INDEX(_翻訳マスタ!$B$77:$D$77,1,MATCH(言語切替!$B$3,_翻訳マスタ!$B$1:$D$1,0))) -> 1 | E14: =COUNTIFS('04_課題ToDo'!$C$5:$C$304,$A14,'04_課題ToDo'!$AC$5:$AC$304,"High")+COUNTIFS('04_課題ToDo'!$C$5:$C$304,$A14,'04_課題ToDo'!$AC$5:$AC$304,INDEX(_翻訳マスタ!$B$117:$D$247,MATCH("ALERT_OVERDUE",_翻訳マスタ!$A$117:$A$247,0),MATCH(言語切替!$B$3,_翻訳マスタ!$B$1:$D$1,0))) -> 1 | F14: =COUNTIFS('04_課題ToDo'!$C$5:$C$304,$A14,'04_課題ToDo'!$S$5:$S$304,INDEX(_翻訳マスタ!$B$72:$D$72,1,MATCH(言語切替!$B$3,_翻訳マスタ!$B$1:$D$1,0)))+COUNTIFS('04_課題ToDo'!$C$5:$C$304,$A14,'04_課題ToDo'!$S$5:$S$304,INDEX(_翻訳マスタ!$B$73:$D$73,1,MATCH(言語切替!$B$3,_翻訳マスタ!$B$1:$D$1,0))) -> 0 | G14: =COUNTIFS('06_KPI'!$B$5:$B$204,$A14,'06_KPI'!$U$5:$U$204,INDEX(_翻訳マスタ!$B$94:$D$94,1,MATCH(言語切替!$B$3,_翻訳マスタ!$B$1:$D$1,0))) -> 0
A15: WG-5 | B15: =COUNTIFS('03_WBS'!$B$5:$B$204,$A15,'03_WBS'!$N$5:$N$204,"<>"&INDEX(_翻訳マスタ!$B$75:$D$75,1,MATCH(言語切替!$B$3,_翻訳マスタ!$B$1:$D$1,0))) -> 0 | C15: =COUNTIFS('03_WBS'!$B$5:$B$204,$A15,'03_WBS'!$P$5:$P$204,INDEX(_翻訳マスタ!$B$92:$D$92,1,MATCH(言語切替!$B$3,_翻訳マスタ!$B$1:$D$1,0))) -> 0 | D15: =COUNTIFS('04_課題ToDo'!$C$5:$C$304,$A15,'04_課題ToDo'!$S$5:$S$304,"<>"&INDEX(_翻訳マスタ!$B$75:$D$75,1,MATCH(言語切替!$B$3,_翻訳マスタ!$B$1:$D$1,0)),'04_課題ToDo'!$S$5:$S$304,"<>"&INDEX(_翻訳マスタ!$B$77:$D$77,1,MATCH(言語切替!$B$3,_翻訳マスタ!$B$1:$D$1,0))) -> 0 | E15: =COUNTIFS('04_課題ToDo'!$C$5:$C$304,$A15,'04_課題ToDo'!$AC$5:$AC$304,"High")+COUNTIFS('04_課題ToDo'!$C$5:$C$304,$A15,'04_課題ToDo'!$AC$5:$AC$304,INDEX(_翻訳マスタ!$B$117:$D$247,MATCH("ALERT_OVERDUE",_翻訳マスタ!$A$117:$A$247,0),MATCH(言語切替!$B$3,_翻訳マスタ!$B$1:$D$1,0))) -> 0 | F15: =COUNTIFS('04_課題ToDo'!$C$5:$C$304,$A15,'04_課題ToDo'!$S$5:$S$304,INDEX(_翻訳マスタ!$B$72:$D$72,1,MATCH(言語切替!$B$3,_翻訳マスタ!$B$1:$D$1,0)))+COUNTIFS('04_課題ToDo'!$C$5:$C$304,$A15,'04_課題ToDo'!$S$5:$S$304,INDEX(_翻訳マスタ!$B$73:$D$73,1,MATCH(言語切替!$B$3,_翻訳マスタ!$B$1:$D$1,0))) -> 0 | G15: =COUNTIFS('06_KPI'!$B$5:$B$204,$A15,'06_KPI'!$U$5:$U$204,INDEX(_翻訳マスタ!$B$94:$D$94,1,MATCH(言語切替!$B$3,_翻訳マスタ!$B$1:$D$1,0))) -> 0
A16: WG-6 | B16: =COUNTIFS('03_WBS'!$B$5:$B$204,$A16,'03_WBS'!$N$5:$N$204,"<>"&INDEX(_翻訳マスタ!$B$75:$D$75,1,MATCH(言語切替!$B$3,_翻訳マスタ!$B$1:$D$1,0))) -> 0 | C16: =COUNTIFS('03_WBS'!$B$5:$B$204,$A16,'03_WBS'!$P$5:$P$204,INDEX(_翻訳マスタ!$B$92:$D$92,1,MATCH(言語切替!$B$3,_翻訳マスタ!$B$1:$D$1,0))) -> 0 | D16: =COUNTIFS('04_課題ToDo'!$C$5:$C$304,$A16,'04_課題ToDo'!$S$5:$S$304,"<>"&INDEX(_翻訳マスタ!$B$75:$D$75,1,MATCH(言語切替!$B$3,_翻訳マスタ!$B$1:$D$1,0)),'04_課題ToDo'!$S$5:$S$304,"<>"&INDEX(_翻訳マスタ!$B$77:$D$77,1,MATCH(言語切替!$B$3,_翻訳マスタ!$B$1:$D$1,0))) -> 0 | E16: =COUNTIFS('04_課題ToDo'!$C$5:$C$304,$A16,'04_課題ToDo'!$AC$5:$AC$304,"High")+COUNTIFS('04_課題ToDo'!$C$5:$C$304,$A16,'04_課題ToDo'!$AC$5:$AC$304,INDEX(_翻訳マスタ!$B$117:$D$247,MATCH("ALERT_OVERDUE",_翻訳マスタ!$A$117:$A$247,0),MATCH(言語切替!$B$3,_翻訳マスタ!$B$1:$D$1,0))) -> 0 | F16: =COUNTIFS('04_課題ToDo'!$C$5:$C$304,$A16,'04_課題ToDo'!$S$5:$S$304,INDEX(_翻訳マスタ!$B$72:$D$72,1,MATCH(言語切替!$B$3,_翻訳マスタ!$B$1:$D$1,0)))+COUNTIFS('04_課題ToDo'!$C$5:$C$304,$A16,'04_課題ToDo'!$S$5:$S$304,INDEX(_翻訳マスタ!$B$73:$D$73,1,MATCH(言語切替!$B$3,_翻訳マスタ!$B$1:$D$1,0))) -> 0 | G16: =COUNTIFS('06_KPI'!$B$5:$B$204,$A16,'06_KPI'!$U$5:$U$204,INDEX(_翻訳マスタ!$B$94:$D$94,1,MATCH(言語切替!$B$3,_翻訳マスタ!$B$1:$D$1,0))) -> 0
A17: WG-7 | B17: =COUNTIFS('03_WBS'!$B$5:$B$204,$A17,'03_WBS'!$N$5:$N$204,"<>"&INDEX(_翻訳マスタ!$B$75:$D$75,1,MATCH(言語切替!$B$3,_翻訳マスタ!$B$1:$D$1,0))) -> 0 | C17: =COUNTIFS('03_WBS'!$B$5:$B$204,$A17,'03_WBS'!$P$5:$P$204,INDEX(_翻訳マスタ!$B$92:$D$92,1,MATCH(言語切替!$B$3,_翻訳マスタ!$B$1:$D$1,0))) -> 0 | D17: =COUNTIFS('04_課題ToDo'!$C$5:$C$304,$A17,'04_課題ToDo'!$S$5:$S$304,"<>"&INDEX(_翻訳マスタ!$B$75:$D$75,1,MATCH(言語切替!$B$3,_翻訳マスタ!$B$1:$D$1,0)),'04_課題ToDo'!$S$5:$S$304,"<>"&INDEX(_翻訳マスタ!$B$77:$D$77,1,MATCH(言語切替!$B$3,_翻訳マスタ!$B$1:$D$1,0))) -> 1 | E17: =COUNTIFS('04_課題ToDo'!$C$5:$C$304,$A17,'04_課題ToDo'!$AC$5:$AC$304,"High")+COUNTIFS('04_課題ToDo'!$C$5:$C$304,$A17,'04_課題ToDo'!$AC$5:$AC$304,INDEX(_翻訳マスタ!$B$117:$D$247,MATCH("ALERT_OVERDUE",_翻訳マスタ!$A$117:$A$247,0),MATCH(言語切替!$B$3,_翻訳マスタ!$B$1:$D$1,0))) -> 0 | F17: =COUNTIFS('04_課題ToDo'!$C$5:$C$304,$A17,'04_課題ToDo'!$S$5:$S$304,INDEX(_翻訳マスタ!$B$72:$D$72,1,MATCH(言語切替!$B$3,_翻訳マスタ!$B$1:$D$1,0)))+COUNTIFS('04_課題ToDo'!$C$5:$C$304,$A17,'04_課題ToDo'!$S$5:$S$304,INDEX(_翻訳マスタ!$B$73:$D$73,1,MATCH(言語切替!$B$3,_翻訳マスタ!$B$1:$D$1,0))) -> 0 | G17: =COUNTIFS('06_KPI'!$B$5:$B$204,$A17,'06_KPI'!$U$5:$U$204,INDEX(_翻訳マスタ!$B$94:$D$94,1,MATCH(言語切替!$B$3,_翻訳マスタ!$B$1:$D$1,0))) -> 0
A18: WG-8 | B18: =COUNTIFS('03_WBS'!$B$5:$B$204,$A18,'03_WBS'!$N$5:$N$204,"<>"&INDEX(_翻訳マスタ!$B$75:$D$75,1,MATCH(言語切替!$B$3,_翻訳マスタ!$B$1:$D$1,0))) -> 1 | C18: =COUNTIFS('03_WBS'!$B$5:$B$204,$A18,'03_WBS'!$P$5:$P$204,INDEX(_翻訳マスタ!$B$92:$D$92,1,MATCH(言語切替!$B$3,_翻訳マスタ!$B$1:$D$1,0))) -> 0 | D18: =COUNTIFS('04_課題ToDo'!$C$5:$C$304,$A18,'04_課題ToDo'!$S$5:$S$304,"<>"&INDEX(_翻訳マスタ!$B$75:$D$75,1,MATCH(言語切替!$B$3,_翻訳マスタ!$B$1:$D$1,0)),'04_課題ToDo'!$S$5:$S$304,"<>"&INDEX(_翻訳マスタ!$B$77:$D$77,1,MATCH(言語切替!$B$3,_翻訳マスタ!$B$1:$D$1,0))) -> 0 | E18: =COUNTIFS('04_課題ToDo'!$C$5:$C$304,$A18,'04_課題ToDo'!$AC$5:$AC$304,"High")+COUNTIFS('04_課題ToDo'!$C$5:$C$304,$A18,'04_課題ToDo'!$AC$5:$AC$304,INDEX(_翻訳マスタ!$B$117:$D$247,MATCH("ALERT_OVERDUE",_翻訳マスタ!$A$117:$A$247,0),MATCH(言語切替!$B$3,_翻訳マスタ!$B$1:$D$1,0))) -> 0 | F18: =COUNTIFS('04_課題ToDo'!$C$5:$C$304,$A18,'04_課題ToDo'!$S$5:$S$304,INDEX(_翻訳マスタ!$B$72:$D$72,1,MATCH(言語切替!$B$3,_翻訳マスタ!$B$1:$D$1,0)))+COUNTIFS('04_課題ToDo'!$C$5:$C$304,$A18,'04_課題ToDo'!$S$5:$S$304,INDEX(_翻訳マスタ!$B$73:$D$73,1,MATCH(言語切替!$B$3,_翻訳マスタ!$B$1:$D$1,0))) -> 0 | G18: =COUNTIFS('06_KPI'!$B$5:$B$204,$A18,'06_KPI'!$U$5:$U$204,INDEX(_翻訳マスタ!$B$94:$D$94,1,MATCH(言語切替!$B$3,_翻訳マスタ!$B$1:$D$1,0))) -> 0
A19: WG-9 | B19: =COUNTIFS('03_WBS'!$B$5:$B$204,$A19,'03_WBS'!$N$5:$N$204,"<>"&INDEX(_翻訳マスタ!$B$75:$D$75,1,MATCH(言語切替!$B$3,_翻訳マスタ!$B$1:$D$1,0))) -> 0 | C19: =COUNTIFS('03_WBS'!$B$5:$B$204,$A19,'03_WBS'!$P$5:$P$204,INDEX(_翻訳マスタ!$B$92:$D$92,1,MATCH(言語切替!$B$3,_翻訳マスタ!$B$1:$D$1,0))) -> 0 | D19: =COUNTIFS('04_課題ToDo'!$C$5:$C$304,$A19,'04_課題ToDo'!$S$5:$S$304,"<>"&INDEX(_翻訳マスタ!$B$75:$D$75,1,MATCH(言語切替!$B$3,_翻訳マスタ!$B$1:$D$1,0)),'04_課題ToDo'!$S$5:$S$304,"<>"&INDEX(_翻訳マスタ!$B$77:$D$77,1,MATCH(言語切替!$B$3,_翻訳マスタ!$B$1:$D$1,0))) -> 1 | E19: =COUNTIFS('04_課題ToDo'!$C$5:$C$304,$A19,'04_課題ToDo'!$AC$5:$AC$304,"High")+COUNTIFS('04_課題ToDo'!$C$5:$C$304,$A19,'04_課題ToDo'!$AC$5:$AC$304,INDEX(_翻訳マスタ!$B$117:$D$247,MATCH("ALERT_OVERDUE",_翻訳マスタ!$A$117:$A$247,0),MATCH(言語切替!$B$3,_翻訳マスタ!$B$1:$D$1,0))) -> 0 | F19: =COUNTIFS('04_課題ToDo'!$C$5:$C$304,$A19,'04_課題ToDo'!$S$5:$S$304,INDEX(_翻訳マスタ!$B$72:$D$72,1,MATCH(言語切替!$B$3,_翻訳マスタ!$B$1:$D$1,0)))+COUNTIFS('04_課題ToDo'!$C$5:$C$304,$A19,'04_課題ToDo'!$S$5:$S$304,INDEX(_翻訳マスタ!$B$73:$D$73,1,MATCH(言語切替!$B$3,_翻訳マスタ!$B$1:$D$1,0))) -> 0 | G19: =COUNTIFS('06_KPI'!$B$5:$B$204,$A19,'06_KPI'!$U$5:$U$204,INDEX(_翻訳マスタ!$B$94:$D$94,1,MATCH(言語切替!$B$3,_翻訳マスタ!$B$1:$D$1,0))) -> 0

Sheet 02_マスタ
A1: =INDEX(_翻訳マスタ!$B$47:$D$98,MATCH("M_TITLE",_翻訳マスタ!$A$47:$A$98,0),MATCH(言語切替!$B$3,_翻訳マスタ!$B$1:$D$1,0)) -> Danh mục nhập liệu
A2: =INDEX(_翻訳マスタ!$B$47:$D$98,MATCH("M_DESC",_翻訳マスタ!$A$47:$A$98,0),MATCH(言語切替!$B$3,_翻訳マスタ!$B$1:$D$1,0)) -> Các giá trị lựa chọn dùng cho xác thực dữ liệu. Chỉ ban điều hành được thay đổi.
A4: =INDEX(_翻訳マスタ!$B$47:$D$98,MATCH("M_WG",_翻訳マスタ!$A$47:$A$98,0),MATCH(言語切替!$B$3,_翻訳マスタ!$B$1:$D$1,0)) -> WG | C4: =INDEX(_翻訳マスタ!$B$47:$D$98,MATCH("M_SITE",_翻訳マスタ!$A$47:$A$98,0),MATCH(言語切替!$B$3,_翻訳マスタ!$B$1:$D$1,0)) -> Đơn vị | E4: =INDEX(_翻訳マスタ!$B$47:$D$98,MATCH("M_STATUS",_翻訳マスタ!$A$47:$A$98,0),MATCH(言語切替!$B$3,_翻訳マスタ!$B$1:$D$1,0)) -> Trạng thái | G4: =INDEX(_翻訳マスタ!$B$47:$D$98,MATCH("M_PRIORITY",_翻訳マスタ!$A$47:$A$98,0),MATCH(言語切替!$B$3,_翻訳マスタ!$B$1:$D$1,0)) -> Mức ưu tiên | I4: =INDEX(_翻訳マスタ!$B$47:$D$98,MATCH("M_TYPE",_翻訳マスタ!$A$47:$A$98,0),MATCH(言語切替!$B$3,_翻訳マスタ!$B$1:$D$1,0)) -> Phân loại | K4: =INDEX(_翻訳マスタ!$B$47:$D$98,MATCH("M_KPI_LEVEL",_翻訳マスタ!$A$47:$A$98,0),MATCH(言語切替!$B$3,_翻訳マスタ!$B$1:$D$1,0)) -> Cấp KPI | M4: =INDEX(_翻訳マスタ!$B$47:$D$98,MATCH("M_JUDGMENT",_翻訳マスタ!$A$47:$A$98,0),MATCH(言語切替!$B$3,_翻訳マスタ!$B$1:$D$1,0)) -> Đánh giá
A5: =INDEX(_翻訳マスタ!$B$47:$D$98,MATCH("M_ALL",_翻訳マスタ!$A$47:$A$98,0),MATCH(言語切替!$B$3,_翻訳マスタ!$B$1:$D$1,0)) -> Toàn bộ | C5: =INDEX(_翻訳マスタ!$B$47:$D$98,MATCH("M_COMMON",_翻訳マスタ!$A$47:$A$98,0),MATCH(言語切替!$B$3,_翻訳マスタ!$B$1:$D$1,0)) -> Chung | E5: =INDEX(_翻訳マスタ!$B$47:$D$98,MATCH("M_NOT_STARTED",_翻訳マスタ!$A$47:$A$98,0),MATCH(言語切替!$B$3,_翻訳マスタ!$B$1:$D$1,0)) -> Chưa bắt đầu | G5: =INDEX(_翻訳マスタ!$B$47:$D$98,MATCH("M_HIGH",_翻訳マスタ!$A$47:$A$98,0),MATCH(言語切替!$B$3,_翻訳マスタ!$B$1:$D$1,0)) -> High | I5: =INDEX(_翻訳マスタ!$B$47:$D$98,MATCH("M_ISSUE",_翻訳マスタ!$A$47:$A$98,0),MATCH(言語切替!$B$3,_翻訳マスタ!$B$1:$D$1,0)) -> Vấn đề | K5: =INDEX(_翻訳マスタ!$B$47:$D$98,MATCH("M_FOUNDATION",_翻訳マスタ!$A$47:$A$98,0),MATCH(言語切替!$B$3,_翻訳マスタ!$B$1:$D$1,0)) -> Thiết lập nền tảng | M5: =INDEX(_翻訳マスタ!$B$47:$D$98,MATCH("M_UNSET",_翻訳マスタ!$A$47:$A$98,0),MATCH(言語切替!$B$3,_翻訳マスタ!$B$1:$D$1,0)) -> Chưa thiết lập
A6: =INDEX(_翻訳マスタ!$B$47:$D$98,MATCH("M_WG1",_翻訳マスタ!$A$47:$A$98,0),MATCH(言語切替!$B$3,_翻訳マスタ!$B$1:$D$1,0)) -> WG-1 | C6: =INDEX(_翻訳マスタ!$B$47:$D$98,MATCH("M_KDC",_翻訳マスタ!$A$47:$A$98,0),MATCH(言語切替!$B$3,_翻訳マスタ!$B$1:$D$1,0)) -> KDC | E6: =INDEX(_翻訳マスタ!$B$47:$D$98,MATCH("M_IN_PROGRESS",_翻訳マスタ!$A$47:$A$98,0),MATCH(言語切替!$B$3,_翻訳マスタ!$B$1:$D$1,0)) -> Đang xử lý | G6: =INDEX(_翻訳マスタ!$B$47:$D$98,MATCH("M_MIDDLE",_翻訳マスタ!$A$47:$A$98,0),MATCH(言語切替!$B$3,_翻訳マスタ!$B$1:$D$1,0)) -> Middle | I6: =INDEX(_翻訳マスタ!$B$47:$D$98,MATCH("M_TODO",_翻訳マスタ!$A$47:$A$98,0),MATCH(言語切替!$B$3,_翻訳マスタ!$B$1:$D$1,0)) -> ToDo | K6: =INDEX(_翻訳マスタ!$B$47:$D$98,MATCH("M_ADOPTION",_翻訳マスタ!$A$47:$A$98,0),MATCH(言語切替!$B$3,_翻訳マスタ!$B$1:$D$1,0)) -> Vận hành ổn định | M6: =INDEX(_翻訳マスタ!$B$47:$D$98,MATCH("M_ON_TRACK",_翻訳マスタ!$A$47:$A$98,0),MATCH(言語切替!$B$3,_翻訳マスタ!$B$1:$D$1,0)) -> Đúng tiến độ
A7: =INDEX(_翻訳マスタ!$B$47:$D$98,MATCH("M_WG2",_翻訳マスタ!$A$47:$A$98,0),MATCH(言語切替!$B$3,_翻訳マスタ!$B$1:$D$1,0)) -> WG-2 | C7: =INDEX(_翻訳マスタ!$B$47:$D$98,MATCH("M_KDTCN",_翻訳マスタ!$A$47:$A$98,0),MATCH(言語切替!$B$3,_翻訳マスタ!$B$1:$D$1,0)) -> KDTCN | E7: =INDEX(_翻訳マスタ!$B$47:$D$98,MATCH("M_WAIT_DECISION",_翻訳マスタ!$A$47:$A$98,0),MATCH(言語切替!$B$3,_翻訳マスタ!$B$1:$D$1,0)) -> Chờ quyết định | G7: =INDEX(_翻訳マスタ!$B$47:$D$98,MATCH("M_LOW",_翻訳マスタ!$A$47:$A$98,0),MATCH(言語切替!$B$3,_翻訳マスタ!$B$1:$D$1,0)) -> Low | I7: =INDEX(_翻訳マスタ!$B$47:$D$98,MATCH("M_DECISION",_翻訳マスタ!$A$47:$A$98,0),MATCH(言語切替!$B$3,_翻訳マスタ!$B$1:$D$1,0)) -> Quyết định | K7: =INDEX(_翻訳マスタ!$B$47:$D$98,MATCH("M_BUSINESS",_翻訳マスタ!$A$47:$A$98,0),MATCH(言語切替!$B$3,_翻訳マスタ!$B$1:$D$1,0)) -> Kết quả nghiệp vụ | M7: =INDEX(_翻訳マスタ!$B$47:$D$98,MATCH("M_CAUTION",_翻訳マスタ!$A$47:$A$98,0),MATCH(言語切替!$B$3,_翻訳マスタ!$B$1:$D$1,0)) -> Cần chú ý
A8: =INDEX(_翻訳マスタ!$B$47:$D$98,MATCH("M_WG3",_翻訳マスタ!$A$47:$A$98,0),MATCH(言語切替!$B$3,_翻訳マスタ!$B$1:$D$1,0)) -> WG-3 | C8: =INDEX(_翻訳マスタ!$B$47:$D$98,MATCH("M_KDTVN",_翻訳マスタ!$A$47:$A$98,0),MATCH(言語切替!$B$3,_翻訳マスタ!$B$1:$D$1,0)) -> KDTVN | E8: =INDEX(_翻訳マスタ!$B$47:$D$98,MATCH("M_WAIT_WG",_翻訳マスタ!$A$47:$A$98,0),MATCH(言語切替!$B$3,_翻訳マスタ!$B$1:$D$1,0)) -> Chờ WG khác | I8: =INDEX(_翻訳マスタ!$B$47:$D$98,MATCH("M_RISK",_翻訳マスタ!$A$47:$A$98,0),MATCH(言語切替!$B$3,_翻訳マスタ!$B$1:$D$1,0)) -> Rủi ro | K8: =INDEX(_翻訳マスタ!$B$47:$D$98,MATCH("M_INVESTMENT",_翻訳マスタ!$A$47:$A$98,0),MATCH(言語切替!$B$3,_翻訳マスタ!$B$1:$D$1,0)) -> Kết quả đầu tư | M8: =INDEX(_翻訳マスタ!$B$47:$D$98,MATCH("M_DELAY",_翻訳マスタ!$A$47:$A$98,0),MATCH(言語切替!$B$3,_翻訳マスタ!$B$1:$D$1,0)) -> Chậm tiến độ
A9: =INDEX(_翻訳マスタ!$B$47:$D$98,MATCH("M_WG4",_翻訳マスタ!$A$47:$A$98,0),MATCH(言語切替!$B$3,_翻訳マスタ!$B$1:$D$1,0)) -> WG-4 | E9: =INDEX(_翻訳マスタ!$B$47:$D$98,MATCH("M_WAIT_COMPLETE",_翻訳マスタ!$A$47:$A$98,0),MATCH(言語切替!$B$3,_翻訳マスタ!$B$1:$D$1,0)) -> Chờ xác nhận hoàn thành | M9: =INDEX(_翻訳マスタ!$B$47:$D$98,MATCH("M_ACHIEVED",_翻訳マスタ!$A$47:$A$98,0),MATCH(言語切替!$B$3,_翻訳マスタ!$B$1:$D$1,0)) -> Đạt
A10: =INDEX(_翻訳マスタ!$B$47:$D$98,MATCH("M_WG5",_翻訳マスタ!$A$47:$A$98,0),MATCH(言語切替!$B$3,_翻訳マスタ!$B$1:$D$1,0)) -> WG-5 | E10: =INDEX(_翻訳マスタ!$B$47:$D$98,MATCH("M_COMPLETE",_翻訳マスタ!$A$47:$A$98,0),MATCH(言語切替!$B$3,_翻訳マスタ!$B$1:$D$1,0)) -> Hoàn thành | M10: =INDEX(_翻訳マスタ!$B$47:$D$98,MATCH("M_NOT_ACHIEVED",_翻訳マスタ!$A$47:$A$98,0),MATCH(言語切替!$B$3,_翻訳マスタ!$B$1:$D$1,0)) -> Chưa đạt
A11: =INDEX(_翻訳マスタ!$B$47:$D$98,MATCH("M_WG6",_翻訳マスタ!$A$47:$A$98,0),MATCH(言語切替!$B$3,_翻訳マスタ!$B$1:$D$1,0)) -> WG-6 | E11: =INDEX(_翻訳マスタ!$B$47:$D$98,MATCH("M_HOLD",_翻訳マスタ!$A$47:$A$98,0),MATCH(言語切替!$B$3,_翻訳マスタ!$B$1:$D$1,0)) -> Tạm hoãn
A12: =INDEX(_翻訳マスタ!$B$47:$D$98,MATCH("M_WG7",_翻訳マスタ!$A$47:$A$98,0),MATCH(言語切替!$B$3,_翻訳マスタ!$B$1:$D$1,0)) -> WG-7 | E12: =INDEX(_翻訳マスタ!$B$47:$D$98,MATCH("M_WITHDRAWN",_翻訳マスタ!$A$47:$A$98,0),MATCH(言語切替!$B$3,_翻訳マスタ!$B$1:$D$1,0)) -> Rút lại
A13: =INDEX(_翻訳マスタ!$B$47:$D$98,MATCH("M_WG8",_翻訳マスタ!$A$47:$A$98,0),MATCH(言語切替!$B$3,_翻訳マスタ!$B$1:$D$1,0)) -> WG-8
A14: =INDEX(_翻訳マスタ!$B$47:$D$98,MATCH("M_WG9",_翻訳マスタ!$A$47:$A$98,0),MATCH(言語切替!$B$3,_翻訳マスタ!$B$1:$D$1,0)) -> WG-9
A18: =INDEX(_翻訳マスタ!$B$47:$D$98,MATCH("M_PRIORITY_GUIDE",_翻訳マスタ!$A$47:$A$98,0),MATCH(言語切替!$B$3,_翻訳マスタ!$B$1:$D$1,0)) -> Nguyên tắc ưu tiên
A19: =INDEX(_翻訳マスタ!$B$47:$D$98,MATCH("M_HIGH_DESC",_翻訳マスタ!$A$47:$A$98,0),MATCH(言語切替!$B$3,_翻訳マスタ!$B$1:$D$1,0)) -> High: Ảnh hưởng trực tiếp đến tiến độ, chi phí và chất lượng của toàn tiểu ban.
A20: =INDEX(_翻訳マスタ!$B$47:$D$98,MATCH("M_MIDDLE_DESC",_翻訳マスタ!$A$47:$A$98,0),MATCH(言語切替!$B$3,_翻訳マスタ!$B$1:$D$1,0)) -> Middle: Ảnh hưởng trực tiếp đến tiến độ, chi phí và chất lượng của từng WG.
A21: =INDEX(_翻訳マスタ!$B$47:$D$98,MATCH("M_LOW_DESC",_翻訳マスタ!$A$47:$A$98,0),MATCH(言語切替!$B$3,_翻訳マスタ!$B$1:$D$1,0)) -> Low: Ảnh hưởng trực tiếp nhỏ nhưng cần thiết để thành công.

Sheet 03_WBS
A1: =INDEX(_翻訳マスタ!$B$99:$D$116,MATCH("WBS_TITLE",_翻訳マスタ!$A$99:$A$116,0),MATCH(言語切替!$B$3,_翻訳マスタ!$B$1:$D$1,0)) -> WBS & Mốc tiến độ
A2: =INDEX(_翻訳マスタ!$B$99:$D$116,MATCH("WBS_DESC",_翻訳マスタ!$A$99:$A$116,0),MATCH(言語切替!$B$3,_翻訳マスタ!$B$1:$D$1,0)) -> Các ô chữ màu xanh là ô nhập liệu. Tỷ lệ tiến độ, số ngày còn lại và đánh giá chậm tiến độ được tính tự động. 3 dòng là ví dụ nhập liệu.
A3: =INDEX(_翻訳マスタ!$B$2:$D$300,MATCH("PARA_HOWTO",_翻訳マスタ!$A$2:$A$300,0),MATCH(言語切替!$B$3,_翻訳マスタ!$B$1:$D$1,0)) -> Cách dùng: Nhập tiếng mẹ đẻ → đọc cột khác → ô trống không dịch → dưới 3000 ký tự
A4: =INDEX(_翻訳マスタ!$B$99:$D$116,MATCH("WBS_ID",_翻訳マスタ!$A$99:$A$116,0),MATCH(言語切替!$B$3,_翻訳マスタ!$B$1:$D$1,0)) -> WBS ID | B4: =INDEX(_翻訳マスタ!$B$99:$D$116,MATCH("WBS_WG",_翻訳マスタ!$A$99:$A$116,0),MATCH(言語切替!$B$3,_翻訳マスタ!$B$1:$D$1,0)) -> WG | C4: =INDEX(_翻訳マスタ!$B$99:$D$116,MATCH("WBS_SITE",_翻訳マスタ!$A$99:$A$116,0),MATCH(言語切替!$B$3,_翻訳マスタ!$B$1:$D$1,0)) -> Đơn vị | D4: =INDEX(_翻訳マスタ!$B$99:$D$116,MATCH("WBS_CATEGORY",_翻訳マスタ!$A$99:$A$116,0),MATCH(言語切替!$B$3,_翻訳マスタ!$B$1:$D$1,0)) -> Phân loại chính | E4: =INDEX(_翻訳マスタ!$B$2:$D$300,MATCH("WBS_TASK",_翻訳マスタ!$A$2:$A$300,0),MATCH(言語切替!$B$3,_翻訳マスタ!$B$1:$D$1,0))&INDEX(_翻訳マスタ!$B$2:$D$300,MATCH("NEW_VI_SUFFIX",_翻訳マスタ!$A$2:$A$300,0),MATCH(言語切替!$B$3,_翻訳マスタ!$B$1:$D$1,0)) -> Nhiệm vụ / Sản phẩm bàn giao (VI) | F4: =INDEX(_翻訳マスタ!$B$2:$D$300,MATCH("WBS_TASK",_翻訳マスタ!$A$2:$A$300,0),MATCH(言語切替!$B$3,_翻訳マスタ!$B$1:$D$1,0))&INDEX(_翻訳マスタ!$B$2:$D$300,MATCH("NEW_JP_SUFFIX",_翻訳マスタ!$A$2:$A$300,0),MATCH(言語切替!$B$3,_翻訳マスタ!$B$1:$D$1,0)) -> Nhiệm vụ / Sản phẩm bàn giao (JP) | G4: =INDEX(_翻訳マスタ!$B$2:$D$300,MATCH("WBS_TASK",_翻訳マスタ!$A$2:$A$300,0),MATCH(言語切替!$B$3,_翻訳マスタ!$B$1:$D$1,0))&INDEX(_翻訳マスタ!$B$2:$D$300,MATCH("NEW_CN_SUFFIX",_翻訳マスタ!$A$2:$A$300,0),MATCH(言語切替!$B$3,_翻訳マスタ!$B$1:$D$1,0)) -> Nhiệm vụ / Sản phẩm bàn giao (CN) | H4: =INDEX(_翻訳マスタ!$B$99:$D$116,MATCH("WBS_OWNER",_翻訳マスタ!$A$99:$A$116,0),MATCH(言語切替!$B$3,_翻訳マスタ!$B$1:$D$1,0)) -> Người chịu trách nhiệm | I4: =INDEX(_翻訳マスタ!$B$99:$D$116,MATCH("WBS_PLAN_START",_翻訳マスタ!$A$99:$A$116,0),MATCH(言語切替!$B$3,_翻訳マスタ!$B$1:$D$1,0)) -> Ngày bắt đầu kế hoạch | J4: =INDEX(_翻訳マスタ!$B$99:$D$116,MATCH("WBS_PLAN_END",_翻訳マスタ!$A$99:$A$116,0),MATCH(言語切替!$B$3,_翻訳マスタ!$B$1:$D$1,0)) -> Ngày kết thúc kế hoạch | K4: =INDEX(_翻訳マスタ!$B$99:$D$116,MATCH("WBS_ACTUAL_START",_翻訳マスタ!$A$99:$A$116,0),MATCH(言語切替!$B$3,_翻訳マスタ!$B$1:$D$1,0)) -> Ngày bắt đầu thực tế | L4: =INDEX(_翻訳マスタ!$B$99:$D$116,MATCH("WBS_ACTUAL_END",_翻訳マスタ!$A$99:$A$116,0),MATCH(言語切替!$B$3,_翻訳マスタ!$B$1:$D$1,0)) -> Ngày kết thúc thực tế | M4: =INDEX(_翻訳マスタ!$B$99:$D$116,MATCH("WBS_PROGRESS",_翻訳マスタ!$A$99:$A$116,0),MATCH(言語切替!$B$3,_翻訳マスタ!$B$1:$D$1,0)) -> Tỷ lệ tiến độ | N4: =INDEX(_翻訳マスタ!$B$99:$D$116,MATCH("WBS_STATUS",_翻訳マスタ!$A$99:$A$116,0),MATCH(言語切替!$B$3,_翻訳マスタ!$B$1:$D$1,0)) -> Trạng thái | O4: =INDEX(_翻訳マスタ!$B$99:$D$116,MATCH("WBS_DAYS",_翻訳マスタ!$A$99:$A$116,0),MATCH(言語切替!$B$3,_翻訳マスタ!$B$1:$D$1,0)) -> Số ngày còn lại | P4: =INDEX(_翻訳マスタ!$B$99:$D$116,MATCH("WBS_DELAY",_翻訳マスタ!$A$99:$A$116,0),MATCH(言語切替!$B$3,_翻訳マスタ!$B$1:$D$1,0)) -> Đánh giá chậm tiến độ | Q4: =INDEX(_翻訳マスタ!$B$99:$D$116,MATCH("WBS_LINK",_翻訳マスタ!$A$99:$A$116,0),MATCH(言語切替!$B$3,_翻訳マスタ!$B$1:$D$1,0)) -> Liên kết liên quan | R4: =INDEX(_翻訳マスタ!$B$2:$D$300,MATCH("WBS_NOTE",_翻訳マスタ!$A$2:$A$300,0),MATCH(言語切替!$B$3,_翻訳マスタ!$B$1:$D$1,0))&INDEX(_翻訳マスタ!$B$2:$D$300,MATCH("NEW_VI_SUFFIX",_翻訳マスタ!$A$2:$A$300,0),MATCH(言語切替!$B$3,_翻訳マスタ!$B$1:$D$1,0)) -> Ghi chú (VI) | S4: =INDEX(_翻訳マスタ!$B$2:$D$300,MATCH("WBS_NOTE",_翻訳マスタ!$A$2:$A$300,0),MATCH(言語切替!$B$3,_翻訳マスタ!$B$1:$D$1,0))&INDEX(_翻訳マスタ!$B$2:$D$300,MATCH("NEW_JP_SUFFIX",_翻訳マスタ!$A$2:$A$300,0),MATCH(言語切替!$B$3,_翻訳マスタ!$B$1:$D$1,0)) -> Ghi chú (JP) | T4: =INDEX(_翻訳マスタ!$B$2:$D$300,MATCH("WBS_NOTE",_翻訳マスタ!$A$2:$A$300,0),MATCH(言語切替!$B$3,_翻訳マスタ!$B$1:$D$1,0))&INDEX(_翻訳マスタ!$B$2:$D$300,MATCH("NEW_CN_SUFFIX",_翻訳マスタ!$A$2:$A$300,0),MATCH(言語切替!$B$3,_翻訳マスタ!$B$1:$D$1,0)) -> Ghi chú (CN)
A5: WBS-001 | B5: ='02_マスタ'!$A$5 -> Toàn bộ | C5: KDC | D5: =INDEX(_翻訳マスタ!$B$117:$D$247,MATCH("WBS_CAT_STARTUP",_翻訳マスタ!$A$117:$A$247,0),MATCH(言語切替!$B$3,_翻訳マスタ!$B$1:$D$1,0)) -> Khởi động | E5: =INDEX(_翻訳マスタ!$D$2:$D$300,MATCH("WBS_TASK_1",_翻訳マスタ!$A$2:$A$300,0)) -> Xác định quy tắc vận hành WG | F5: =IF(E5="","",_xlfn.TRANSLATE(E5,"","ja")) -> #VALUE! | G5: =IF(E5="","",_xlfn.TRANSLATE(E5,"","zh-Hans")) -> #VALUE! | H5: =INDEX(_翻訳マスタ!$B$117:$D$247,MATCH("ROLE_PMO",_翻訳マスタ!$A$117:$A$247,0),MATCH(言語切替!$B$3,_翻訳マスタ!$B$1:$D$1,0)) -> Ban điều hành | I5: 46288 | J5: 46295 | M5: =IF(OR(I5="",J5=""),"",IF(L5<>"",1,IF(K5="",0,MAX(0,MIN(1,(TODAY()-I5)/(J5-I5+1)))))) -> 0 | N5: ='02_マスタ'!$E$6 -> Đang xử lý | O5: =IF(J5="","",J5-TODAY()) -> 0 | P5: =IF(J5="","",IF(L5<>"",INDEX(_翻訳マスタ!$B$75:$D$75,1,MATCH(言語切替!$B$3,_翻訳マスタ!$B$1:$D$1,0)),IF(TODAY()>J5,INDEX(_翻訳マスタ!$B$92:$D$92,1,MATCH(言語切替!$B$3,_翻訳マスタ!$B$1:$D$1,0)),IF(J5-TODAY()<=7,INDEX(_翻訳マスタ!$B$91:$D$91,1,MATCH(言語切替!$B$3,_翻訳マスタ!$B$1:$D$1,0)),INDEX(_翻訳マスタ!$B$90:$D$90,1,MATCH(言語切替!$B$3,_翻訳マスタ!$B$1:$D$1,0)))))) -> Cần chú ý | R5: =INDEX(_翻訳マスタ!$D$2:$D$300,MATCH("COMMON_EXAMPLE",_翻訳マスタ!$A$2:$A$300,0)) -> Ví dụ nhập liệu | S5: =IF(R5="","",_xlfn.TRANSLATE(R5,"","ja")) -> #VALUE! | T5: =IF(R5="","",_xlfn.TRANSLATE(R5,"","zh-Hans")) -> #VALUE!
A6: WBS-002 | B6: WG-1 | C6: KDTVN | D6: =INDEX(_翻訳マスタ!$B$117:$D$247,MATCH("WBS_CAT_ANALYSIS",_翻訳マスタ!$A$117:$A$247,0),MATCH(言語切替!$B$3,_翻訳マスタ!$B$1:$D$1,0)) -> Phân tích hiện trạng | E6: =INDEX(_翻訳マスタ!$D$2:$D$300,MATCH("WBS_TASK_2",_翻訳マスタ!$A$2:$A$300,0)) -> Rà soát nghiệp vụ hiện tại | F6: =IF(E6="","",_xlfn.TRANSLATE(E6,"","ja")) -> #VALUE! | G6: =IF(E6="","",_xlfn.TRANSLATE(E6,"","zh-Hans")) -> #VALUE! | H6: WG Leader | I6: 46294 | J6: 46311 | M6: =IF(OR(I6="",J6=""),"",IF(L6<>"",1,IF(K6="",0,MAX(0,MIN(1,(TODAY()-I6)/(J6-I6+1)))))) -> 0 | N6: ='02_マスタ'!$E$5 -> Chưa bắt đầu | O6: =IF(J6="","",J6-TODAY()) -> 16 | P6: =IF(J6="","",IF(L6<>"",INDEX(_翻訳マスタ!$B$75:$D$75,1,MATCH(言語切替!$B$3,_翻訳マスタ!$B$1:$D$1,0)),IF(TODAY()>J6,INDEX(_翻訳マスタ!$B$92:$D$92,1,MATCH(言語切替!$B$3,_翻訳マスタ!$B$1:$D$1,0)),IF(J6-TODAY()<=7,INDEX(_翻訳マスタ!$B$91:$D$91,1,MATCH(言語切替!$B$3,_翻訳マスタ!$B$1:$D$1,0)),INDEX(_翻訳マスタ!$B$90:$D$90,1,MATCH(言語切替!$B$3,_翻訳マスタ!$B$1:$D$1,0)))))) -> Đúng tiến độ | R6: =INDEX(_翻訳マスタ!$D$2:$D$300,MATCH("COMMON_EXAMPLE",_翻訳マスタ!$A$2:$A$300,0)) -> Ví dụ nhập liệu | S6: =IF(R6="","",_xlfn.TRANSLATE(R6,"","ja")) -> #VALUE! | T6: =IF(R6="","",_xlfn.TRANSLATE(R6,"","zh-Hans")) -> #VALUE!
A7: WBS-003 | B7: WG-8 | C7: ='02_マスタ'!$C$5 -> Chung | D7: =INDEX(_翻訳マスタ!$B$117:$D$247,MATCH("WBS_CAT_POLICY",_翻訳マスタ!$A$117:$A$247,0),MATCH(言語切替!$B$3,_翻訳マスタ!$B$1:$D$1,0)) -> Xây dựng định hướng | E7: =INDEX(_翻訳マスタ!$D$2:$D$300,MATCH("WBS_TASK_3",_翻訳マスタ!$A$2:$A$300,0)) -> Sắp xếp vai trò hệ thống hiện hữu | F7: =IF(E7="","",_xlfn.TRANSLATE(E7,"","ja")) -> #VALUE! | G7: =IF(E7="","",_xlfn.TRANSLATE(E7,"","zh-Hans")) -> #VALUE! | H7: WG Leader | I7: 46296 | J7: 46325 | M7: =IF(OR(I7="",J7=""),"",IF(L7<>"",1,IF(K7="",0,MAX(0,MIN(1,(TODAY()-I7)/(J7-I7+1)))))) -> 0 | N7: ='02_マスタ'!$E$5 -> Chưa bắt đầu | O7: =IF(J7="","",J7-TODAY()) -> 30 | P7: =IF(J7="","",IF(L7<>"",INDEX(_翻訳マスタ!$B$75:$D$75,1,MATCH(言語切替!$B$3,_翻訳マスタ!$B$1:$D$1,0)),IF(TODAY()>J7,INDEX(_翻訳マスタ!$B$92:$D$92,1,MATCH(言語切替!$B$3,_翻訳マスタ!$B$1:$D$1,0)),IF(J7-TODAY()<=7,INDEX(_翻訳マスタ!$B$91:$D$91,1,MATCH(言語切替!$B$3,_翻訳マスタ!$B$1:$D$1,0)),INDEX(_翻訳マスタ!$B$90:$D$90,1,MATCH(言語切替!$B$3,_翻訳マスタ!$B$1:$D$1,0)))))) -> Đúng tiến độ | R7: =INDEX(_翻訳マスタ!$D$2:$D$300,MATCH("COMMON_EXAMPLE",_翻訳マスタ!$A$2:$A$300,0)) -> Ví dụ nhập liệu | S7: =IF(R7="","",_xlfn.TRANSLATE(R7,"","ja")) -> #VALUE! | T7: =IF(R7="","",_xlfn.TRANSLATE(R7,"","zh-Hans")) -> #VALUE!
F8: =IF(E8="","",_xlfn.TRANSLATE(E8,"","ja")) | G8: =IF(E8="","",_xlfn.TRANSLATE(E8,"","zh-Hans")) | M8: =IF(OR(I8="",J8=""),"",IF(L8<>"",1,IF(K8="",0,MAX(0,MIN(1,(TODAY()-I8)/(J8-I8+1)))))) | O8: =IF(J8="","",J8-TODAY()) | P8: =IF(J8="","",IF(L8<>"",INDEX(_翻訳マスタ!$B$75:$D$75,1,MATCH(言語切替!$B$3,_翻訳マスタ!$B$1:$D$1,0)),IF(TODAY()>J8,INDEX(_翻訳マスタ!$B$92:$D$92,1,MATCH(言語切替!$B$3,_翻訳マスタ!$B$1:$D$1,0)),IF(J8-TODAY()<=7,INDEX(_翻訳マスタ!$B$91:$D$91,1,MATCH(言語切替!$B$3,_翻訳マスタ!$B$1:$D$1,0)),INDEX(_翻訳マスタ!$B$90:$D$90,1,MATCH(言語切替!$B$3,_翻訳マスタ!$B$1:$D$1,0)))))) | S8: =IF(R8="","",_xlfn.TRANSLATE(R8,"","ja")) | T8: =IF(R8="","",_xlfn.TRANSLATE(R8,"","zh-Hans"))
F9: =IF(E9="","",_xlfn.TRANSLATE(E9,"","ja")) | G9: =IF(E9="","",_xlfn.TRANSLATE(E9,"","zh-Hans")) | M9: =IF(OR(I9="",J9=""),"",IF(L9<>"",1,IF(K9="",0,MAX(0,MIN(1,(TODAY()-I9)/(J9-I9+1)))))) | O9: =IF(J9="","",J9-TODAY()) | P9: =IF(J9="","",IF(L9<>"",INDEX(_翻訳マスタ!$B$75:$D$75,1,MATCH(言語切替!$B$3,_翻訳マスタ!$B$1:$D$1,0)),IF(TODAY()>J9,INDEX(_翻訳マスタ!$B$92:$D$92,1,MATCH(言語切替!$B$3,_翻訳マスタ!$B$1:$D$1,0)),IF(J9-TODAY()<=7,INDEX(_翻訳マスタ!$B$91:$D$91,1,MATCH(言語切替!$B$3,_翻訳マスタ!$B$1:$D$1,0)),INDEX(_翻訳マスタ!$B$90:$D$90,1,MATCH(言語切替!$B$3,_翻訳マスタ!$B$1:$D$1,0)))))) | S9: =IF(R9="","",_xlfn.TRANSLATE(R9,"","ja")) | T9: =IF(R9="","",_xlfn.TRANSLATE(R9,"","zh-Hans"))
F10: =IF(E10="","",_xlfn.TRANSLATE(E10,"","ja")) | G10: =IF(E10="","",_xlfn.TRANSLATE(E10,"","zh-Hans")) | M10: =IF(OR(I10="",J10=""),"",IF(L10<>"",1,IF(K10="",0,MAX(0,MIN(1,(TODAY()-I10)/(J10-I10+1)))))) | O10: =IF(J10="","",J10-TODAY()) | P10: =IF(J10="","",IF(L10<>"",INDEX(_翻訳マスタ!$B$75:$D$75,1,MATCH(言語切替!$B$3,_翻訳マスタ!$B$1:$D$1,0)),IF(TODAY()>J10,INDEX(_翻訳マスタ!$B$92:$D$92,1,MATCH(言語切替!$B$3,_翻訳マスタ!$B$1:$D$1,0)),IF(J10-TODAY()<=7,INDEX(_翻訳マスタ!$B$91:$D$91,1,MATCH(言語切替!$B$3,_翻訳マスタ!$B$1:$D$1,0)),INDEX(_翻訳マスタ!$B$90:$D$90,1,MATCH(言語切替!$B$3,_翻訳マスタ!$B$1:$D$1,0)))))) | S10: =IF(R10="","",_xlfn.TRANSLATE(R10,"","ja")) | T10: =IF(R10="","",_xlfn.TRANSLATE(R10,"","zh-Hans"))
F11: =IF(E11="","",_xlfn.TRANSLATE(E11,"","ja")) | G11: =IF(E11="","",_xlfn.TRANSLATE(E11,"","zh-Hans")) | M11: =IF(OR(I11="",J11=""),"",IF(L11<>"",1,IF(K11="",0,MAX(0,MIN(1,(TODAY()-I11)/(J11-I11+1)))))) | O11: =IF(J11="","",J11-TODAY()) | P11: =IF(J11="","",IF(L11<>"",INDEX(_翻訳マスタ!$B$75:$D$75,1,MATCH(言語切替!$B$3,_翻訳マスタ!$B$1:$D$1,0)),IF(TODAY()>J11,INDEX(_翻訳マスタ!$B$92:$D$92,1,MATCH(言語切替!$B$3,_翻訳マスタ!$B$1:$D$1,0)),IF(J11-TODAY()<=7,INDEX(_翻訳マスタ!$B$91:$D$91,1,MATCH(言語切替!$B$3,_翻訳マスタ!$B$1:$D$1,0)),INDEX(_翻訳マスタ!$B$90:$D$90,1,MATCH(言語切替!$B$3,_翻訳マスタ!$B$1:$D$1,0)))))) | S11: =IF(R11="","",_xlfn.TRANSLATE(R11,"","ja")) | T11: =IF(R11="","",_xlfn.TRANSLATE(R11,"","zh-Hans"))
F12: =IF(E12="","",_xlfn.TRANSLATE(E12,"","ja")) | G12: =IF(E12="","",_xlfn.TRANSLATE(E12,"","zh-Hans")) | M12: =IF(OR(I12="",J12=""),"",IF(L12<>"",1,IF(K12="",0,MAX(0,MIN(1,(TODAY()-I12)/(J12-I12+1)))))) | O12: =IF(J12="","",J12-TODAY()) | P12: =IF(J12="","",IF(L12<>"",INDEX(_翻訳マスタ!$B$75:$D$75,1,MATCH(言語切替!$B$3,_翻訳マスタ!$B$1:$D$1,0)),IF(TODAY()>J12,INDEX(_翻訳マスタ!$B$92:$D$92,1,MATCH(言語切替!$B$3,_翻訳マスタ!$B$1:$D$1,0)),IF(J12-TODAY()<=7,INDEX(_翻訳マスタ!$B$91:$D$91,1,MATCH(言語切替!$B$3,_翻訳マスタ!$B$1:$D$1,0)),INDEX(_翻訳マスタ!$B$90:$D$90,1,MATCH(言語切替!$B$3,_翻訳マスタ!$B$1:$D$1,0)))))) | S12: =IF(R12="","",_xlfn.TRANSLATE(R12,"","ja")) | T12: =IF(R12="","",_xlfn.TRANSLATE(R12,"","zh-Hans"))
F13: =IF(E13="","",_xlfn.TRANSLATE(E13,"","ja")) | G13: =IF(E13="","",_xlfn.TRANSLATE(E13,"","zh-Hans")) | M13: =IF(OR(I13="",J13=""),"",IF(L13<>"",1,IF(K13="",0,MAX(0,MIN(1,(TODAY()-I13)/(J13-I13+1)))))) | O13: =IF(J13="","",J13-TODAY()) | P13: =IF(J13="","",IF(L13<>"",INDEX(_翻訳マスタ!$B$75:$D$75,1,MATCH(言語切替!$B$3,_翻訳マスタ!$B$1:$D$1,0)),IF(TODAY()>J13,INDEX(_翻訳マスタ!$B$92:$D$92,1,MATCH(言語切替!$B$3,_翻訳マスタ!$B$1:$D$1,0)),IF(J13-TODAY()<=7,INDEX(_翻訳マスタ!$B$91:$D$91,1,MATCH(言語切替!$B$3,_翻訳マスタ!$B$1:$D$1,0)),INDEX(_翻訳マスタ!$B$90:$D$90,1,MATCH(言語切替!$B$3,_翻訳マスタ!$B$1:$D$1,0)))))) | S13: =IF(R13="","",_xlfn.TRANSLATE(R13,"","ja")) | T13: =IF(R13="","",_xlfn.TRANSLATE(R13,"","zh-Hans"))
F14: =IF(E14="","",_xlfn.TRANSLATE(E14,"","ja")) | G14: =IF(E14="","",_xlfn.TRANSLATE(E14,"","zh-Hans")) | M14: =IF(OR(I14="",J14=""),"",IF(L14<>"",1,IF(K14="",0,MAX(0,MIN(1,(TODAY()-I14)/(J14-I14+1)))))) | O14: =IF(J14="","",J14-TODAY()) | P14: =IF(J14="","",IF(L14<>"",INDEX(_翻訳マスタ!$B$75:$D$75,1,MATCH(言語切替!$B$3,_翻訳マスタ!$B$1:$D$1,0)),IF(TODAY()>J14,INDEX(_翻訳マスタ!$B$92:$D$92,1,MATCH(言語切替!$B$3,_翻訳マスタ!$B$1:$D$1,0)),IF(J14-TODAY()<=7,INDEX(_翻訳マスタ!$B$91:$D$91,1,MATCH(言語切替!$B$3,_翻訳マスタ!$B$1:$D$1,0)),INDEX(_翻訳マスタ!$B$90:$D$90,1,MATCH(言語切替!$B$3,_翻訳マスタ!$B$1:$D$1,0)))))) | S14: =IF(R14="","",_xlfn.TRANSLATE(R14,"","ja")) | T14: =IF(R14="","",_xlfn.TRANSLATE(R14,"","zh-Hans"))
F15: =IF(E15="","",_xlfn.TRANSLATE(E15,"","ja")) | G15: =IF(E15="","",_xlfn.TRANSLATE(E15,"","zh-Hans")) | M15: =IF(OR(I15="",J15=""),"",IF(L15<>"",1,IF(K15="",0,MAX(0,MIN(1,(TODAY()-I15)/(J15-I15+1)))))) | O15: =IF(J15="","",J15-TODAY()) | P15: =IF(J15="","",IF(L15<>"",INDEX(_翻訳マスタ!$B$75:$D$75,1,MATCH(言語切替!$B$3,_翻訳マスタ!$B$1:$D$1,0)),IF(TODAY()>J15,INDEX(_翻訳マスタ!$B$92:$D$92,1,MATCH(言語切替!$B$3,_翻訳マスタ!$B$1:$D$1,0)),IF(J15-TODAY()<=7,INDEX(_翻訳マスタ!$B$91:$D$91,1,MATCH(言語切替!$B$3,_翻訳マスタ!$B$1:$D$1,0)),INDEX(_翻訳マスタ!$B$90:$D$90,1,MATCH(言語切替!$B$3,_翻訳マスタ!$B$1:$D$1,0)))))) | S15: =IF(R15="","",_xlfn.TRANSLATE(R15,"","ja")) | T15: =IF(R15="","",_xlfn.TRANSLATE(R15,"","zh-Hans"))
F16: =IF(E16="","",_xlfn.TRANSLATE(E16,"","ja")) | G16: =IF(E16="","",_xlfn.TRANSLATE(E16,"","zh-Hans")) | M16: =IF(OR(I16="",J16=""),"",IF(L16<>"",1,IF(K16="",0,MAX(0,MIN(1,(TODAY()-I16)/(J16-I16+1)))))) | O16: =IF(J16="","",J16-TODAY()) | P16: =IF(J16="","",IF(L16<>"",INDEX(_翻訳マスタ!$B$75:$D$75,1,MATCH(言語切替!$B$3,_翻訳マスタ!$B$1:$D$1,0)),IF(TODAY()>J16,INDEX(_翻訳マスタ!$B$92:$D$92,1,MATCH(言語切替!$B$3,_翻訳マスタ!$B$1:$D$1,0)),IF(J16-TODAY()<=7,INDEX(_翻訳マスタ!$B$91:$D$91,1,MATCH(言語切替!$B$3,_翻訳マスタ!$B$1:$D$1,0)),INDEX(_翻訳マスタ!$B$90:$D$90,1,MATCH(言語切替!$B$3,_翻訳マスタ!$B$1:$D$1,0)))))) | S16: =IF(R16="","",_xlfn.TRANSLATE(R16,"","ja")) | T16: =IF(R16="","",_xlfn.TRANSLATE(R16,"","zh-Hans"))
F17: =IF(E17="","",_xlfn.TRANSLATE(E17,"","ja")) | G17: =IF(E17="","",_xlfn.TRANSLATE(E17,"","zh-Hans")) | M17: =IF(OR(I17="",J17=""),"",IF(L17<>"",1,IF(K17="",0,MAX(0,MIN(1,(TODAY()-I17)/(J17-I17+1)))))) | O17: =IF(J17="","",J17-TODAY()) | P17: =IF(J17="","",IF(L17<>"",INDEX(_翻訳マスタ!$B$75:$D$75,1,MATCH(言語切替!$B$3,_翻訳マスタ!$B$1:$D$1,0)),IF(TODAY()>J17,INDEX(_翻訳マスタ!$B$92:$D$92,1,MATCH(言語切替!$B$3,_翻訳マスタ!$B$1:$D$1,0)),IF(J17-TODAY()<=7,INDEX(_翻訳マスタ!$B$91:$D$91,1,MATCH(言語切替!$B$3,_翻訳マスタ!$B$1:$D$1,0)),INDEX(_翻訳マスタ!$B$90:$D$90,1,MATCH(言語切替!$B$3,_翻訳マスタ!$B$1:$D$1,0)))))) | S17: =IF(R17="","",_xlfn.TRANSLATE(R17,"","ja")) | T17: =IF(R17="","",_xlfn.TRANSLATE(R17,"","zh-Hans"))
F18: =IF(E18="","",_xlfn.TRANSLATE(E18,"","ja")) | G18: =IF(E18="","",_xlfn.TRANSLATE(E18,"","zh-Hans")) | M18: =IF(OR(I18="",J18=""),"",IF(L18<>"",1,IF(K18="",0,MAX(0,MIN(1,(TODAY()-I18)/(J18-I18+1)))))) | O18: =IF(J18="","",J18-TODAY()) | P18: =IF(J18="","",IF(L18<>"",INDEX(_翻訳マスタ!$B$75:$D$75,1,MATCH(言語切替!$B$3,_翻訳マスタ!$B$1:$D$1,0)),IF(TODAY()>J18,INDEX(_翻訳マスタ!$B$92:$D$92,1,MATCH(言語切替!$B$3,_翻訳マスタ!$B$1:$D$1,0)),IF(J18-TODAY()<=7,INDEX(_翻訳マスタ!$B$91:$D$91,1,MATCH(言語切替!$B$3,_翻訳マスタ!$B$1:$D$1,0)),INDEX(_翻訳マスタ!$B$90:$D$90,1,MATCH(言語切替!$B$3,_翻訳マスタ!$B$1:$D$1,0)))))) | S18: =IF(R18="","",_xlfn.TRANSLATE(R18,"","ja")) | T18: =IF(R18="","",_xlfn.TRANSLATE(R18,"","zh-Hans"))
F19: =IF(E19="","",_xlfn.TRANSLATE(E19,"","ja")) | G19: =IF(E19="","",_xlfn.TRANSLATE(E19,"","zh-Hans")) | M19: =IF(OR(I19="",J19=""),"",IF(L19<>"",1,IF(K19="",0,MAX(0,MIN(1,(TODAY()-I19)/(J19-I19+1)))))) | O19: =IF(J19="","",J19-TODAY()) | P19: =IF(J19="","",IF(L19<>"",INDEX(_翻訳マスタ!$B$75:$D$75,1,MATCH(言語切替!$B$3,_翻訳マスタ!$B$1:$D$1,0)),IF(TODAY()>J19,INDEX(_翻訳マスタ!$B$92:$D$92,1,MATCH(言語切替!$B$3,_翻訳マスタ!$B$1:$D$1,0)),IF(J19-TODAY()<=7,INDEX(_翻訳マスタ!$B$91:$D$91,1,MATCH(言語切替!$B$3,_翻訳マスタ!$B$1:$D$1,0)),INDEX(_翻訳マスタ!$B$90:$D$90,1,MATCH(言語切替!$B$3,_翻訳マスタ!$B$1:$D$1,0)))))) | S19: =IF(R19="","",_xlfn.TRANSLATE(R19,"","ja")) | T19: =IF(R19="","",_xlfn.TRANSLATE(R19,"","zh-Hans"))
... F24: =IF(E24="","",_xlfn.TRANSLATE(E24,"","ja")) | G24: =IF(E24="","",_xlfn.TRANSLATE(E24,"","zh-Hans")) | M24: =IF(OR(I24="",J24=""),"",IF(L24<>"",1,IF(K24="",0,MAX(0,MIN(1,(TODAY()-I24)/(J24-I24+1)))))) | O24: =IF(J24="","",J24-TODAY()) | P24: =IF(J24="","",IF(L24<>"",INDEX(_翻訳マスタ!$B$75:$D$75,1,MATCH(言語切替!$B$3,_翻訳マスタ!$B$1:$D$1,0)),IF(TODAY()>J24,INDEX(_翻訳マスタ!$B$92:$D$92,1,MATCH(言語切替!$B$3,_翻訳マスタ!$B$1:$D$1,0)),IF(J24-TODAY()<=7,INDEX(_翻訳マスタ!$B$91:$D$91,1,MATCH(言語切替!$B$3,_翻訳マスタ!$B$1:$D$1,0)),INDEX(_翻訳マスタ!$B$90:$D$90,1,MATCH(言語切替!$B$3,_翻訳マスタ!$B$1:$D$1,0)))))) | S24: =IF(R24="","",_xlfn.TRANSLATE(R24,"","ja")) | T24: =IF(R24="","",_xlfn.TRANSLATE(R24,"","zh-Hans"))
F25: =IF(E25="","",_xlfn.TRANSLATE(E25,"vi","ja")) | G25: =IF(E25="","",_xlfn.TRANSLATE(E25,"vi","zh-Hans")) | M25: =IF(OR(I25="",J25=""),"",IF(L25<>"",1,IF(K25="",0,MAX(0,MIN(1,(TODAY()-I25)/(J25-I25+1)))))) | O25: =IF(J25="","",J25-TODAY()) | P25: =IF(J25="","",IF(L25<>"",INDEX(_翻訳マスタ!$B$75:$D$75,1,MATCH(言語切替!$B$3,_翻訳マスタ!$B$1:$D$1,0)),IF(TODAY()>J25,INDEX(_翻訳マスタ!$B$92:$D$92,1,MATCH(言語切替!$B$3,_翻訳マスタ!$B$1:$D$1,0)),IF(J25-TODAY()<=7,INDEX(_翻訳マスタ!$B$91:$D$91,1,MATCH(言語切替!$B$3,_翻訳マスタ!$B$1:$D$1,0)),INDEX(_翻訳マスタ!$B$90:$D$90,1,MATCH(言語切替!$B$3,_翻訳マスタ!$B$1:$D$1,0)))))) | S25: =IF(R25="","",_xlfn.TRANSLATE(R25,"vi","ja")) | T25: =IF(R25="","",_xlfn.TRANSLATE(R25,"vi","zh-Hans"))
F26: =IF(E26="","",_xlfn.TRANSLATE(E26,"vi","ja")) | G26: =IF(E26="","",_xlfn.TRANSLATE(E26,"vi","zh-Hans")) | M26: =IF(OR(I26="",J26=""),"",IF(L26<>"",1,IF(K26="",0,MAX(0,MIN(1,(TODAY()-I26)/(J26-I26+1)))))) | O26: =IF(J26="","",J26-TODAY()) | P26: =IF(J26="","",IF(L26<>"",INDEX(_翻訳マスタ!$B$75:$D$75,1,MATCH(言語切替!$B$3,_翻訳マスタ!$B$1:$D$1,0)),IF(TODAY()>J26,INDEX(_翻訳マスタ!$B$92:$D$92,1,MATCH(言語切替!$B$3,_翻訳マスタ!$B$1:$D$1,0)),IF(J26-TODAY()<=7,INDEX(_翻訳マスタ!$B$91:$D$91,1,MATCH(言語切替!$B$3,_翻訳マスタ!$B$1:$D$1,0)),INDEX(_翻訳マスタ!$B$90:$D$90,1,MATCH(言語切替!$B$3,_翻訳マスタ!$B$1:$D$1,0)))))) | S26: =IF(R26="","",_xlfn.TRANSLATE(R26,"vi","ja")) | T26: =IF(R26="","",_xlfn.TRANSLATE(R26,"vi","zh-Hans"))
F27: =IF(E27="","",_xlfn.TRANSLATE(E27,"vi","ja")) | G27: =IF(E27="","",_xlfn.TRANSLATE(E27,"vi","zh-Hans")) | M27: =IF(OR(I27="",J27=""),"",IF(L27<>"",1,IF(K27="",0,MAX(0,MIN(1,(TODAY()-I27)/(J27-I27+1)))))) | O27: =IF(J27="","",J27-TODAY()) | P27: =IF(J27="","",IF(L27<>"",INDEX(_翻訳マスタ!$B$75:$D$75,1,MATCH(言語切替!$B$3,_翻訳マスタ!$B$1:$D$1,0)),IF(TODAY()>J27,INDEX(_翻訳マスタ!$B$92:$D$92,1,MATCH(言語切替!$B$3,_翻訳マスタ!$B$1:$D$1,0)),IF(J27-TODAY()<=7,INDEX(_翻訳マスタ!$B$91:$D$91,1,MATCH(言語切替!$B$3,_翻訳マスタ!$B$1:$D$1,0)),INDEX(_翻訳マスタ!$B$90:$D$90,1,MATCH(言語切替!$B$3,_翻訳マスタ!$B$1:$D$1,0)))))) | S27: =IF(R27="","",_xlfn.TRANSLATE(R27,"vi","ja")) | T27: =IF(R27="","",_xlfn.TRANSLATE(R27,"vi","zh-Hans"))
F28: =IF(E28="","",_xlfn.TRANSLATE(E28,"vi","ja")) | G28: =IF(E28="","",_xlfn.TRANSLATE(E28,"vi","zh-Hans")) | M28: =IF(OR(I28="",J28=""),"",IF(L28<>"",1,IF(K28="",0,MAX(0,MIN(1,(TODAY()-I28)/(J28-I28+1)))))) | O28: =IF(J28="","",J28-TODAY()) | P28: =IF(J28="","",IF(L28<>"",INDEX(_翻訳マスタ!$B$75:$D$75,1,MATCH(言語切替!$B$3,_翻訳マスタ!$B$1:$D$1,0)),IF(TODAY()>J28,INDEX(_翻訳マスタ!$B$92:$D$92,1,MATCH(言語切替!$B$3,_翻訳マスタ!$B$1:$D$1,0)),IF(J28-TODAY()<=7,INDEX(_翻訳マスタ!$B$91:$D$91,1,MATCH(言語切替!$B$3,_翻訳マスタ!$B$1:$D$1,0)),INDEX(_翻訳マスタ!$B$90:$D$90,1,MATCH(言語切替!$B$3,_翻訳マスタ!$B$1:$D$1,0)))))) | S28: =IF(R28="","",_xlfn.TRANSLATE(R28,"vi","ja")) | T28: =IF(R28="","",_xlfn.TRANSLATE(R28,"vi","zh-Hans"))
F29: =IF(E29="","",_xlfn.TRANSLATE(E29,"vi","ja")) | G29: =IF(E29="","",_xlfn.TRANSLATE(E29,"vi","zh-Hans")) | M29: =IF(OR(I29="",J29=""),"",IF(L29<>"",1,IF(K29="",0,MAX(0,MIN(1,(TODAY()-I29)/(J29-I29+1)))))) | O29: =IF(J29="","",J29-TODAY()) | P29: =IF(J29="","",IF(L29<>"",INDEX(_翻訳マスタ!$B$75:$D$75,1,MATCH(言語切替!$B$3,_翻訳マスタ!$B$1:$D$1,0)),IF(TODAY()>J29,INDEX(_翻訳マスタ!$B$92:$D$92,1,MATCH(言語切替!$B$3,_翻訳マスタ!$B$1:$D$1,0)),IF(J29-TODAY()<=7,INDEX(_翻訳マスタ!$B$91:$D$91,1,MATCH(言語切替!$B$3,_翻訳マスタ!$B$1:$D$1,0)),INDEX(_翻訳マスタ!$B$90:$D$90,1,MATCH(言語切替!$B$3,_翻訳マスタ!$B$1:$D$1,0)))))) | S29: =IF(R29="","",_xlfn.TRANSLATE(R29,"vi","ja")) | T29: =IF(R29="","",_xlfn.TRANSLATE(R29,"vi","zh-Hans"))
F30: =IF(E30="","",_xlfn.TRANSLATE(E30,"vi","ja")) | G30: =IF(E30="","",_xlfn.TRANSLATE(E30,"vi","zh-Hans")) | M30: =IF(OR(I30="",J30=""),"",IF(L30<>"",1,IF(K30="",0,MAX(0,MIN(1,(TODAY()-I30)/(J30-I30+1)))))) | O30: =IF(J30="","",J30-TODAY()) | P30: =IF(J30="","",IF(L30<>"",INDEX(_翻訳マスタ!$B$75:$D$75,1,MATCH(言語切替!$B$3,_翻訳マスタ!$B$1:$D$1,0)),IF(TODAY()>J30,INDEX(_翻訳マスタ!$B$92:$D$92,1,MATCH(言語切替!$B$3,_翻訳マスタ!$B$1:$D$1,0)),IF(J30-TODAY()<=7,INDEX(_翻訳マスタ!$B$91:$D$91,1,MATCH(言語切替!$B$3,_翻訳マスタ!$B$1:$D$1,0)),INDEX(_翻訳マスタ!$B$90:$D$90,1,MATCH(言語切替!$B$3,_翻訳マスタ!$B$1:$D$1,0)))))) | S30: =IF(R30="","",_xlfn.TRANSLATE(R30,"vi","ja")) | T30: =IF(R30="","",_xlfn.TRANSLATE(R30,"vi","zh-Hans"))
F31: =IF(E31="","",_xlfn.TRANSLATE(E31,"vi","ja")) | G31: =IF(E31="","",_xlfn.TRANSLATE(E31,"vi","zh-Hans")) | M31: =IF(OR(I31="",J31=""),"",IF(L31<>"",1,IF(K31="",0,MAX(0,MIN(1,(TODAY()-I31)/(J31-I31+1)))))) | O31: =IF(J31="","",J31-TODAY()) | P31: =IF(J31="","",IF(L31<>"",INDEX(_翻訳マスタ!$B$75:$D$75,1,MATCH(言語切替!$B$3,_翻訳マスタ!$B$1:$D$1,0)),IF(TODAY()>J31,INDEX(_翻訳マスタ!$B$92:$D$92,1,MATCH(言語切替!$B$3,_翻訳マスタ!$B$1:$D$1,0)),IF(J31-TODAY()<=7,INDEX(_翻訳マスタ!$B$91:$D$91,1,MATCH(言語切替!$B$3,_翻訳マスタ!$B$1:$D$1,0)),INDEX(_翻訳マスタ!$B$90:$D$90,1,MATCH(言語切替!$B$3,_翻訳マスタ!$B$1:$D$1,0)))))) | S31: =IF(R31="","",_xlfn.TRANSLATE(R31,"vi","ja")) | T31: =IF(R31="","",_xlfn.TRANSLATE(R31,"vi","zh-Hans"))
F32: =IF(E32="","",_xlfn.TRANSLATE(E32,"vi","ja")) | G32: =IF(E32="","",_xlfn.TRANSLATE(E32,"vi","zh-Hans")) | M32: =IF(OR(I32="",J32=""),"",IF(L32<>"",1,IF(K32="",0,MAX(0,MIN(1,(TODAY()-I32)/(J32-I32+1)))))) | O32: =IF(J32="","",J32-TODAY()) | P32: =IF(J32="","",IF(L32<>"",INDEX(_翻訳マスタ!$B$75:$D$75,1,MATCH(言語切替!$B$3,_翻訳マスタ!$B$1:$D$1,0)),IF(TODAY()>J32,INDEX(_翻訳マスタ!$B$92:$D$92,1,MATCH(言語切替!$B$3,_翻訳マスタ!$B$1:$D$1,0)),IF(J32-TODAY()<=7,INDEX(_翻訳マスタ!$B$91:$D$91,1,MATCH(言語切替!$B$3,_翻訳マスタ!$B$1:$D$1,0)),INDEX(_翻訳マスタ!$B$90:$D$90,1,MATCH(言語切替!$B$3,_翻訳マスタ!$B$1:$D$1,0)))))) | S32: =IF(R32="","",_xlfn.TRANSLATE(R32,"vi","ja")) | T32: =IF(R32="","",_xlfn.TRANSLATE(R32,"vi","zh-Hans"))
F33: =IF(E33="","",_xlfn.TRANSLATE(E33,"vi","ja")) | G33: =IF(E33="","",_xlfn.TRANSLATE(E33,"vi","zh-Hans")) | M33: =IF(OR(I33="",J33=""),"",IF(L33<>"",1,IF(K33="",0,MAX(0,MIN(1,(TODAY()-I33)/(J33-I33+1)))))) | O33: =IF(J33="","",J33-TODAY()) | P33: =IF(J33="","",IF(L33<>"",INDEX(_翻訳マスタ!$B$75:$D$75,1,MATCH(言語切替!$B$3,_翻訳マスタ!$B$1:$D$1,0)),IF(TODAY()>J33,INDEX(_翻訳マスタ!$B$92:$D$92,1,MATCH(言語切替!$B$3,_翻訳マスタ!$B$1:$D$1,0)),IF(J33-TODAY()<=7,INDEX(_翻訳マスタ!$B$91:$D$91,1,MATCH(言語切替!$B$3,_翻訳マスタ!$B$1:$D$1,0)),INDEX(_翻訳マスタ!$B$90:$D$90,1,MATCH(言語切替!$B$3,_翻訳マスタ!$B$1:$D$1,0)))))) | S33: =IF(R33="","",_xlfn.TRANSLATE(R33,"vi","ja")) | T33: =IF(R33="","",_xlfn.TRANSLATE(R33,"vi","zh-Hans"))
F34: =IF(E34="","",_xlfn.TRANSLATE(E34,"vi","ja")) | G34: =IF(E34="","",_xlfn.TRANSLATE(E34,"vi","zh-Hans")) | M34: =IF(OR(I34="",J34=""),"",IF(L34<>"",1,IF(K34="",0,MAX(0,MIN(1,(TODAY()-I34)/(J34-I34+1)))))) | O34: =IF(J34="","",J34-TODAY()) | P34: =IF(J34="","",IF(L34<>"",INDEX(_翻訳マスタ!$B$75:$D$75,1,MATCH(言語切替!$B$3,_翻訳マスタ!$B$1:$D$1,0)),IF(TODAY()>J34,INDEX(_翻訳マスタ!$B$92:$D$92,1,MATCH(言語切替!$B$3,_翻訳マスタ!$B$1:$D$1,0)),IF(J34-TODAY()<=7,INDEX(_翻訳マスタ!$B$91:$D$91,1,MATCH(言語切替!$B$3,_翻訳マスタ!$B$1:$D$1,0)),INDEX(_翻訳マスタ!$B$90:$D$90,1,MATCH(言語切替!$B$3,_翻訳マスタ!$B$1:$D$1,0)))))) | S34: =IF(R34="","",_xlfn.TRANSLATE(R34,"vi","ja")) | T34: =IF(R34="","",_xlfn.TRANSLATE(R34,"vi","zh-Hans"))
F35: =IF(E35="","",_xlfn.TRANSLATE(E35,"vi","ja")) | G35: =IF(E35="","",_xlfn.TRANSLATE(E35,"vi","zh-Hans")) | M35: =IF(OR(I35="",J35=""),"",IF(L35<>"",1,IF(K35="",0,MAX(0,MIN(1,(TODAY()-I35)/(J35-I35+1)))))) | O35: =IF(J35="","",J35-TODAY()) | P35: =IF(J35="","",IF(L35<>"",INDEX(_翻訳マスタ!$B$75:$D$75,1,MATCH(言語切替!$B$3,_翻訳マスタ!$B$1:$D$1,0)),IF(TODAY()>J35,INDEX(_翻訳マスタ!$B$92:$D$92,1,MATCH(言語切替!$B$3,_翻訳マスタ!$B$1:$D$1,0)),IF(J35-TODAY()<=7,INDEX(_翻訳マスタ!$B$91:$D$91,1,MATCH(言語切替!$B$3,_翻訳マスタ!$B$1:$D$1,0)),INDEX(_翻訳マスタ!$B$90:$D$90,1,MATCH(言語切替!$B$3,_翻訳マスタ!$B$1:$D$1,0)))))) | S35: =IF(R35="","",_xlfn.TRANSLATE(R35,"vi","ja")) | T35: =IF(R35="","",_xlfn.TRANSLATE(R35,"vi","zh-Hans"))
F36: =IF(E36="","",_xlfn.TRANSLATE(E36,"vi","ja")) | G36: =IF(E36="","",_xlfn.TRANSLATE(E36,"vi","zh-Hans")) | M36: =IF(OR(I36="",J36=""),"",IF(L36<>"",1,IF(K36="",0,MAX(0,MIN(1,(TODAY()-I36)/(J36-I36+1)))))) | O36: =IF(J36="","",J36-TODAY()) | P36: =IF(J36="","",IF(L36<>"",INDEX(_翻訳マスタ!$B$75:$D$75,1,MATCH(言語切替!$B$3,_翻訳マスタ!$B$1:$D$1,0)),IF(TODAY()>J36,INDEX(_翻訳マスタ!$B$92:$D$92,1,MATCH(言語切替!$B$3,_翻訳マスタ!$B$1:$D$1,0)),IF(J36-TODAY()<=7,INDEX(_翻訳マスタ!$B$91:$D$91,1,MATCH(言語切替!$B$3,_翻訳マスタ!$B$1:$D$1,0)),INDEX(_翻訳マスタ!$B$90:$D$90,1,MATCH(言語切替!$B$3,_翻訳マスタ!$B$1:$D$1,0)))))) | S36: =IF(R36="","",_xlfn.TRANSLATE(R36,"vi","ja")) | T36: =IF(R36="","",_xlfn.TRANSLATE(R36,"vi","zh-Hans"))
... F204: =IF(E204="","",_xlfn.TRANSLATE(E204,"vi","ja")) | G204: =IF(E204="","",_xlfn.TRANSLATE(E204,"vi","zh-Hans")) | M204: =IF(OR(I204="",J204=""),"",IF(L204<>"",1,IF(K204="",0,MAX(0,MIN(1,(TODAY()-I204)/(J204-I204+1)))))) | O204: =IF(J204="","",J204-TODAY()) | P204: =IF(J204="","",IF(L204<>"",INDEX(_翻訳マスタ!$B$75:$D$75,1,MATCH(言語切替!$B$3,_翻訳マスタ!$B$1:$D$1,0)),IF(TODAY()>J204,INDEX(_翻訳マスタ!$B$92:$D$92,1,MATCH(言語切替!$B$3,_翻訳マスタ!$B$1:$D$1,0)),IF(J204-TODAY()<=7,INDEX(_翻訳マスタ!$B$91:$D$91,1,MATCH(言語切替!$B$3,_翻訳マスタ!$B$1:$D$1,0)),INDEX(_翻訳マスタ!$B$90:$D$90,1,MATCH(言語切替!$B$3,_翻訳マスタ!$B$1:$D$1,0)))))) | S204: =IF(R204="","",_xlfn.TRANSLATE(R204,"vi","ja")) | T204: =IF(R204="","",_xlfn.TRANSLATE(R204,"vi","zh-Hans"))

Sheet 04_課題ToDo
A1: =INDEX(_翻訳マスタ!$B$117:$D$247,MATCH("ISSUE_TITLE",_翻訳マスタ!$A$117:$A$247,0),MATCH(言語切替!$B$3,_翻訳マスタ!$B$1:$D$1,0)) -> Quản lý Vấn đề & ToDo
A2: =INDEX(_翻訳マスタ!$B$117:$D$247,MATCH("ISSUE_DESC",_翻訳マスタ!$A$117:$A$247,0),MATCH(言語切替!$B$3,_翻訳マスタ!$B$1:$D$1,0)) -> Quản lý tập trung vấn đề, ToDo, quyết định và rủi ro. Số ngày còn lại và cảnh báo được tính tự động. 4 dòng là ví dụ nhập liệu.
A3: =INDEX(_翻訳マスタ!$B$2:$D$300,MATCH("PARA_HOWTO",_翻訳マスタ!$A$2:$A$300,0),MATCH(言語切替!$B$3,_翻訳マスタ!$B$1:$D$1,0)) -> Cách dùng: Nhập tiếng mẹ đẻ → đọc cột khác → ô trống không dịch → dưới 3000 ký tự
A4: =INDEX(_翻訳マスタ!$B$117:$D$247,MATCH("ISSUE_COL_ID",_翻訳マスタ!$A$117:$A$247,0),MATCH(言語切替!$B$3,_翻訳マスタ!$B$1:$D$1,0)) -> ID | B4: =INDEX(_翻訳マスタ!$B$117:$D$247,MATCH("ISSUE_COL_TYPE",_翻訳マスタ!$A$117:$A$247,0),MATCH(言語切替!$B$3,_翻訳マスタ!$B$1:$D$1,0)) -> Phân loại | C4: =INDEX(_翻訳マスタ!$B$117:$D$247,MATCH("ISSUE_COL_WG",_翻訳マスタ!$A$117:$A$247,0),MATCH(言語切替!$B$3,_翻訳マスタ!$B$1:$D$1,0)) -> WG | D4: =INDEX(_翻訳マスタ!$B$117:$D$247,MATCH("ISSUE_COL_SITE",_翻訳マスタ!$A$117:$A$247,0),MATCH(言語切替!$B$3,_翻訳マスタ!$B$1:$D$1,0)) -> Đơn vị | E4: =INDEX(_翻訳マスタ!$B$2:$D$300,MATCH("ISSUE_COL_TITLE",_翻訳マスタ!$A$2:$A$300,0),MATCH(言語切替!$B$3,_翻訳マスタ!$B$1:$D$1,0))&INDEX(_翻訳マスタ!$B$2:$D$300,MATCH("NEW_VI_SUFFIX",_翻訳マスタ!$A$2:$A$300,0),MATCH(言語切替!$B$3,_翻訳マスタ!$B$1:$D$1,0)) -> Tiêu đề (VI) | F4: =INDEX(_翻訳マスタ!$B$2:$D$300,MATCH("ISSUE_COL_TITLE",_翻訳マスタ!$A$2:$A$300,0),MATCH(言語切替!$B$3,_翻訳マスタ!$B$1:$D$1,0))&INDEX(_翻訳マスタ!$B$2:$D$300,MATCH("NEW_JP_SUFFIX",_翻訳マスタ!$A$2:$A$300,0),MATCH(言語切替!$B$3,_翻訳マスタ!$B$1:$D$1,0)) -> Tiêu đề (JP) | G4: =INDEX(_翻訳マスタ!$B$2:$D$300,MATCH("ISSUE_COL_TITLE",_翻訳マスタ!$A$2:$A$300,0),MATCH(言語切替!$B$3,_翻訳マスタ!$B$1:$D$1,0))&INDEX(_翻訳マスタ!$B$2:$D$300,MATCH("NEW_CN_SUFFIX",_翻訳マスタ!$A$2:$A$300,0),MATCH(言語切替!$B$3,_翻訳マスタ!$B$1:$D$1,0)) -> Tiêu đề (CN) | H4: =INDEX(_翻訳マスタ!$B$2:$D$300,MATCH("ISSUE_COL_BG",_翻訳マスタ!$A$2:$A$300,0),MATCH(言語切替!$B$3,_翻訳マスタ!$B$1:$D$1,0))&INDEX(_翻訳マスタ!$B$2:$D$300,MATCH("NEW_VI_SUFFIX",_翻訳マスタ!$A$2:$A$300,0),MATCH(言語切替!$B$3,_翻訳マスタ!$B$1:$D$1,0)) -> Bối cảnh / Vấn đề (VI) | I4: =INDEX(_翻訳マスタ!$B$2:$D$300,MATCH("ISSUE_COL_BG",_翻訳マスタ!$A$2:$A$300,0),MATCH(言語切替!$B$3,_翻訳マスタ!$B$1:$D$1,0))&INDEX(_翻訳マスタ!$B$2:$D$300,MATCH("NEW_JP_SUFFIX",_翻訳マスタ!$A$2:$A$300,0),MATCH(言語切替!$B$3,_翻訳マスタ!$B$1:$D$1,0)) -> Bối cảnh / Vấn đề (JP) | J4: =INDEX(_翻訳マスタ!$B$2:$D$300,MATCH("ISSUE_COL_BG",_翻訳マスタ!$A$2:$A$300,0),MATCH(言語切替!$B$3,_翻訳マスタ!$B$1:$D$1,0))&INDEX(_翻訳マスタ!$B$2:$D$300,MATCH("NEW_CN_SUFFIX",_翻訳マスタ!$A$2:$A$300,0),MATCH(言語切替!$B$3,_翻訳マスタ!$B$1:$D$1,0)) -> Bối cảnh / Vấn đề (CN) | K4: =INDEX(_翻訳マスタ!$B$2:$D$300,MATCH("ISSUE_COL_ACTION",_翻訳マスタ!$A$2:$A$300,0),MATCH(言語切替!$B$3,_翻訳マスタ!$B$1:$D$1,0))&INDEX(_翻訳マスタ!$B$2:$D$300,MATCH("NEW_VI_SUFFIX",_翻訳マスタ!$A$2:$A$300,0),MATCH(言語切替!$B$3,_翻訳マスタ!$B$1:$D$1,0)) -> Hành động tiếp theo (VI) | L4: =INDEX(_翻訳マスタ!$B$2:$D$300,MATCH("ISSUE_COL_ACTION",_翻訳マスタ!$A$2:$A$300,0),MATCH(言語切替!$B$3,_翻訳マスタ!$B$1:$D$1,0))&INDEX(_翻訳マスタ!$B$2:$D$300,MATCH("NEW_JP_SUFFIX",_翻訳マスタ!$A$2:$A$300,0),MATCH(言語切替!$B$3,_翻訳マスタ!$B$1:$D$1,0)) -> Hành động tiếp theo (JP) | M4: =INDEX(_翻訳マスタ!$B$2:$D$300,MATCH("ISSUE_COL_ACTION",_翻訳マスタ!$A$2:$A$300,0),MATCH(言語切替!$B$3,_翻訳マスタ!$B$1:$D$1,0))&INDEX(_翻訳マスタ!$B$2:$D$300,MATCH("NEW_CN_SUFFIX",_翻訳マスタ!$A$2:$A$300,0),MATCH(言語切替!$B$3,_翻訳マスタ!$B$1:$D$1,0)) -> Hành động tiếp theo (CN) | N4: =INDEX(_翻訳マスタ!$B$117:$D$247,MATCH("ISSUE_COL_OWNER",_翻訳マスタ!$A$117:$A$247,0),MATCH(言語切替!$B$3,_翻訳マスタ!$B$1:$D$1,0)) -> Người phụ trách | O4: =INDEX(_翻訳マスタ!$B$117:$D$247,MATCH("ISSUE_COL_COOP",_翻訳マスタ!$A$117:$A$247,0),MATCH(言語切替!$B$3,_翻訳マスタ!$B$1:$D$1,0)) -> Người phối hợp | P4: =INDEX(_翻訳マスタ!$B$117:$D$247,MATCH("ISSUE_COL_START",_翻訳マスタ!$A$117:$A$247,0),MATCH(言語切替!$B$3,_翻訳マスタ!$B$1:$D$1,0)) -> Ngày tạo | Q4: =INDEX(_翻訳マスタ!$B$117:$D$247,MATCH("ISSUE_COL_DUE",_翻訳マスタ!$A$117:$A$247,0),MATCH(言語切替!$B$3,_翻訳マスタ!$B$1:$D$1,0)) -> Thời hạn | R4: =INDEX(_翻訳マスタ!$B$117:$D$247,MATCH("ISSUE_COL_PRIORITY",_翻訳マスタ!$A$117:$A$247,0),MATCH(言語切替!$B$3,_翻訳マスタ!$B$1:$D$1,0)) -> Mức ưu tiên | S4: =INDEX(_翻訳マスタ!$B$117:$D$247,MATCH("ISSUE_COL_STATUS",_翻訳マスタ!$A$117:$A$247,0),MATCH(言語切替!$B$3,_翻訳マスタ!$B$1:$D$1,0)) -> Trạng thái | T4: =INDEX(_翻訳マスタ!$B$117:$D$247,MATCH("ISSUE_COL_DEP",_翻訳マスタ!$A$117:$A$247,0),MATCH(言語切替!$B$3,_翻訳マスタ!$B$1:$D$1,0)) -> WG liên quan / Phụ thuộc | U4: =INDEX(_翻訳マスタ!$B$2:$D$300,MATCH("ISSUE_COL_COND",_翻訳マスタ!$A$2:$A$300,0),MATCH(言語切替!$B$3,_翻訳マスタ!$B$1:$D$1,0))&INDEX(_翻訳マスタ!$B$2:$D$300,MATCH("NEW_VI_SUFFIX",_翻訳マスタ!$A$2:$A$300,0),MATCH(言語切替!$B$3,_翻訳マスタ!$B$1:$D$1,0)) -> Điều kiện hoàn thành (VI) | V4: =INDEX(_翻訳マスタ!$B$2:$D$300,MATCH("ISSUE_COL_COND",_翻訳マスタ!$A$2:$A$300,0),MATCH(言語切替!$B$3,_翻訳マスタ!$B$1:$D$1,0))&INDEX(_翻訳マスタ!$B$2:$D$300,MATCH("NEW_JP_SUFFIX",_翻訳マスタ!$A$2:$A$300,0),MATCH(言語切替!$B$3,_翻訳マスタ!$B$1:$D$1,0)) -> Điều kiện hoàn thành (JP) | W4: =INDEX(_翻訳マスタ!$B$2:$D$300,MATCH("ISSUE_COL_COND",_翻訳マスタ!$A$2:$A$300,0),MATCH(言語切替!$B$3,_翻訳マスタ!$B$1:$D$1,0))&INDEX(_翻訳マスタ!$B$2:$D$300,MATCH("NEW_CN_SUFFIX",_翻訳マスタ!$A$2:$A$300,0),MATCH(言語切替!$B$3,_翻訳マスタ!$B$1:$D$1,0)) -> Điều kiện hoàn thành (CN) | X4: =INDEX(_翻訳マスタ!$B$2:$D$300,MATCH("ISSUE_COL_RESULT",_翻訳マスタ!$A$2:$A$300,0),MATCH(言語切替!$B$3,_翻訳マスタ!$B$1:$D$1,0))&INDEX(_翻訳マスタ!$B$2:$D$300,MATCH("NEW_VI_SUFFIX",_翻訳マスタ!$A$2:$A$300,0),MATCH(言語切替!$B$3,_翻訳マスタ!$B$1:$D$1,0)) -> Tình trạng xử lý / Kết luận (VI) | Y4: =INDEX(_翻訳マスタ!$B$2:$D$300,MATCH("ISSUE_COL_RESULT",_翻訳マスタ!$A$2:$A$300,0),MATCH(言語切替!$B$3,_翻訳マスタ!$B$1:$D$1,0))&INDEX(_翻訳マスタ!$B$2:$D$300,MATCH("NEW_JP_SUFFIX",_翻訳マスタ!$A$2:$A$300,0),MATCH(言語切替!$B$3,_翻訳マスタ!$B$1:$D$1,0)) -> Tình trạng xử lý / Kết luận (JP) | Z4: =INDEX(_翻訳マスタ!$B$2:$D$300,MATCH("ISSUE_COL_RESULT",_翻訳マスタ!$A$2:$A$300,0),MATCH(言語切替!$B$3,_翻訳マスタ!$B$1:$D$1,0))&INDEX(_翻訳マスタ!$B$2:$D$300,MATCH("NEW_CN_SUFFIX",_翻訳マスタ!$A$2:$A$300,0),MATCH(言語切替!$B$3,_翻訳マスタ!$B$1:$D$1,0)) -> Tình trạng xử lý / Kết luận (CN) | AA4: =INDEX(_翻訳マスタ!$B$117:$D$247,MATCH("ISSUE_COL_LINK",_翻訳マスタ!$A$117:$A$247,0),MATCH(言語切替!$B$3,_翻訳マスタ!$B$1:$D$1,0)) -> Liên kết liên quan | AB4: =INDEX(_翻訳マスタ!$B$117:$D$247,MATCH("ISSUE_COL_DAYS",_翻訳マスタ!$A$117:$A$247,0),MATCH(言語切替!$B$3,_翻訳マスタ!$B$1:$D$1,0)) -> Số ngày còn lại | AC4: =INDEX(_翻訳マスタ!$B$117:$D$247,MATCH("ISSUE_COL_ALERT",_翻訳マスタ!$A$117:$A$247,0),MATCH(言語切替!$B$3,_翻訳マスタ!$B$1:$D$1,0)) -> Cảnh báo | AD4: =INDEX(_翻訳マスタ!$B$117:$D$247,MATCH("ISSUE_COL_UPDATED",_翻訳マスタ!$A$117:$A$247,0),MATCH(言語切替!$B$3,_翻訳マスタ!$B$1:$D$1,0)) -> Ngày cập nhật cuối
A5: IT-001 | B5: ='02_マスタ'!$I$6 -> ToDo | C5: ='02_マスタ'!$A$5 -> Toàn bộ | D5: ='02_マスタ'!$C$5 -> Chung | E5: =INDEX(_翻訳マスタ!$D$2:$D$300,MATCH("ISSUE_EX1_TITLE",_翻訳マスタ!$A$2:$A$300,0)) -> Xác định quy tắc quản lý | F5: =IF(E5="","",_xlfn.TRANSLATE(E5,"","ja")) -> #VALUE! | G5: =IF(E5="","",_xlfn.TRANSLATE(E5,"","zh-Hans")) -> #VALUE! | H5: =INDEX(_翻訳マスタ!$D$2:$D$300,MATCH("ISSUE_EX1_BG",_翻訳マスタ!$A$2:$A$300,0)) -> Cần quy tắc chung trước khi khởi động WG | I5: =IF(H5="","",_xlfn.TRANSLATE(H5,"","ja")) -> #VALUE! | J5: =IF(H5="","",_xlfn.TRANSLATE(H5,"","zh-Hans")) -> #VALUE! | K5: =INDEX(_翻訳マスタ!$D$2:$D$300,MATCH("ISSUE_EX1_ACT",_翻訳マスタ!$A$2:$A$300,0)) -> Thống nhất các mục, trách nhiệm và thời hạn trong ban điều hành | L5: =IF(K5="","",_xlfn.TRANSLATE(K5,"","ja")) -> #VALUE! | M5: =IF(K5="","",_xlfn.TRANSLATE(K5,"","zh-Hans")) -> #VALUE! | N5: =INDEX(_翻訳マスタ!$B$117:$D$247,MATCH("ROLE_PMO",_翻訳マスタ!$A$117:$A$247,0),MATCH(言語切替!$B$3,_翻訳マスタ!$B$1:$D$1,0)) -> Ban điều hành | O5: =INDEX(_翻訳マスタ!$B$117:$D$247,MATCH("ROLE_ALL_LEADERS",_翻訳マスタ!$A$117:$A$247,0),MATCH(言語切替!$B$3,_翻訳マスタ!$B$1:$D$1,0)) -> Tất cả trưởng nhóm | P5: 46288 | Q5: 46295 | R5: High | S5: ='02_マスタ'!$E$6 -> Đang xử lý | U5: =INDEX(_翻訳マスタ!$D$2:$D$300,MATCH("ISSUE_EX1_COND",_翻訳マスタ!$A$2:$A$300,0)) -> Quy tắc vận hành được phê duyệt | V5: =IF(U5="","",_xlfn.TRANSLATE(U5,"","ja")) -> #VALUE! | W5: =IF(U5="","",_xlfn.TRANSLATE(U5,"","zh-Hans")) -> #VALUE! | Y5: =IF(X5="","",_xlfn.TRANSLATE(X5,"","ja")) | Z5: =IF(X5="","",_xlfn.TRANSLATE(X5,"","zh-Hans")) | AB5: =IF(Q5="","",Q5-TODAY()) -> 0 | AC5: =IF(A5="","",IF(OR(S5='02_マスタ'!$E$10,S5='02_マスタ'!$E$12),"",IF(R5="High","High",IF(AND(Q5<>"",Q5<TODAY()),INDEX(_翻訳マスタ!$B$117:$D$247,MATCH("ALERT_OVERDUE",_翻訳マスタ!$A$117:$A$247,0),MATCH(言語切替!$B$3,_翻訳マスタ!$B$1:$D$1,0)),IF(AND(Q5<>"",Q5-TODAY()<=7),INDEX(_翻訳マスタ!$B$117:$D$247,MATCH("ALERT_APPROACHING",_翻訳マスタ!$A$117:$A$247,0),MATCH(言語切替!$B$3,_翻訳マスタ!$B$1:$D$1,0)),IF(OR(S5='02_マスタ'!$E$7,S5='02_マスタ'!$E$8),INDEX(_翻訳マスタ!$B$117:$D$247,MATCH("ALERT_CHECK",_翻訳マスタ!$A$117:$A$247,0),MATCH(言語切替!$B$3,_翻訳マスタ!$B$1:$D$1,0)),"")))))) -> High | AD5: 46288
A6: IS-001 | B6: ='02_マスタ'!$I$5 -> Vấn đề | C6: ='02_マスタ'!$A$9 -> WG-4 | D6: ='02_マスタ'!$C$5 -> Chung | E6: =INDEX(_翻訳マスタ!$D$2:$D$300,MATCH("ISSUE_EX2_TITLE",_翻訳マスタ!$A$2:$A$300,0)) -> Vận hành và vai trò BOP chưa rõ ràng | F6: =IF(E6="","",_xlfn.TRANSLATE(E6,"","ja")) -> #VALUE! | G6: =IF(E6="","",_xlfn.TRANSLATE(E6,"","zh-Hans")) -> #VALUE! | H6: =INDEX(_翻訳マスタ!$D$2:$D$300,MATCH("ISSUE_EX2_BG",_翻訳マスタ!$A$2:$A$300,0)) -> Chưa định nghĩa vai trò sau khi tạo, phê duyệt và liên kết | I6: =IF(H6="","",_xlfn.TRANSLATE(H6,"","ja")) -> #VALUE! | J6: =IF(H6="","",_xlfn.TRANSLATE(H6,"","zh-Hans")) -> #VALUE! | K6: =INDEX(_翻訳マスタ!$D$2:$D$300,MATCH("ISSUE_EX2_ACT",_翻訳マスタ!$A$2:$A$300,0)) -> Rà soát nghiệp vụ hiện tại và phân công trách nhiệm | L6: =IF(K6="","",_xlfn.TRANSLATE(K6,"","ja")) -> #VALUE! | M6: =IF(K6="","",_xlfn.TRANSLATE(K6,"","zh-Hans")) -> #VALUE! | N6: WG Leader | O6: WG-8 | P6: 46294 | Q6: 46311 | R6: High | S6: ='02_マスタ'!$E$5 -> Chưa bắt đầu | T6: =INDEX(_翻訳マスタ!$B$117:$D$247,MATCH("ISSUE_EX2_DEP",_翻訳マスタ!$A$117:$A$247,0),MATCH(言語切替!$B$3,_翻訳マスタ!$B$1:$D$1,0)) -> WG-8 Tích hợp hệ thống | U6: =INDEX(_翻訳マスタ!$D$2:$D$300,MATCH("ISSUE_EX2_COND",_翻訳マスタ!$A$2:$A$300,0)) -> Thống nhất bảng RACI | V6: =IF(U6="","",_xlfn.TRANSLATE(U6,"","ja")) -> #VALUE! | W6: =IF(U6="","",_xlfn.TRANSLATE(U6,"","zh-Hans")) -> #VALUE! | Y6: =IF(X6="","",_xlfn.TRANSLATE(X6,"","ja")) | Z6: =IF(X6="","",_xlfn.TRANSLATE(X6,"","zh-Hans")) | AB6: =IF(Q6="","",Q6-TODAY()) -> 16 | AC6: =IF(A6="","",IF(OR(S6='02_マスタ'!$E$10,S6='02_マスタ'!$E$12),"",IF(R6="High","High",IF(AND(Q6<>"",Q6<TODAY()),INDEX(_翻訳マスタ!$B$117:$D$247,MATCH("ALERT_OVERDUE",_翻訳マスタ!$A$117:$A$247,0),MATCH(言語切替!$B$3,_翻訳マスタ!$B$1:$D$1,0)),IF(AND(Q6<>"",Q6-TODAY()<=7),INDEX(_翻訳マスタ!$B$117:$D$247,MATCH("ALERT_APPROACHING",_翻訳マスタ!$A$117:$A$247,0),MATCH(言語切替!$B$3,_翻訳マスタ!$B$1:$D$1,0)),IF(OR(S6='02_マスタ'!$E$7,S6='02_マスタ'!$E$8),INDEX(_翻訳マスタ!$B$117:$D$247,MATCH("ALERT_CHECK",_翻訳マスタ!$A$117:$A$247,0),MATCH(言語切替!$B$3,_翻訳マスタ!$B$1:$D$1,0)),"")))))) -> High | AD6: 46288
A7: IS-002 | B7: ='02_マスタ'!$I$5 -> Vấn đề | C7: ='02_マスタ'!$A$12 -> WG-7 | D7: KDTVN | E7: =INDEX(_翻訳マスタ!$D$2:$D$300,MATCH("ISSUE_EX3_TITLE",_翻訳マスタ!$A$2:$A$300,0)) -> Phạm vi mục tiêu chưa xác định | F7: =IF(E7="","",_xlfn.TRANSLATE(E7,"","ja")) -> #VALUE! | G7: =IF(E7="","",_xlfn.TRANSLATE(E7,"","zh-Hans")) -> #VALUE! | H7: =INDEX(_翻訳マスタ!$D$2:$D$300,MATCH("ISSUE_EX3_BG",_翻訳マスタ!$A$2:$A$300,0)) -> Phạm vi logistics giao hàng rộng | I7: =IF(H7="","",_xlfn.TRANSLATE(H7,"","ja")) -> #VALUE! | J7: =IF(H7="","",_xlfn.TRANSLATE(H7,"","zh-Hans")) -> #VALUE! | K7: =INDEX(_翻訳マスタ!$D$2:$D$300,MATCH("ISSUE_EX3_ACT",_翻訳マスタ!$A$2:$A$300,0)) -> Rà soát công chuẩn hiện tại và thống nhất chủ đề ưu tiên | L7: =IF(K7="","",_xlfn.TRANSLATE(K7,"","ja")) -> #VALUE! | M7: =IF(K7="","",_xlfn.TRANSLATE(K7,"","zh-Hans")) -> #VALUE! | N7: WG Leader | O7: =INDEX(_翻訳マスタ!$B$117:$D$247,MATCH("ROLE_PMO",_翻訳マスタ!$A$117:$A$247,0),MATCH(言語切替!$B$3,_翻訳マスタ!$B$1:$D$1,0)) -> Ban điều hành | P7: 46294 | Q7: 46311 | R7: Middle | S7: ='02_マスタ'!$E$5 -> Chưa bắt đầu | U7: =INDEX(_翻訳マスタ!$D$2:$D$300,MATCH("ISSUE_EX3_COND",_翻訳マスタ!$A$2:$A$300,0)) -> Phê duyệt phạm vi mục tiêu | V7: =IF(U7="","",_xlfn.TRANSLATE(U7,"","ja")) -> #VALUE! | W7: =IF(U7="","",_xlfn.TRANSLATE(U7,"","zh-Hans")) -> #VALUE! | Y7: =IF(X7="","",_xlfn.TRANSLATE(X7,"","ja")) | Z7: =IF(X7="","",_xlfn.TRANSLATE(X7,"","zh-Hans")) | AB7: =IF(Q7="","",Q7-TODAY()) -> 16 | AC7: =IF(A7="","",IF(OR(S7='02_マスタ'!$E$10,S7='02_マスタ'!$E$12),"",IF(R7="High","High",IF(AND(Q7<>"",Q7<TODAY()),INDEX(_翻訳マスタ!$B$117:$D$247,MATCH("ALERT_OVERDUE",_翻訳マスタ!$A$117:$A$247,0),MATCH(言語切替!$B$3,_翻訳マスタ!$B$1:$D$1,0)),IF(AND(Q7<>"",Q7-TODAY()<=7),INDEX(_翻訳マスタ!$B$117:$D$247,MATCH("ALERT_APPROACHING",_翻訳マスタ!$A$117:$A$247,0),MATCH(言語切替!$B$3,_翻訳マスタ!$B$1:$D$1,0)),IF(OR(S7='02_マスタ'!$E$7,S7='02_マスタ'!$E$8),INDEX(_翻訳マスタ!$B$117:$D$247,MATCH("ALERT_CHECK",_翻訳マスタ!$A$117:$A$247,0),MATCH(言語切替!$B$3,_翻訳マスタ!$B$1:$D$1,0)),"")))))) | AD7: 46288
A8: RK-001 | B8: ='02_マスタ'!$I$8 -> Rủi ro | C8: ='02_マスタ'!$A$14 -> WG-9 | D8: ='02_マスタ'!$C$5 -> Chung | E8: =INDEX(_翻訳マスタ!$D$2:$D$300,MATCH("ISSUE_EX4_TITLE",_翻訳マスタ!$A$2:$A$300,0)) -> Triển khai với đối tác bị đình trệ | F8: =IF(E8="","",_xlfn.TRANSLATE(E8,"","ja")) -> #VALUE! | G8: =IF(E8="","",_xlfn.TRANSLATE(E8,"","zh-Hans")) -> #VALUE! | H8: =INDEX(_翻訳マスタ!$D$2:$D$300,MATCH("ISSUE_EX4_BG",_翻訳マスタ!$A$2:$A$300,0)) -> Chưa sắp xếp quy cách, chia sẻ chi phí và logistics thu hồi | I8: =IF(H8="","",_xlfn.TRANSLATE(H8,"","ja")) -> #VALUE! | J8: =IF(H8="","",_xlfn.TRANSLATE(H8,"","zh-Hans")) -> #VALUE! | K8: =INDEX(_翻訳マスタ!$D$2:$D$300,MATCH("ISSUE_EX4_ACT",_翻訳マスタ!$A$2:$A$300,0)) -> Sắp xếp các yếu tố cản trở và vấn đề cần quyết định | L8: =IF(K8="","",_xlfn.TRANSLATE(K8,"","ja")) -> #VALUE! | M8: =IF(K8="","",_xlfn.TRANSLATE(K8,"","zh-Hans")) -> #VALUE! | N8: WG Leader | O8: =INDEX(_翻訳マスタ!$B$117:$D$247,MATCH("ROLE_MATERIALS",_翻訳マスタ!$A$117:$A$247,0),MATCH(言語切替!$B$3,_翻訳マスタ!$B$1:$D$1,0)) -> Vật tư | P8: 46294 | Q8: 46318 | R8: Middle | S8: ='02_マスタ'!$E$5 -> Chưa bắt đầu | T8: =INDEX(_翻訳マスタ!$B$117:$D$247,MATCH("ISSUE_EX4_DEP",_翻訳マスタ!$A$117:$A$247,0),MATCH(言語切替!$B$3,_翻訳マスタ!$B$1:$D$1,0)) -> WG-1 Tiếp nhận linh kiện | U8: =INDEX(_翻訳マスタ!$D$2:$D$300,MATCH("ISSUE_EX4_COND",_翻訳マスタ!$A$2:$A$300,0)) -> Thống nhất định hướng triển khai | V8: =IF(U8="","",_xlfn.TRANSLATE(U8,"","ja")) -> #VALUE! | W8: =IF(U8="","",_xlfn.TRANSLATE(U8,"","zh-Hans")) -> #VALUE! | Y8: =IF(X8="","",_xlfn.TRANSLATE(X8,"","ja")) | Z8: =IF(X8="","",_xlfn.TRANSLATE(X8,"","zh-Hans")) | AB8: =IF(Q8="","",Q8-TODAY()) -> 23 | AC8: =IF(A8="","",IF(OR(S8='02_マスタ'!$E$10,S8='02_マスタ'!$E$12),"",IF(R8="High","High",IF(AND(Q8<>"",Q8<TODAY()),INDEX(_翻訳マスタ!$B$117:$D$247,MATCH("ALERT_OVERDUE",_翻訳マスタ!$A$117:$A$247,0),MATCH(言語切替!$B$3,_翻訳マスタ!$B$1:$D$1,0)),IF(AND(Q8<>"",Q8-TODAY()<=7),INDEX(_翻訳マスタ!$B$117:$D$247,MATCH("ALERT_APPROACHING",_翻訳マスタ!$A$117:$A$247,0),MATCH(言語切替!$B$3,_翻訳マスタ!$B$1:$D$1,0)),IF(OR(S8='02_マスタ'!$E$7,S8='02_マスタ'!$E$8),INDEX(_翻訳マスタ!$B$117:$D$247,MATCH("ALERT_CHECK",_翻訳マスタ!$A$117:$A$247,0),MATCH(言語切替!$B$3,_翻訳マスタ!$B$1:$D$1,0)),"")))))) | AD8: 46288
F9: =IF(E9="","",_xlfn.TRANSLATE(E9,"","ja")) | G9: =IF(E9="","",_xlfn.TRANSLATE(E9,"","zh-Hans")) | I9: =IF(H9="","",_xlfn.TRANSLATE(H9,"","ja")) | J9: =IF(H9="","",_xlfn.TRANSLATE(H9,"","zh-Hans")) | L9: =IF(K9="","",_xlfn.TRANSLATE(K9,"","ja")) | M9: =IF(K9="","",_xlfn.TRANSLATE(K9,"","zh-Hans")) | V9: =IF(U9="","",_xlfn.TRANSLATE(U9,"","ja")) | W9: =IF(U9="","",_xlfn.TRANSLATE(U9,"","zh-Hans")) | Y9: =IF(X9="","",_xlfn.TRANSLATE(X9,"","ja")) | Z9: =IF(X9="","",_xlfn.TRANSLATE(X9,"","zh-Hans")) | AB9: =IF(Q9="","",Q9-TODAY()) | AC9: =IF(A9="","",IF(OR(S9='02_マスタ'!$E$10,S9='02_マスタ'!$E$12),"",IF(R9="High","High",IF(AND(Q9<>"",Q9<TODAY()),INDEX(_翻訳マスタ!$B$117:$D$247,MATCH("ALERT_OVERDUE",_翻訳マスタ!$A$117:$A$247,0),MATCH(言語切替!$B$3,_翻訳マスタ!$B$1:$D$1,0)),IF(AND(Q9<>"",Q9-TODAY()<=7),INDEX(_翻訳マスタ!$B$117:$D$247,MATCH("ALERT_APPROACHING",_翻訳マスタ!$A$117:$A$247,0),MATCH(言語切替!$B$3,_翻訳マスタ!$B$1:$D$1,0)),IF(OR(S9='02_マスタ'!$E$7,S9='02_マスタ'!$E$8),INDEX(_翻訳マスタ!$B$117:$D$247,MATCH("ALERT_CHECK",_翻訳マスタ!$A$117:$A$247,0),MATCH(言語切替!$B$3,_翻訳マスタ!$B$1:$D$1,0)),""))))))
F10: =IF(E10="","",_xlfn.TRANSLATE(E10,"","ja")) | G10: =IF(E10="","",_xlfn.TRANSLATE(E10,"","zh-Hans")) | I10: =IF(H10="","",_xlfn.TRANSLATE(H10,"","ja")) | J10: =IF(H10="","",_xlfn.TRANSLATE(H10,"","zh-Hans")) | L10: =IF(K10="","",_xlfn.TRANSLATE(K10,"","ja")) | M10: =IF(K10="","",_xlfn.TRANSLATE(K10,"","zh-Hans")) | V10: =IF(U10="","",_xlfn.TRANSLATE(U10,"","ja")) | W10: =IF(U10="","",_xlfn.TRANSLATE(U10,"","zh-Hans")) | Y10: =IF(X10="","",_xlfn.TRANSLATE(X10,"","ja")) | Z10: =IF(X10="","",_xlfn.TRANSLATE(X10,"","zh-Hans")) | AB10: =IF(Q10="","",Q10-TODAY()) | AC10: =IF(A10="","",IF(OR(S10='02_マスタ'!$E$10,S10='02_マスタ'!$E$12),"",IF(R10="High","High",IF(AND(Q10<>"",Q10<TODAY()),INDEX(_翻訳マスタ!$B$117:$D$247,MATCH("ALERT_OVERDUE",_翻訳マスタ!$A$117:$A$247,0),MATCH(言語切替!$B$3,_翻訳マスタ!$B$1:$D$1,0)),IF(AND(Q10<>"",Q10-TODAY()<=7),INDEX(_翻訳マスタ!$B$117:$D$247,MATCH("ALERT_APPROACHING",_翻訳マスタ!$A$117:$A$247,0),MATCH(言語切替!$B$3,_翻訳マスタ!$B$1:$D$1,0)),IF(OR(S10='02_マスタ'!$E$7,S10='02_マスタ'!$E$8),INDEX(_翻訳マスタ!$B$117:$D$247,MATCH("ALERT_CHECK",_翻訳マスタ!$A$117:$A$247,0),MATCH(言語切替!$B$3,_翻訳マスタ!$B$1:$D$1,0)),""))))))
F11: =IF(E11="","",_xlfn.TRANSLATE(E11,"","ja")) | G11: =IF(E11="","",_xlfn.TRANSLATE(E11,"","zh-Hans")) | I11: =IF(H11="","",_xlfn.TRANSLATE(H11,"","ja")) | J11: =IF(H11="","",_xlfn.TRANSLATE(H11,"","zh-Hans")) | L11: =IF(K11="","",_xlfn.TRANSLATE(K11,"","ja")) | M11: =IF(K11="","",_xlfn.TRANSLATE(K11,"","zh-Hans")) | V11: =IF(U11="","",_xlfn.TRANSLATE(U11,"","ja")) | W11: =IF(U11="","",_xlfn.TRANSLATE(U11,"","zh-Hans")) | Y11: =IF(X11="","",_xlfn.TRANSLATE(X11,"","ja")) | Z11: =IF(X11="","",_xlfn.TRANSLATE(X11,"","zh-Hans")) | AB11: =IF(Q11="","",Q11-TODAY()) | AC11: =IF(A11="","",IF(OR(S11='02_マスタ'!$E$10,S11='02_マスタ'!$E$12),"",IF(R11="High","High",IF(AND(Q11<>"",Q11<TODAY()),INDEX(_翻訳マスタ!$B$117:$D$247,MATCH("ALERT_OVERDUE",_翻訳マスタ!$A$117:$A$247,0),MATCH(言語切替!$B$3,_翻訳マスタ!$B$1:$D$1,0)),IF(AND(Q11<>"",Q11-TODAY()<=7),INDEX(_翻訳マスタ!$B$117:$D$247,MATCH("ALERT_APPROACHING",_翻訳マスタ!$A$117:$A$247,0),MATCH(言語切替!$B$3,_翻訳マスタ!$B$1:$D$1,0)),IF(OR(S11='02_マスタ'!$E$7,S11='02_マスタ'!$E$8),INDEX(_翻訳マスタ!$B$117:$D$247,MATCH("ALERT_CHECK",_翻訳マスタ!$A$117:$A$247,0),MATCH(言語切替!$B$3,_翻訳マスタ!$B$1:$D$1,0)),""))))))
F12: =IF(E12="","",_xlfn.TRANSLATE(E12,"","ja")) | G12: =IF(E12="","",_xlfn.TRANSLATE(E12,"","zh-Hans")) | I12: =IF(H12="","",_xlfn.TRANSLATE(H12,"","ja")) | J12: =IF(H12="","",_xlfn.TRANSLATE(H12,"","zh-Hans")) | L12: =IF(K12="","",_xlfn.TRANSLATE(K12,"","ja")) | M12: =IF(K12="","",_xlfn.TRANSLATE(K12,"","zh-Hans")) | V12: =IF(U12="","",_xlfn.TRANSLATE(U12,"","ja")) | W12: =IF(U12="","",_xlfn.TRANSLATE(U12,"","zh-Hans")) | Y12: =IF(X12="","",_xlfn.TRANSLATE(X12,"","ja")) | Z12: =IF(X12="","",_xlfn.TRANSLATE(X12,"","zh-Hans")) | AB12: =IF(Q12="","",Q12-TODAY()) | AC12: =IF(A12="","",IF(OR(S12='02_マスタ'!$E$10,S12='02_マスタ'!$E$12),"",IF(R12="High","High",IF(AND(Q12<>"",Q12<TODAY()),INDEX(_翻訳マスタ!$B$117:$D$247,MATCH("ALERT_OVERDUE",_翻訳マスタ!$A$117:$A$247,0),MATCH(言語切替!$B$3,_翻訳マスタ!$B$1:$D$1,0)),IF(AND(Q12<>"",Q12-TODAY()<=7),INDEX(_翻訳マスタ!$B$117:$D$247,MATCH("ALERT_APPROACHING",_翻訳マスタ!$A$117:$A$247,0),MATCH(言語切替!$B$3,_翻訳マスタ!$B$1:$D$1,0)),IF(OR(S12='02_マスタ'!$E$7,S12='02_マスタ'!$E$8),INDEX(_翻訳マスタ!$B$117:$D$247,MATCH("ALERT_CHECK",_翻訳マスタ!$A$117:$A$247,0),MATCH(言語切替!$B$3,_翻訳マスタ!$B$1:$D$1,0)),""))))))
F13: =IF(E13="","",_xlfn.TRANSLATE(E13,"","ja")) | G13: =IF(E13="","",_xlfn.TRANSLATE(E13,"","zh-Hans")) | I13: =IF(H13="","",_xlfn.TRANSLATE(H13,"","ja")) | J13: =IF(H13="","",_xlfn.TRANSLATE(H13,"","zh-Hans")) | L13: =IF(K13="","",_xlfn.TRANSLATE(K13,"","ja")) | M13: =IF(K13="","",_xlfn.TRANSLATE(K13,"","zh-Hans")) | V13: =IF(U13="","",_xlfn.TRANSLATE(U13,"","ja")) | W13: =IF(U13="","",_xlfn.TRANSLATE(U13,"","zh-Hans")) | Y13: =IF(X13="","",_xlfn.TRANSLATE(X13,"","ja")) | Z13: =IF(X13="","",_xlfn.TRANSLATE(X13,"","zh-Hans")) | AB13: =IF(Q13="","",Q13-TODAY()) | AC13: =IF(A13="","",IF(OR(S13='02_マスタ'!$E$10,S13='02_マスタ'!$E$12),"",IF(R13="High","High",IF(AND(Q13<>"",Q13<TODAY()),INDEX(_翻訳マスタ!$B$117:$D$247,MATCH("ALERT_OVERDUE",_翻訳マスタ!$A$117:$A$247,0),MATCH(言語切替!$B$3,_翻訳マスタ!$B$1:$D$1,0)),IF(AND(Q13<>"",Q13-TODAY()<=7),INDEX(_翻訳マスタ!$B$117:$D$247,MATCH("ALERT_APPROACHING",_翻訳マスタ!$A$117:$A$247,0),MATCH(言語切替!$B$3,_翻訳マスタ!$B$1:$D$1,0)),IF(OR(S13='02_マスタ'!$E$7,S13='02_マスタ'!$E$8),INDEX(_翻訳マスタ!$B$117:$D$247,MATCH("ALERT_CHECK",_翻訳マスタ!$A$117:$A$247,0),MATCH(言語切替!$B$3,_翻訳マスタ!$B$1:$D$1,0)),""))))))
F14: =IF(E14="","",_xlfn.TRANSLATE(E14,"","ja")) | G14: =IF(E14="","",_xlfn.TRANSLATE(E14,"","zh-Hans")) | I14: =IF(H14="","",_xlfn.TRANSLATE(H14,"","ja")) | J14: =IF(H14="","",_xlfn.TRANSLATE(H14,"","zh-Hans")) | L14: =IF(K14="","",_xlfn.TRANSLATE(K14,"","ja")) | M14: =IF(K14="","",_xlfn.TRANSLATE(K14,"","zh-Hans")) | V14: =IF(U14="","",_xlfn.TRANSLATE(U14,"","ja")) | W14: =IF(U14="","",_xlfn.TRANSLATE(U14,"","zh-Hans")) | Y14: =IF(X14="","",_xlfn.TRANSLATE(X14,"","ja")) | Z14: =IF(X14="","",_xlfn.TRANSLATE(X14,"","zh-Hans")) | AB14: =IF(Q14="","",Q14-TODAY()) | AC14: =IF(A14="","",IF(OR(S14='02_マスタ'!$E$10,S14='02_マスタ'!$E$12),"",IF(R14="High","High",IF(AND(Q14<>"",Q14<TODAY()),INDEX(_翻訳マスタ!$B$117:$D$247,MATCH("ALERT_OVERDUE",_翻訳マスタ!$A$117:$A$247,0),MATCH(言語切替!$B$3,_翻訳マスタ!$B$1:$D$1,0)),IF(AND(Q14<>"",Q14-TODAY()<=7),INDEX(_翻訳マスタ!$B$117:$D$247,MATCH("ALERT_APPROACHING",_翻訳マスタ!$A$117:$A$247,0),MATCH(言語切替!$B$3,_翻訳マスタ!$B$1:$D$1,0)),IF(OR(S14='02_マスタ'!$E$7,S14='02_マスタ'!$E$8),INDEX(_翻訳マスタ!$B$117:$D$247,MATCH("ALERT_CHECK",_翻訳マスタ!$A$117:$A$247,0),MATCH(言語切替!$B$3,_翻訳マスタ!$B$1:$D$1,0)),""))))))
F15: =IF(E15="","",_xlfn.TRANSLATE(E15,"","ja")) | G15: =IF(E15="","",_xlfn.TRANSLATE(E15,"","zh-Hans")) | I15: =IF(H15="","",_xlfn.TRANSLATE(H15,"","ja")) | J15: =IF(H15="","",_xlfn.TRANSLATE(H15,"","zh-Hans")) | L15: =IF(K15="","",_xlfn.TRANSLATE(K15,"","ja")) | M15: =IF(K15="","",_xlfn.TRANSLATE(K15,"","zh-Hans")) | V15: =IF(U15="","",_xlfn.TRANSLATE(U15,"","ja")) | W15: =IF(U15="","",_xlfn.TRANSLATE(U15,"","zh-Hans")) | Y15: =IF(X15="","",_xlfn.TRANSLATE(X15,"","ja")) | Z15: =IF(X15="","",_xlfn.TRANSLATE(X15,"","zh-Hans")) | AB15: =IF(Q15="","",Q15-TODAY()) | AC15: =IF(A15="","",IF(OR(S15='02_マスタ'!$E$10,S15='02_マスタ'!$E$12),"",IF(R15="High","High",IF(AND(Q15<>"",Q15<TODAY()),INDEX(_翻訳マスタ!$B$117:$D$247,MATCH("ALERT_OVERDUE",_翻訳マスタ!$A$117:$A$247,0),MATCH(言語切替!$B$3,_翻訳マスタ!$B$1:$D$1,0)),IF(AND(Q15<>"",Q15-TODAY()<=7),INDEX(_翻訳マスタ!$B$117:$D$247,MATCH("ALERT_APPROACHING",_翻訳マスタ!$A$117:$A$247,0),MATCH(言語切替!$B$3,_翻訳マスタ!$B$1:$D$1,0)),IF(OR(S15='02_マスタ'!$E$7,S15='02_マスタ'!$E$8),INDEX(_翻訳マスタ!$B$117:$D$247,MATCH("ALERT_CHECK",_翻訳マスタ!$A$117:$A$247,0),MATCH(言語切替!$B$3,_翻訳マスタ!$B$1:$D$1,0)),""))))))
F16: =IF(E16="","",_xlfn.TRANSLATE(E16,"","ja")) | G16: =IF(E16="","",_xlfn.TRANSLATE(E16,"","zh-Hans")) | I16: =IF(H16="","",_xlfn.TRANSLATE(H16,"","ja")) | J16: =IF(H16="","",_xlfn.TRANSLATE(H16,"","zh-Hans")) | L16: =IF(K16="","",_xlfn.TRANSLATE(K16,"","ja")) | M16: =IF(K16="","",_xlfn.TRANSLATE(K16,"","zh-Hans")) | V16: =IF(U16="","",_xlfn.TRANSLATE(U16,"","ja")) | W16: =IF(U16="","",_xlfn.TRANSLATE(U16,"","zh-Hans")) | Y16: =IF(X16="","",_xlfn.TRANSLATE(X16,"","ja")) | Z16: =IF(X16="","",_xlfn.TRANSLATE(X16,"","zh-Hans")) | AB16: =IF(Q16="","",Q16-TODAY()) | AC16: =IF(A16="","",IF(OR(S16='02_マスタ'!$E$10,S16='02_マスタ'!$E$12),"",IF(R16="High","High",IF(AND(Q16<>"",Q16<TODAY()),INDEX(_翻訳マスタ!$B$117:$D$247,MATCH("ALERT_OVERDUE",_翻訳マスタ!$A$117:$A$247,0),MATCH(言語切替!$B$3,_翻訳マスタ!$B$1:$D$1,0)),IF(AND(Q16<>"",Q16-TODAY()<=7),INDEX(_翻訳マスタ!$B$117:$D$247,MATCH("ALERT_APPROACHING",_翻訳マスタ!$A$117:$A$247,0),MATCH(言語切替!$B$3,_翻訳マスタ!$B$1:$D$1,0)),IF(OR(S16='02_マスタ'!$E$7,S16='02_マスタ'!$E$8),INDEX(_翻訳マスタ!$B$117:$D$247,MATCH("ALERT_CHECK",_翻訳マスタ!$A$117:$A$247,0),MATCH(言語切替!$B$3,_翻訳マスタ!$B$1:$D$1,0)),""))))))
F17: =IF(E17="","",_xlfn.TRANSLATE(E17,"","ja")) | G17: =IF(E17="","",_xlfn.TRANSLATE(E17,"","zh-Hans")) | I17: =IF(H17="","",_xlfn.TRANSLATE(H17,"","ja")) | J17: =IF(H17="","",_xlfn.TRANSLATE(H17,"","zh-Hans")) | L17: =IF(K17="","",_xlfn.TRANSLATE(K17,"","ja")) | M17: =IF(K17="","",_xlfn.TRANSLATE(K17,"","zh-Hans")) | V17: =IF(U17="","",_xlfn.TRANSLATE(U17,"","ja")) | W17: =IF(U17="","",_xlfn.TRANSLATE(U17,"","zh-Hans")) | Y17: =IF(X17="","",_xlfn.TRANSLATE(X17,"","ja")) | Z17: =IF(X17="","",_xlfn.TRANSLATE(X17,"","zh-Hans")) | AB17: =IF(Q17="","",Q17-TODAY()) | AC17: =IF(A17="","",IF(OR(S17='02_マスタ'!$E$10,S17='02_マスタ'!$E$12),"",IF(R17="High","High",IF(AND(Q17<>"",Q17<TODAY()),INDEX(_翻訳マスタ!$B$117:$D$247,MATCH("ALERT_OVERDUE",_翻訳マスタ!$A$117:$A$247,0),MATCH(言語切替!$B$3,_翻訳マスタ!$B$1:$D$1,0)),IF(AND(Q17<>"",Q17-TODAY()<=7),INDEX(_翻訳マスタ!$B$117:$D$247,MATCH("ALERT_APPROACHING",_翻訳マスタ!$A$117:$A$247,0),MATCH(言語切替!$B$3,_翻訳マスタ!$B$1:$D$1,0)),IF(OR(S17='02_マスタ'!$E$7,S17='02_マスタ'!$E$8),INDEX(_翻訳マスタ!$B$117:$D$247,MATCH("ALERT_CHECK",_翻訳マスタ!$A$117:$A$247,0),MATCH(言語切替!$B$3,_翻訳マスタ!$B$1:$D$1,0)),""))))))
F18: =IF(E18="","",_xlfn.TRANSLATE(E18,"","ja")) | G18: =IF(E18="","",_xlfn.TRANSLATE(E18,"","zh-Hans")) | I18: =IF(H18="","",_xlfn.TRANSLATE(H18,"","ja")) | J18: =IF(H18="","",_xlfn.TRANSLATE(H18,"","zh-Hans")) | L18: =IF(K18="","",_xlfn.TRANSLATE(K18,"","ja")) | M18: =IF(K18="","",_xlfn.TRANSLATE(K18,"","zh-Hans")) | V18: =IF(U18="","",_xlfn.TRANSLATE(U18,"","ja")) | W18: =IF(U18="","",_xlfn.TRANSLATE(U18,"","zh-Hans")) | Y18: =IF(X18="","",_xlfn.TRANSLATE(X18,"","ja")) | Z18: =IF(X18="","",_xlfn.TRANSLATE(X18,"","zh-Hans")) | AB18: =IF(Q18="","",Q18-TODAY()) | AC18: =IF(A18="","",IF(OR(S18='02_マスタ'!$E$10,S18='02_マスタ'!$E$12),"",IF(R18="High","High",IF(AND(Q18<>"",Q18<TODAY()),INDEX(_翻訳マスタ!$B$117:$D$247,MATCH("ALERT_OVERDUE",_翻訳マスタ!$A$117:$A$247,0),MATCH(言語切替!$B$3,_翻訳マスタ!$B$1:$D$1,0)),IF(AND(Q18<>"",Q18-TODAY()<=7),INDEX(_翻訳マスタ!$B$117:$D$247,MATCH("ALERT_APPROACHING",_翻訳マスタ!$A$117:$A$247,0),MATCH(言語切替!$B$3,_翻訳マスタ!$B$1:$D$1,0)),IF(OR(S18='02_マスタ'!$E$7,S18='02_マスタ'!$E$8),INDEX(_翻訳マスタ!$B$117:$D$247,MATCH("ALERT_CHECK",_翻訳マスタ!$A$117:$A$247,0),MATCH(言語切替!$B$3,_翻訳マスタ!$B$1:$D$1,0)),""))))))
F19: =IF(E19="","",_xlfn.TRANSLATE(E19,"","ja")) | G19: =IF(E19="","",_xlfn.TRANSLATE(E19,"","zh-Hans")) | I19: =IF(H19="","",_xlfn.TRANSLATE(H19,"","ja")) | J19: =IF(H19="","",_xlfn.TRANSLATE(H19,"","zh-Hans")) | L19: =IF(K19="","",_xlfn.TRANSLATE(K19,"","ja")) | M19: =IF(K19="","",_xlfn.TRANSLATE(K19,"","zh-Hans")) | V19: =IF(U19="","",_xlfn.TRANSLATE(U19,"","ja")) | W19: =IF(U19="","",_xlfn.TRANSLATE(U19,"","zh-Hans")) | Y19: =IF(X19="","",_xlfn.TRANSLATE(X19,"","ja")) | Z19: =IF(X19="","",_xlfn.TRANSLATE(X19,"","zh-Hans")) | AB19: =IF(Q19="","",Q19-TODAY()) | AC19: =IF(A19="","",IF(OR(S19='02_マスタ'!$E$10,S19='02_マスタ'!$E$12),"",IF(R19="High","High",IF(AND(Q19<>"",Q19<TODAY()),INDEX(_翻訳マスタ!$B$117:$D$247,MATCH("ALERT_OVERDUE",_翻訳マスタ!$A$117:$A$247,0),MATCH(言語切替!$B$3,_翻訳マスタ!$B$1:$D$1,0)),IF(AND(Q19<>"",Q19-TODAY()<=7),INDEX(_翻訳マスタ!$B$117:$D$247,MATCH("ALERT_APPROACHING",_翻訳マスタ!$A$117:$A$247,0),MATCH(言語切替!$B$3,_翻訳マスタ!$B$1:$D$1,0)),IF(OR(S19='02_マスタ'!$E$7,S19='02_マスタ'!$E$8),INDEX(_翻訳マスタ!$B$117:$D$247,MATCH("ALERT_CHECK",_翻訳マスタ!$A$117:$A$247,0),MATCH(言語切替!$B$3,_翻訳マスタ!$B$1:$D$1,0)),""))))))
F20: =IF(E20="","",_xlfn.TRANSLATE(E20,"","ja")) | G20: =IF(E20="","",_xlfn.TRANSLATE(E20,"","zh-Hans")) | I20: =IF(H20="","",_xlfn.TRANSLATE(H20,"","ja")) | J20: =IF(H20="","",_xlfn.TRANSLATE(H20,"","zh-Hans")) | L20: =IF(K20="","",_xlfn.TRANSLATE(K20,"","ja")) | M20: =IF(K20="","",_xlfn.TRANSLATE(K20,"","zh-Hans")) | V20: =IF(U20="","",_xlfn.TRANSLATE(U20,"","ja")) | W20: =IF(U20="","",_xlfn.TRANSLATE(U20,"","zh-Hans")) | Y20: =IF(X20="","",_xlfn.TRANSLATE(X20,"","ja")) | Z20: =IF(X20="","",_xlfn.TRANSLATE(X20,"","zh-Hans")) | AB20: =IF(Q20="","",Q20-TODAY()) | AC20: =IF(A20="","",IF(OR(S20='02_マスタ'!$E$10,S20='02_マスタ'!$E$12),"",IF(R20="High","High",IF(AND(Q20<>"",Q20<TODAY()),INDEX(_翻訳マスタ!$B$117:$D$247,MATCH("ALERT_OVERDUE",_翻訳マスタ!$A$117:$A$247,0),MATCH(言語切替!$B$3,_翻訳マスタ!$B$1:$D$1,0)),IF(AND(Q20<>"",Q20-TODAY()<=7),INDEX(_翻訳マスタ!$B$117:$D$247,MATCH("ALERT_APPROACHING",_翻訳マスタ!$A$117:$A$247,0),MATCH(言語切替!$B$3,_翻訳マスタ!$B$1:$D$1,0)),IF(OR(S20='02_マスタ'!$E$7,S20='02_マスタ'!$E$8),INDEX(_翻訳マスタ!$B$117:$D$247,MATCH("ALERT_CHECK",_翻訳マスタ!$A$117:$A$247,0),MATCH(言語切替!$B$3,_翻訳マスタ!$B$1:$D$1,0)),""))))))
... F24: =IF(E24="","",_xlfn.TRANSLATE(E24,"","ja")) | G24: =IF(E24="","",_xlfn.TRANSLATE(E24,"","zh-Hans")) | I24: =IF(H24="","",_xlfn.TRANSLATE(H24,"","ja")) | J24: =IF(H24="","",_xlfn.TRANSLATE(H24,"","zh-Hans")) | L24: =IF(K24="","",_xlfn.TRANSLATE(K24,"","ja")) | M24: =IF(K24="","",_xlfn.TRANSLATE(K24,"","zh-Hans")) | V24: =IF(U24="","",_xlfn.TRANSLATE(U24,"","ja")) | W24: =IF(U24="","",_xlfn.TRANSLATE(U24,"","zh-Hans")) | Y24: =IF(X24="","",_xlfn.TRANSLATE(X24,"","ja")) | Z24: =IF(X24="","",_xlfn.TRANSLATE(X24,"","zh-Hans")) | AB24: =IF(Q24="","",Q24-TODAY()) | AC24: =IF(A24="","",IF(OR(S24='02_マスタ'!$E$10,S24='02_マスタ'!$E$12),"",IF(R24="High","High",IF(AND(Q24<>"",Q24<TODAY()),INDEX(_翻訳マスタ!$B$117:$D$247,MATCH("ALERT_OVERDUE",_翻訳マスタ!$A$117:$A$247,0),MATCH(言語切替!$B$3,_翻訳マスタ!$B$1:$D$1,0)),IF(AND(Q24<>"",Q24-TODAY()<=7),INDEX(_翻訳マスタ!$B$117:$D$247,MATCH("ALERT_APPROACHING",_翻訳マスタ!$A$117:$A$247,0),MATCH(言語切替!$B$3,_翻訳マスタ!$B$1:$D$1,0)),IF(OR(S24='02_マスタ'!$E$7,S24='02_マスタ'!$E$8),INDEX(_翻訳マスタ!$B$117:$D$247,MATCH("ALERT_CHECK",_翻訳マスタ!$A$117:$A$247,0),MATCH(言語切替!$B$3,_翻訳マスタ!$B$1:$D$1,0)),""))))))
F25: =IF(E25="","",_xlfn.TRANSLATE(E25,"vi","ja")) | G25: =IF(E25="","",_xlfn.TRANSLATE(E25,"vi","zh-Hans")) | I25: =IF(H25="","",_xlfn.TRANSLATE(H25,"vi","ja")) | J25: =IF(H25="","",_xlfn.TRANSLATE(H25,"vi","zh-Hans")) | L25: =IF(K25="","",_xlfn.TRANSLATE(K25,"vi","ja")) | M25: =IF(K25="","",_xlfn.TRANSLATE(K25,"vi","zh-Hans")) | V25: =IF(U25="","",_xlfn.TRANSLATE(U25,"vi","ja")) | W25: =IF(U25="","",_xlfn.TRANSLATE(U25,"vi","zh-Hans")) | Y25: =IF(X25="","",_xlfn.TRANSLATE(X25,"vi","ja")) | Z25: =IF(X25="","",_xlfn.TRANSLATE(X25,"vi","zh-Hans")) | AB25: =IF(Q25="","",Q25-TODAY()) | AC25: =IF(A25="","",IF(OR(S25='02_マスタ'!$E$10,S25='02_マスタ'!$E$12),"",IF(R25="High","High",IF(AND(Q25<>"",Q25<TODAY()),INDEX(_翻訳マスタ!$B$117:$D$247,MATCH("ALERT_OVERDUE",_翻訳マスタ!$A$117:$A$247,0),MATCH(言語切替!$B$3,_翻訳マスタ!$B$1:$D$1,0)),IF(AND(Q25<>"",Q25-TODAY()<=7),INDEX(_翻訳マスタ!$B$117:$D$247,MATCH("ALERT_APPROACHING",_翻訳マスタ!$A$117:$A$247,0),MATCH(言語切替!$B$3,_翻訳マスタ!$B$1:$D$1,0)),IF(OR(S25='02_マスタ'!$E$7,S25='02_マスタ'!$E$8),INDEX(_翻訳マスタ!$B$117:$D$247,MATCH("ALERT_CHECK",_翻訳マスタ!$A$117:$A$247,0),MATCH(言語切替!$B$3,_翻訳マスタ!$B$1:$D$1,0)),""))))))
F26: =IF(E26="","",_xlfn.TRANSLATE(E26,"vi","ja")) | G26: =IF(E26="","",_xlfn.TRANSLATE(E26,"vi","zh-Hans")) | I26: =IF(H26="","",_xlfn.TRANSLATE(H26,"vi","ja")) | J26: =IF(H26="","",_xlfn.TRANSLATE(H26,"vi","zh-Hans")) | L26: =IF(K26="","",_xlfn.TRANSLATE(K26,"vi","ja")) | M26: =IF(K26="","",_xlfn.TRANSLATE(K26,"vi","zh-Hans")) | V26: =IF(U26="","",_xlfn.TRANSLATE(U26,"vi","ja")) | W26: =IF(U26="","",_xlfn.TRANSLATE(U26,"vi","zh-Hans")) | Y26: =IF(X26="","",_xlfn.TRANSLATE(X26,"vi","ja")) | Z26: =IF(X26="","",_xlfn.TRANSLATE(X26,"vi","zh-Hans")) | AB26: =IF(Q26="","",Q26-TODAY()) | AC26: =IF(A26="","",IF(OR(S26='02_マスタ'!$E$10,S26='02_マスタ'!$E$12),"",IF(R26="High","High",IF(AND(Q26<>"",Q26<TODAY()),INDEX(_翻訳マスタ!$B$117:$D$247,MATCH("ALERT_OVERDUE",_翻訳マスタ!$A$117:$A$247,0),MATCH(言語切替!$B$3,_翻訳マスタ!$B$1:$D$1,0)),IF(AND(Q26<>"",Q26-TODAY()<=7),INDEX(_翻訳マスタ!$B$117:$D$247,MATCH("ALERT_APPROACHING",_翻訳マスタ!$A$117:$A$247,0),MATCH(言語切替!$B$3,_翻訳マスタ!$B$1:$D$1,0)),IF(OR(S26='02_マスタ'!$E$7,S26='02_マスタ'!$E$8),INDEX(_翻訳マスタ!$B$117:$D$247,MATCH("ALERT_CHECK",_翻訳マスタ!$A$117:$A$247,0),MATCH(言語切替!$B$3,_翻訳マスタ!$B$1:$D$1,0)),""))))))
F27: =IF(E27="","",_xlfn.TRANSLATE(E27,"vi","ja")) | G27: =IF(E27="","",_xlfn.TRANSLATE(E27,"vi","zh-Hans")) | I27: =IF(H27="","",_xlfn.TRANSLATE(H27,"vi","ja")) | J27: =IF(H27="","",_xlfn.TRANSLATE(H27,"vi","zh-Hans")) | L27: =IF(K27="","",_xlfn.TRANSLATE(K27,"vi","ja")) | M27: =IF(K27="","",_xlfn.TRANSLATE(K27,"vi","zh-Hans")) | V27: =IF(U27="","",_xlfn.TRANSLATE(U27,"vi","ja")) | W27: =IF(U27="","",_xlfn.TRANSLATE(U27,"vi","zh-Hans")) | Y27: =IF(X27="","",_xlfn.TRANSLATE(X27,"vi","ja")) | Z27: =IF(X27="","",_xlfn.TRANSLATE(X27,"vi","zh-Hans")) | AB27: =IF(Q27="","",Q27-TODAY()) | AC27: =IF(A27="","",IF(OR(S27='02_マスタ'!$E$10,S27='02_マスタ'!$E$12),"",IF(R27="High","High",IF(AND(Q27<>"",Q27<TODAY()),INDEX(_翻訳マスタ!$B$117:$D$247,MATCH("ALERT_OVERDUE",_翻訳マスタ!$A$117:$A$247,0),MATCH(言語切替!$B$3,_翻訳マスタ!$B$1:$D$1,0)),IF(AND(Q27<>"",Q27-TODAY()<=7),INDEX(_翻訳マスタ!$B$117:$D$247,MATCH("ALERT_APPROACHING",_翻訳マスタ!$A$117:$A$247,0),MATCH(言語切替!$B$3,_翻訳マスタ!$B$1:$D$1,0)),IF(OR(S27='02_マスタ'!$E$7,S27='02_マスタ'!$E$8),INDEX(_翻訳マスタ!$B$117:$D$247,MATCH("ALERT_CHECK",_翻訳マスタ!$A$117:$A$247,0),MATCH(言語切替!$B$3,_翻訳マスタ!$B$1:$D$1,0)),""))))))
F28: =IF(E28="","",_xlfn.TRANSLATE(E28,"vi","ja")) | G28: =IF(E28="","",_xlfn.TRANSLATE(E28,"vi","zh-Hans")) | I28: =IF(H28="","",_xlfn.TRANSLATE(H28,"vi","ja")) | J28: =IF(H28="","",_xlfn.TRANSLATE(H28,"vi","zh-Hans")) | L28: =IF(K28="","",_xlfn.TRANSLATE(K28,"vi","ja")) | M28: =IF(K28="","",_xlfn.TRANSLATE(K28,"vi","zh-Hans")) | V28: =IF(U28="","",_xlfn.TRANSLATE(U28,"vi","ja")) | W28: =IF(U28="","",_xlfn.TRANSLATE(U28,"vi","zh-Hans")) | Y28: =IF(X28="","",_xlfn.TRANSLATE(X28,"vi","ja")) | Z28: =IF(X28="","",_xlfn.TRANSLATE(X28,"vi","zh-Hans")) | AB28: =IF(Q28="","",Q28-TODAY()) | AC28: =IF(A28="","",IF(OR(S28='02_マスタ'!$E$10,S28='02_マスタ'!$E$12),"",IF(R28="High","High",IF(AND(Q28<>"",Q28<TODAY()),INDEX(_翻訳マスタ!$B$117:$D$247,MATCH("ALERT_OVERDUE",_翻訳マスタ!$A$117:$A$247,0),MATCH(言語切替!$B$3,_翻訳マスタ!$B$1:$D$1,0)),IF(AND(Q28<>"",Q28-TODAY()<=7),INDEX(_翻訳マスタ!$B$117:$D$247,MATCH("ALERT_APPROACHING",_翻訳マスタ!$A$117:$A$247,0),MATCH(言語切替!$B$3,_翻訳マスタ!$B$1:$D$1,0)),IF(OR(S28='02_マスタ'!$E$7,S28='02_マスタ'!$E$8),INDEX(_翻訳マスタ!$B$117:$D$247,MATCH("ALERT_CHECK",_翻訳マスタ!$A$117:$A$247,0),MATCH(言語切替!$B$3,_翻訳マスタ!$B$1:$D$1,0)),""))))))
F29: =IF(E29="","",_xlfn.TRANSLATE(E29,"vi","ja")) | G29: =IF(E29="","",_xlfn.TRANSLATE(E29,"vi","zh-Hans")) | I29: =IF(H29="","",_xlfn.TRANSLATE(H29,"vi","ja")) | J29: =IF(H29="","",_xlfn.TRANSLATE(H29,"vi","zh-Hans")) | L29: =IF(K29="","",_xlfn.TRANSLATE(K29,"vi","ja")) | M29: =IF(K29="","",_xlfn.TRANSLATE(K29,"vi","zh-Hans")) | V29: =IF(U29="","",_xlfn.TRANSLATE(U29,"vi","ja")) | W29: =IF(U29="","",_xlfn.TRANSLATE(U29,"vi","zh-Hans")) | Y29: =IF(X29="","",_xlfn.TRANSLATE(X29,"vi","ja")) | Z29: =IF(X29="","",_xlfn.TRANSLATE(X29,"vi","zh-Hans")) | AB29: =IF(Q29="","",Q29-TODAY()) | AC29: =IF(A29="","",IF(OR(S29='02_マスタ'!$E$10,S29='02_マスタ'!$E$12),"",IF(R29="High","High",IF(AND(Q29<>"",Q29<TODAY()),INDEX(_翻訳マスタ!$B$117:$D$247,MATCH("ALERT_OVERDUE",_翻訳マスタ!$A$117:$A$247,0),MATCH(言語切替!$B$3,_翻訳マスタ!$B$1:$D$1,0)),IF(AND(Q29<>"",Q29-TODAY()<=7),INDEX(_翻訳マスタ!$B$117:$D$247,MATCH("ALERT_APPROACHING",_翻訳マスタ!$A$117:$A$247,0),MATCH(言語切替!$B$3,_翻訳マスタ!$B$1:$D$1,0)),IF(OR(S29='02_マスタ'!$E$7,S29='02_マスタ'!$E$8),INDEX(_翻訳マスタ!$B$117:$D$247,MATCH("ALERT_CHECK",_翻訳マスタ!$A$117:$A$247,0),MATCH(言語切替!$B$3,_翻訳マスタ!$B$1:$D$1,0)),""))))))
F30: =IF(E30="","",_xlfn.TRANSLATE(E30,"vi","ja")) | G30: =IF(E30="","",_xlfn.TRANSLATE(E30,"vi","zh-Hans")) | I30: =IF(H30="","",_xlfn.TRANSLATE(H30,"vi","ja")) | J30: =IF(H30="","",_xlfn.TRANSLATE(H30,"vi","zh-Hans")) | L30: =IF(K30="","",_xlfn.TRANSLATE(K30,"vi","ja")) | M30: =IF(K30="","",_xlfn.TRANSLATE(K30,"vi","zh-Hans")) | V30: =IF(U30="","",_xlfn.TRANSLATE(U30,"vi","ja")) | W30: =IF(U30="","",_xlfn.TRANSLATE(U30,"vi","zh-Hans")) | Y30: =IF(X30="","",_xlfn.TRANSLATE(X30,"vi","ja")) | Z30: =IF(X30="","",_xlfn.TRANSLATE(X30,"vi","zh-Hans")) | AB30: =IF(Q30="","",Q30-TODAY()) | AC30: =IF(A30="","",IF(OR(S30='02_マスタ'!$E$10,S30='02_マスタ'!$E$12),"",IF(R30="High","High",IF(AND(Q30<>"",Q30<TODAY()),INDEX(_翻訳マスタ!$B$117:$D$247,MATCH("ALERT_OVERDUE",_翻訳マスタ!$A$117:$A$247,0),MATCH(言語切替!$B$3,_翻訳マスタ!$B$1:$D$1,0)),IF(AND(Q30<>"",Q30-TODAY()<=7),INDEX(_翻訳マスタ!$B$117:$D$247,MATCH("ALERT_APPROACHING",_翻訳マスタ!$A$117:$A$247,0),MATCH(言語切替!$B$3,_翻訳マスタ!$B$1:$D$1,0)),IF(OR(S30='02_マスタ'!$E$7,S30='02_マスタ'!$E$8),INDEX(_翻訳マスタ!$B$117:$D$247,MATCH("ALERT_CHECK",_翻訳マスタ!$A$117:$A$247,0),MATCH(言語切替!$B$3,_翻訳マスタ!$B$1:$D$1,0)),""))))))
F31: =IF(E31="","",_xlfn.TRANSLATE(E31,"vi","ja")) | G31: =IF(E31="","",_xlfn.TRANSLATE(E31,"vi","zh-Hans")) | I31: =IF(H31="","",_xlfn.TRANSLATE(H31,"vi","ja")) | J31: =IF(H31="","",_xlfn.TRANSLATE(H31,"vi","zh-Hans")) | L31: =IF(K31="","",_xlfn.TRANSLATE(K31,"vi","ja")) | M31: =IF(K31="","",_xlfn.TRANSLATE(K31,"vi","zh-Hans")) | V31: =IF(U31="","",_xlfn.TRANSLATE(U31,"vi","ja")) | W31: =IF(U31="","",_xlfn.TRANSLATE(U31,"vi","zh-Hans")) | Y31: =IF(X31="","",_xlfn.TRANSLATE(X31,"vi","ja")) | Z31: =IF(X31="","",_xlfn.TRANSLATE(X31,"vi","zh-Hans")) | AB31: =IF(Q31="","",Q31-TODAY()) | AC31: =IF(A31="","",IF(OR(S31='02_マスタ'!$E$10,S31='02_マスタ'!$E$12),"",IF(R31="High","High",IF(AND(Q31<>"",Q31<TODAY()),INDEX(_翻訳マスタ!$B$117:$D$247,MATCH("ALERT_OVERDUE",_翻訳マスタ!$A$117:$A$247,0),MATCH(言語切替!$B$3,_翻訳マスタ!$B$1:$D$1,0)),IF(AND(Q31<>"",Q31-TODAY()<=7),INDEX(_翻訳マスタ!$B$117:$D$247,MATCH("ALERT_APPROACHING",_翻訳マスタ!$A$117:$A$247,0),MATCH(言語切替!$B$3,_翻訳マスタ!$B$1:$D$1,0)),IF(OR(S31='02_マスタ'!$E$7,S31='02_マスタ'!$E$8),INDEX(_翻訳マスタ!$B$117:$D$247,MATCH("ALERT_CHECK",_翻訳マスタ!$A$117:$A$247,0),MATCH(言語切替!$B$3,_翻訳マスタ!$B$1:$D$1,0)),""))))))
F32: =IF(E32="","",_xlfn.TRANSLATE(E32,"vi","ja")) | G32: =IF(E32="","",_xlfn.TRANSLATE(E32,"vi","zh-Hans")) | I32: =IF(H32="","",_xlfn.TRANSLATE(H32,"vi","ja")) | J32: =IF(H32="","",_xlfn.TRANSLATE(H32,"vi","zh-Hans")) | L32: =IF(K32="","",_xlfn.TRANSLATE(K32,"vi","ja")) | M32: =IF(K32="","",_xlfn.TRANSLATE(K32,"vi","zh-Hans")) | V32: =IF(U32="","",_xlfn.TRANSLATE(U32,"vi","ja")) | W32: =IF(U32="","",_xlfn.TRANSLATE(U32,"vi","zh-Hans")) | Y32: =IF(X32="","",_xlfn.TRANSLATE(X32,"vi","ja")) | Z32: =IF(X32="","",_xlfn.TRANSLATE(X32,"vi","zh-Hans")) | AB32: =IF(Q32="","",Q32-TODAY()) | AC32: =IF(A32="","",IF(OR(S32='02_マスタ'!$E$10,S32='02_マスタ'!$E$12),"",IF(R32="High","High",IF(AND(Q32<>"",Q32<TODAY()),INDEX(_翻訳マスタ!$B$117:$D$247,MATCH("ALERT_OVERDUE",_翻訳マスタ!$A$117:$A$247,0),MATCH(言語切替!$B$3,_翻訳マスタ!$B$1:$D$1,0)),IF(AND(Q32<>"",Q32-TODAY()<=7),INDEX(_翻訳マスタ!$B$117:$D$247,MATCH("ALERT_APPROACHING",_翻訳マスタ!$A$117:$A$247,0),MATCH(言語切替!$B$3,_翻訳マスタ!$B$1:$D$1,0)),IF(OR(S32='02_マスタ'!$E$7,S32='02_マスタ'!$E$8),INDEX(_翻訳マスタ!$B$117:$D$247,MATCH("ALERT_CHECK",_翻訳マスタ!$A$117:$A$247,0),MATCH(言語切替!$B$3,_翻訳マスタ!$B$1:$D$1,0)),""))))))
F33: =IF(E33="","",_xlfn.TRANSLATE(E33,"vi","ja")) | G33: =IF(E33="","",_xlfn.TRANSLATE(E33,"vi","zh-Hans")) | I33: =IF(H33="","",_xlfn.TRANSLATE(H33,"vi","ja")) | J33: =IF(H33="","",_xlfn.TRANSLATE(H33,"vi","zh-Hans")) | L33: =IF(K33="","",_xlfn.TRANSLATE(K33,"vi","ja")) | M33: =IF(K33="","",_xlfn.TRANSLATE(K33,"vi","zh-Hans")) | V33: =IF(U33="","",_xlfn.TRANSLATE(U33,"vi","ja")) | W33: =IF(U33="","",_xlfn.TRANSLATE(U33,"vi","zh-Hans")) | Y33: =IF(X33="","",_xlfn.TRANSLATE(X33,"vi","ja")) | Z33: =IF(X33="","",_xlfn.TRANSLATE(X33,"vi","zh-Hans")) | AB33: =IF(Q33="","",Q33-TODAY()) | AC33: =IF(A33="","",IF(OR(S33='02_マスタ'!$E$10,S33='02_マスタ'!$E$12),"",IF(R33="High","High",IF(AND(Q33<>"",Q33<TODAY()),INDEX(_翻訳マスタ!$B$117:$D$247,MATCH("ALERT_OVERDUE",_翻訳マスタ!$A$117:$A$247,0),MATCH(言語切替!$B$3,_翻訳マスタ!$B$1:$D$1,0)),IF(AND(Q33<>"",Q33-TODAY()<=7),INDEX(_翻訳マスタ!$B$117:$D$247,MATCH("ALERT_APPROACHING",_翻訳マスタ!$A$117:$A$247,0),MATCH(言語切替!$B$3,_翻訳マスタ!$B$1:$D$1,0)),IF(OR(S33='02_マスタ'!$E$7,S33='02_マスタ'!$E$8),INDEX(_翻訳マスタ!$B$117:$D$247,MATCH("ALERT_CHECK",_翻訳マスタ!$A$117:$A$247,0),MATCH(言語切替!$B$3,_翻訳マスタ!$B$1:$D$1,0)),""))))))
F34: =IF(E34="","",_xlfn.TRANSLATE(E34,"vi","ja")) | G34: =IF(E34="","",_xlfn.TRANSLATE(E34,"vi","zh-Hans")) | I34: =IF(H34="","",_xlfn.TRANSLATE(H34,"vi","ja")) | J34: =IF(H34="","",_xlfn.TRANSLATE(H34,"vi","zh-Hans")) | L34: =IF(K34="","",_xlfn.TRANSLATE(K34,"vi","ja")) | M34: =IF(K34="","",_xlfn.TRANSLATE(K34,"vi","zh-Hans")) | V34: =IF(U34="","",_xlfn.TRANSLATE(U34,"vi","ja")) | W34: =IF(U34="","",_xlfn.TRANSLATE(U34,"vi","zh-Hans")) | Y34: =IF(X34="","",_xlfn.TRANSLATE(X34,"vi","ja")) | Z34: =IF(X34="","",_xlfn.TRANSLATE(X34,"vi","zh-Hans")) | AB34: =IF(Q34="","",Q34-TODAY()) | AC34: =IF(A34="","",IF(OR(S34='02_マスタ'!$E$10,S34='02_マスタ'!$E$12),"",IF(R34="High","High",IF(AND(Q34<>"",Q34<TODAY()),INDEX(_翻訳マスタ!$B$117:$D$247,MATCH("ALERT_OVERDUE",_翻訳マスタ!$A$117:$A$247,0),MATCH(言語切替!$B$3,_翻訳マスタ!$B$1:$D$1,0)),IF(AND(Q34<>"",Q34-TODAY()<=7),INDEX(_翻訳マスタ!$B$117:$D$247,MATCH("ALERT_APPROACHING",_翻訳マスタ!$A$117:$A$247,0),MATCH(言語切替!$B$3,_翻訳マスタ!$B$1:$D$1,0)),IF(OR(S34='02_マスタ'!$E$7,S34='02_マスタ'!$E$8),INDEX(_翻訳マスタ!$B$117:$D$247,MATCH("ALERT_CHECK",_翻訳マスタ!$A$117:$A$247,0),MATCH(言語切替!$B$3,_翻訳マスタ!$B$1:$D$1,0)),""))))))
F35: =IF(E35="","",_xlfn.TRANSLATE(E35,"vi","ja")) | G35: =IF(E35="","",_xlfn.TRANSLATE(E35,"vi","zh-Hans")) | I35: =IF(H35="","",_xlfn.TRANSLATE(H35,"vi","ja")) | J35: =IF(H35="","",_xlfn.TRANSLATE(H35,"vi","zh-Hans")) | L35: =IF(K35="","",_xlfn.TRANSLATE(K35,"vi","ja")) | M35: =IF(K35="","",_xlfn.TRANSLATE(K35,"vi","zh-Hans")) | V35: =IF(U35="","",_xlfn.TRANSLATE(U35,"vi","ja")) | W35: =IF(U35="","",_xlfn.TRANSLATE(U35,"vi","zh-Hans")) | Y35: =IF(X35="","",_xlfn.TRANSLATE(X35,"vi","ja")) | Z35: =IF(X35="","",_xlfn.TRANSLATE(X35,"vi","zh-Hans")) | AB35: =IF(Q35="","",Q35-TODAY()) | AC35: =IF(A35="","",IF(OR(S35='02_マスタ'!$E$10,S35='02_マスタ'!$E$12),"",IF(R35="High","High",IF(AND(Q35<>"",Q35<TODAY()),INDEX(_翻訳マスタ!$B$117:$D$247,MATCH("ALERT_OVERDUE",_翻訳マスタ!$A$117:$A$247,0),MATCH(言語切替!$B$3,_翻訳マスタ!$B$1:$D$1,0)),IF(AND(Q35<>"",Q35-TODAY()<=7),INDEX(_翻訳マスタ!$B$117:$D$247,MATCH("ALERT_APPROACHING",_翻訳マスタ!$A$117:$A$247,0),MATCH(言語切替!$B$3,_翻訳マスタ!$B$1:$D$1,0)),IF(OR(S35='02_マスタ'!$E$7,S35='02_マスタ'!$E$8),INDEX(_翻訳マスタ!$B$117:$D$247,MATCH("ALERT_CHECK",_翻訳マスタ!$A$117:$A$247,0),MATCH(言語切替!$B$3,_翻訳マスタ!$B$1:$D$1,0)),""))))))
F36: =IF(E36="","",_xlfn.TRANSLATE(E36,"vi","ja")) | G36: =IF(E36="","",_xlfn.TRANSLATE(E36,"vi","zh-Hans")) | I36: =IF(H36="","",_xlfn.TRANSLATE(H36,"vi","ja")) | J36: =IF(H36="","",_xlfn.TRANSLATE(H36,"vi","zh-Hans")) | L36: =IF(K36="","",_xlfn.TRANSLATE(K36,"vi","ja")) | M36: =IF(K36="","",_xlfn.TRANSLATE(K36,"vi","zh-Hans")) | V36: =IF(U36="","",_xlfn.TRANSLATE(U36,"vi","ja")) | W36: =IF(U36="","",_xlfn.TRANSLATE(U36,"vi","zh-Hans")) | Y36: =IF(X36="","",_xlfn.TRANSLATE(X36,"vi","ja")) | Z36: =IF(X36="","",_xlfn.TRANSLATE(X36,"vi","zh-Hans")) | AB36: =IF(Q36="","",Q36-TODAY()) | AC36: =IF(A36="","",IF(OR(S36='02_マスタ'!$E$10,S36='02_マスタ'!$E$12),"",IF(R36="High","High",IF(AND(Q36<>"",Q36<TODAY()),INDEX(_翻訳マスタ!$B$117:$D$247,MATCH("ALERT_OVERDUE",_翻訳マスタ!$A$117:$A$247,0),MATCH(言語切替!$B$3,_翻訳マスタ!$B$1:$D$1,0)),IF(AND(Q36<>"",Q36-TODAY()<=7),INDEX(_翻訳マスタ!$B$117:$D$247,MATCH("ALERT_APPROACHING",_翻訳マスタ!$A$117:$A$247,0),MATCH(言語切替!$B$3,_翻訳マスタ!$B$1:$D$1,0)),IF(OR(S36='02_マスタ'!$E$7,S36='02_マスタ'!$E$8),INDEX(_翻訳マスタ!$B$117:$D$247,MATCH("ALERT_CHECK",_翻訳マスタ!$A$117:$A$247,0),MATCH(言語切替!$B$3,_翻訳マスタ!$B$1:$D$1,0)),""))))))
... F304: =IF(E304="","",_xlfn.TRANSLATE(E304,"vi","ja")) | G304: =IF(E304="","",_xlfn.TRANSLATE(E304,"vi","zh-Hans")) | I304: =IF(H304="","",_xlfn.TRANSLATE(H304,"vi","ja")) | J304: =IF(H304="","",_xlfn.TRANSLATE(H304,"vi","zh-Hans")) | L304: =IF(K304="","",_xlfn.TRANSLATE(K304,"vi","ja")) | M304: =IF(K304="","",_xlfn.TRANSLATE(K304,"vi","zh-Hans")) | V304: =IF(U304="","",_xlfn.TRANSLATE(U304,"vi","ja")) | W304: =IF(U304="","",_xlfn.TRANSLATE(U304,"vi","zh-Hans")) | Y304: =IF(X304="","",_xlfn.TRANSLATE(X304,"vi","ja")) | Z304: =IF(X304="","",_xlfn.TRANSLATE(X304,"vi","zh-Hans")) | AB304: =IF(Q304="","",Q304-TODAY()) | AC304: =IF(A304="","",IF(OR(S304='02_マスタ'!$E$10,S304='02_マスタ'!$E$12),"",IF(R304="High","High",IF(AND(Q304<>"",Q304<TODAY()),INDEX(_翻訳マスタ!$B$117:$D$247,MATCH("ALERT_OVERDUE",_翻訳マスタ!$A$117:$A$247,0),MATCH(言語切替!$B$3,_翻訳マスタ!$B$1:$D$1,0)),IF(AND(Q304<>"",Q304-TODAY()<=7),INDEX(_翻訳マスタ!$B$117:$D$247,MATCH("ALERT_APPROACHING",_翻訳マスタ!$A$117:$A$247,0),MATCH(言語切替!$B$3,_翻訳マスタ!$B$1:$D$1,0)),IF(OR(S304='02_マスタ'!$E$7,S304='02_マスタ'!$E$8),INDEX(_翻訳マスタ!$B$117:$D$247,MATCH("ALERT_CHECK",_翻訳マスタ!$A$117:$A$247,0),MATCH(言語切替!$B$3,_翻訳マスタ!$B$1:$D$1,0)),""))))))

Sheet 05_決定事項
A1: =INDEX(_翻訳マスタ!$B$117:$D$247,MATCH("DEC_TITLE",_翻訳マスタ!$A$117:$A$247,0),MATCH(言語切替!$B$3,_翻訳マスタ!$B$1:$D$1,0)) -> Nhật ký quyết định
A2: =INDEX(_翻訳マスタ!$B$117:$D$247,MATCH("DEC_DESC",_翻訳マスタ!$A$117:$A$247,0),MATCH(言語切替!$B$3,_翻訳マスタ!$B$1:$D$1,0)) -> Ghi lại nội dung quyết định trong cuộc họp và phạm vi ảnh hưởng. Giúp theo dõi lại lý do đưa ra quyết định.
A3: =INDEX(_翻訳マスタ!$B$2:$D$300,MATCH("PARA_HOWTO",_翻訳マスタ!$A$2:$A$300,0),MATCH(言語切替!$B$3,_翻訳マスタ!$B$1:$D$1,0)) -> Cách dùng: Nhập tiếng mẹ đẻ → đọc cột khác → ô trống không dịch → dưới 3000 ký tự
A4: =INDEX(_翻訳マスタ!$B$117:$D$247,MATCH("DEC_COL_ID",_翻訳マスタ!$A$117:$A$247,0),MATCH(言語切替!$B$3,_翻訳マスタ!$B$1:$D$1,0)) -> Mã quyết định | B4: =INDEX(_翻訳マスタ!$B$117:$D$247,MATCH("DEC_COL_DATE",_翻訳マスタ!$A$117:$A$247,0),MATCH(言語切替!$B$3,_翻訳マスタ!$B$1:$D$1,0)) -> Ngày quyết định | C4: =INDEX(_翻訳マスタ!$B$117:$D$247,MATCH("DEC_COL_FORUM",_翻訳マスタ!$A$117:$A$247,0),MATCH(言語切替!$B$3,_翻訳マスタ!$B$1:$D$1,0)) -> Cuộc họp / Diễn đàn | D4: =INDEX(_翻訳マスタ!$B$2:$D$300,MATCH("DEC_COL_TITLE",_翻訳マスタ!$A$2:$A$300,0),MATCH(言語切替!$B$3,_翻訳マスタ!$B$1:$D$1,0))&INDEX(_翻訳マスタ!$B$2:$D$300,MATCH("NEW_VI_SUFFIX",_翻訳マスタ!$A$2:$A$300,0),MATCH(言語切替!$B$3,_翻訳マスタ!$B$1:$D$1,0)) -> Tiêu đề (VI) | E4: =INDEX(_翻訳マスタ!$B$2:$D$300,MATCH("DEC_COL_TITLE",_翻訳マスタ!$A$2:$A$300,0),MATCH(言語切替!$B$3,_翻訳マスタ!$B$1:$D$1,0))&INDEX(_翻訳マスタ!$B$2:$D$300,MATCH("NEW_JP_SUFFIX",_翻訳マスタ!$A$2:$A$300,0),MATCH(言語切替!$B$3,_翻訳マスタ!$B$1:$D$1,0)) -> Tiêu đề (JP) | F4: =INDEX(_翻訳マスタ!$B$2:$D$300,MATCH("DEC_COL_TITLE",_翻訳マスタ!$A$2:$A$300,0),MATCH(言語切替!$B$3,_翻訳マスタ!$B$1:$D$1,0))&INDEX(_翻訳マスタ!$B$2:$D$300,MATCH("NEW_CN_SUFFIX",_翻訳マスタ!$A$2:$A$300,0),MATCH(言語切替!$B$3,_翻訳マスタ!$B$1:$D$1,0)) -> Tiêu đề (CN) | G4: =INDEX(_翻訳マスタ!$B$2:$D$300,MATCH("DEC_COL_CONTENT",_翻訳マスタ!$A$2:$A$300,0),MATCH(言語切替!$B$3,_翻訳マスタ!$B$1:$D$1,0))&INDEX(_翻訳マスタ!$B$2:$D$300,MATCH("NEW_VI_SUFFIX",_翻訳マスタ!$A$2:$A$300,0),MATCH(言語切替!$B$3,_翻訳マスタ!$B$1:$D$1,0)) -> Nội dung quyết định (VI) | H4: =INDEX(_翻訳マスタ!$B$2:$D$300,MATCH("DEC_COL_CONTENT",_翻訳マスタ!$A$2:$A$300,0),MATCH(言語切替!$B$3,_翻訳マスタ!$B$1:$D$1,0))&INDEX(_翻訳マスタ!$B$2:$D$300,MATCH("NEW_JP_SUFFIX",_翻訳マスタ!$A$2:$A$300,0),MATCH(言語切替!$B$3,_翻訳マスタ!$B$1:$D$1,0)) -> Nội dung quyết định (JP) | I4: =INDEX(_翻訳マスタ!$B$2:$D$300,MATCH("DEC_COL_CONTENT",_翻訳マスタ!$A$2:$A$300,0),MATCH(言語切替!$B$3,_翻訳マスタ!$B$1:$D$1,0))&INDEX(_翻訳マスタ!$B$2:$D$300,MATCH("NEW_CN_SUFFIX",_翻訳マスタ!$A$2:$A$300,0),MATCH(言語切替!$B$3,_翻訳マスタ!$B$1:$D$1,0)) -> Nội dung quyết định (CN) | J4: =INDEX(_翻訳マスタ!$B$2:$D$300,MATCH("DEC_COL_REASON",_翻訳マスタ!$A$2:$A$300,0),MATCH(言語切替!$B$3,_翻訳マスタ!$B$1:$D$1,0))&INDEX(_翻訳マスタ!$B$2:$D$300,MATCH("NEW_VI_SUFFIX",_翻訳マスタ!$A$2:$A$300,0),MATCH(言語切替!$B$3,_翻訳マスタ!$B$1:$D$1,0)) -> Lý do quyết định (VI) | K4: =INDEX(_翻訳マスタ!$B$2:$D$300,MATCH("DEC_COL_REASON",_翻訳マスタ!$A$2:$A$300,0),MATCH(言語切替!$B$3,_翻訳マスタ!$B$1:$D$1,0))&INDEX(_翻訳マスタ!$B$2:$D$300,MATCH("NEW_JP_SUFFIX",_翻訳マスタ!$A$2:$A$300,0),MATCH(言語切替!$B$3,_翻訳マスタ!$B$1:$D$1,0)) -> Lý do quyết định (JP) | L4: =INDEX(_翻訳マスタ!$B$2:$D$300,MATCH("DEC_COL_REASON",_翻訳マスタ!$A$2:$A$300,0),MATCH(言語切替!$B$3,_翻訳マスタ!$B$1:$D$1,0))&INDEX(_翻訳マスタ!$B$2:$D$300,MATCH("NEW_CN_SUFFIX",_翻訳マスタ!$A$2:$A$300,0),MATCH(言語切替!$B$3,_翻訳マスタ!$B$1:$D$1,0)) -> Lý do quyết định (CN) | M4: =INDEX(_翻訳マスタ!$B$117:$D$247,MATCH("DEC_COL_DECIDER",_翻訳マスタ!$A$117:$A$247,0),MATCH(言語切替!$B$3,_翻訳マスタ!$B$1:$D$1,0)) -> Người quyết định | N4: =INDEX(_翻訳マスタ!$B$117:$D$247,MATCH("DEC_COL_WG",_翻訳マスタ!$A$117:$A$247,0),MATCH(言語切替!$B$3,_翻訳マスタ!$B$1:$D$1,0)) -> WG áp dụng | O4: =INDEX(_翻訳マスタ!$B$117:$D$247,MATCH("DEC_COL_SITE",_翻訳マスタ!$A$117:$A$247,0),MATCH(言語切替!$B$3,_翻訳マスタ!$B$1:$D$1,0)) -> Đơn vị áp dụng | P4: =INDEX(_翻訳マスタ!$B$2:$D$300,MATCH("DEC_COL_SCOPE",_翻訳マスタ!$A$2:$A$300,0),MATCH(言語切替!$B$3,_翻訳マスタ!$B$1:$D$1,0))&INDEX(_翻訳マスタ!$B$2:$D$300,MATCH("NEW_VI_SUFFIX",_翻訳マスタ!$A$2:$A$300,0),MATCH(言語切替!$B$3,_翻訳マスタ!$B$1:$D$1,0)) -> Phạm vi ảnh hưởng (VI) | Q4: =INDEX(_翻訳マスタ!$B$2:$D$300,MATCH("DEC_COL_SCOPE",_翻訳マスタ!$A$2:$A$300,0),MATCH(言語切替!$B$3,_翻訳マスタ!$B$1:$D$1,0))&INDEX(_翻訳マスタ!$B$2:$D$300,MATCH("NEW_JP_SUFFIX",_翻訳マスタ!$A$2:$A$300,0),MATCH(言語切替!$B$3,_翻訳マスタ!$B$1:$D$1,0)) -> Phạm vi ảnh hưởng (JP) | R4: =INDEX(_翻訳マスタ!$B$2:$D$300,MATCH("DEC_COL_SCOPE",_翻訳マスタ!$A$2:$A$300,0),MATCH(言語切替!$B$3,_翻訳マスタ!$B$1:$D$1,0))&INDEX(_翻訳マスタ!$B$2:$D$300,MATCH("NEW_CN_SUFFIX",_翻訳マスタ!$A$2:$A$300,0),MATCH(言語切替!$B$3,_翻訳マスタ!$B$1:$D$1,0)) -> Phạm vi ảnh hưởng (CN) | S4: =INDEX(_翻訳マスタ!$B$117:$D$247,MATCH("DEC_COL_LEAD",_翻訳マスタ!$A$117:$A$247,0),MATCH(言語切替!$B$3,_翻訳マスタ!$B$1:$D$1,0)) -> Người chịu trách nhiệm thực hiện | T4: =INDEX(_翻訳マスタ!$B$117:$D$247,MATCH("DEC_COL_DUE",_翻訳マスタ!$A$117:$A$247,0),MATCH(言語切替!$B$3,_翻訳マスタ!$B$1:$D$1,0)) -> Thời hạn áp dụng | U4: =INDEX(_翻訳マスタ!$B$117:$D$247,MATCH("DEC_COL_ISSUE_ID",_翻訳マスタ!$A$117:$A$247,0),MATCH(言語切替!$B$3,_翻訳マスタ!$B$1:$D$1,0)) -> Mã vấn đề liên quan | V4: =INDEX(_翻訳マスタ!$B$117:$D$247,MATCH("DEC_COL_LINK",_翻訳マスタ!$A$117:$A$247,0),MATCH(言語切替!$B$3,_翻訳マスタ!$B$1:$D$1,0)) -> Liên kết tài liệu liên quan | W4: =INDEX(_翻訳マスタ!$B$2:$D$300,MATCH("DEC_COL_NOTE",_翻訳マスタ!$A$2:$A$300,0),MATCH(言語切替!$B$3,_翻訳マスタ!$B$1:$D$1,0))&INDEX(_翻訳マスタ!$B$2:$D$300,MATCH("NEW_VI_SUFFIX",_翻訳マスタ!$A$2:$A$300,0),MATCH(言語切替!$B$3,_翻訳マスタ!$B$1:$D$1,0)) -> Ghi chú (VI) | X4: =INDEX(_翻訳マスタ!$B$2:$D$300,MATCH("DEC_COL_NOTE",_翻訳マスタ!$A$2:$A$300,0),MATCH(言語切替!$B$3,_翻訳マスタ!$B$1:$D$1,0))&INDEX(_翻訳マスタ!$B$2:$D$300,MATCH("NEW_JP_SUFFIX",_翻訳マスタ!$A$2:$A$300,0),MATCH(言語切替!$B$3,_翻訳マスタ!$B$1:$D$1,0)) -> Ghi chú (JP) | Y4: =INDEX(_翻訳マスタ!$B$2:$D$300,MATCH("DEC_COL_NOTE",_翻訳マスタ!$A$2:$A$300,0),MATCH(言語切替!$B$3,_翻訳マスタ!$B$1:$D$1,0))&INDEX(_翻訳マスタ!$B$2:$D$300,MATCH("NEW_CN_SUFFIX",_翻訳マスタ!$A$2:$A$300,0),MATCH(言語切替!$B$3,_翻訳マスタ!$B$1:$D$1,0)) -> Ghi chú (CN)
A5: DC-001 | B5: 46288 | C5: =INDEX(_翻訳マスタ!$B$117:$D$247,MATCH("DEC_EX1_FORUM",_翻訳マスタ!$A$117:$A$247,0),MATCH(言語切替!$B$3,_翻訳マスタ!$B$1:$D$1,0)) -> Họp ban điều hành | D5: =INDEX(_翻訳マスタ!$D$2:$D$300,MATCH("DEC_EX1_TITLE",_翻訳マスタ!$A$2:$A$300,0)) -> Bản đầu tiên công cụ quản lý | E5: =IF(D5="","",_xlfn.TRANSLATE(D5,"","ja")) -> #VALUE! | F5: =IF(D5="","",_xlfn.TRANSLATE(D5,"","zh-Hans")) -> #VALUE! | G5: =INDEX(_翻訳マスタ!$D$2:$D$300,MATCH("DEC_EX1_CONTENT",_翻訳マスタ!$A$2:$A$300,0)) -> Đưa phương án quản lý tập trung bằng Excel vào rà soát nội bộ ban điều hành | H5: =IF(G5="","",_xlfn.TRANSLATE(G5,"","ja")) -> #VALUE! | I5: =IF(G5="","",_xlfn.TRANSLATE(G5,"","zh-Hans")) -> #VALUE! | J5: =INDEX(_翻訳マスタ!$D$2:$D$300,MATCH("DEC_EX1_REASON",_翻訳マスタ!$A$2:$A$300,0)) -> Để củng cố các quy tắc chung trước tiên | K5: =IF(J5="","",_xlfn.TRANSLATE(J5,"","ja")) -> #VALUE! | L5: =IF(J5="","",_xlfn.TRANSLATE(J5,"","zh-Hans")) -> #VALUE! | M5: =INDEX(_翻訳マスタ!$B$117:$D$247,MATCH("ROLE_SUBLEADER",_翻訳マスタ!$A$117:$A$247,0),MATCH(言語切替!$B$3,_翻訳マスタ!$B$1:$D$1,0)) -> Trưởng tiểu ban | N5: ='02_マスタ'!$A$5 -> Toàn bộ | O5: ='02_マスタ'!$C$5 -> Chung | P5: =INDEX(_翻訳マスタ!$D$2:$D$300,MATCH("COMMON_ALL_WG",_翻訳マスタ!$A$2:$A$300,0)) -> Tất cả WG | Q5: =IF(P5="","",_xlfn.TRANSLATE(P5,"","ja")) -> #VALUE! | R5: =IF(P5="","",_xlfn.TRANSLATE(P5,"","zh-Hans")) -> #VALUE! | S5: =INDEX(_翻訳マスタ!$B$117:$D$247,MATCH("ROLE_PMO",_翻訳マスタ!$A$117:$A$247,0),MATCH(言語切替!$B$3,_翻訳マスタ!$B$1:$D$1,0)) -> Ban điều hành | T5: 46295 | U5: IT-001 | W5: =INDEX(_翻訳マスタ!$D$2:$D$300,MATCH("COMMON_EXAMPLE",_翻訳マスタ!$A$2:$A$300,0)) -> Ví dụ nhập liệu | X5: =IF(W5="","",_xlfn.TRANSLATE(W5,"","ja")) -> #VALUE! | Y5: =IF(W5="","",_xlfn.TRANSLATE(W5,"","zh-Hans")) -> #VALUE!
E6: =IF(D6="","",_xlfn.TRANSLATE(D6,"","ja")) | F6: =IF(D6="","",_xlfn.TRANSLATE(D6,"","zh-Hans")) | H6: =IF(G6="","",_xlfn.TRANSLATE(G6,"","ja")) | I6: =IF(G6="","",_xlfn.TRANSLATE(G6,"","zh-Hans")) | K6: =IF(J6="","",_xlfn.TRANSLATE(J6,"","ja")) | L6: =IF(J6="","",_xlfn.TRANSLATE(J6,"","zh-Hans")) | Q6: =IF(P6="","",_xlfn.TRANSLATE(P6,"","ja")) | R6: =IF(P6="","",_xlfn.TRANSLATE(P6,"","zh-Hans")) | X6: =IF(W6="","",_xlfn.TRANSLATE(W6,"","ja")) | Y6: =IF(W6="","",_xlfn.TRANSLATE(W6,"","zh-Hans"))
E7: =IF(D7="","",_xlfn.TRANSLATE(D7,"","ja")) | F7: =IF(D7="","",_xlfn.TRANSLATE(D7,"","zh-Hans")) | H7: =IF(G7="","",_xlfn.TRANSLATE(G7,"","ja")) | I7: =IF(G7="","",_xlfn.TRANSLATE(G7,"","zh-Hans")) | K7: =IF(J7="","",_xlfn.TRANSLATE(J7,"","ja")) | L7: =IF(J7="","",_xlfn.TRANSLATE(J7,"","zh-Hans")) | Q7: =IF(P7="","",_xlfn.TRANSLATE(P7,"","ja")) | R7: =IF(P7="","",_xlfn.TRANSLATE(P7,"","zh-Hans")) | X7: =IF(W7="","",_xlfn.TRANSLATE(W7,"","ja")) | Y7: =IF(W7="","",_xlfn.TRANSLATE(W7,"","zh-Hans"))
E8: =IF(D8="","",_xlfn.TRANSLATE(D8,"","ja")) | F8: =IF(D8="","",_xlfn.TRANSLATE(D8,"","zh-Hans")) | H8: =IF(G8="","",_xlfn.TRANSLATE(G8,"","ja")) | I8: =IF(G8="","",_xlfn.TRANSLATE(G8,"","zh-Hans")) | K8: =IF(J8="","",_xlfn.TRANSLATE(J8,"","ja")) | L8: =IF(J8="","",_xlfn.TRANSLATE(J8,"","zh-Hans")) | Q8: =IF(P8="","",_xlfn.TRANSLATE(P8,"","ja")) | R8: =IF(P8="","",_xlfn.TRANSLATE(P8,"","zh-Hans")) | X8: =IF(W8="","",_xlfn.TRANSLATE(W8,"","ja")) | Y8: =IF(W8="","",_xlfn.TRANSLATE(W8,"","zh-Hans"))
E9: =IF(D9="","",_xlfn.TRANSLATE(D9,"","ja")) | F9: =IF(D9="","",_xlfn.TRANSLATE(D9,"","zh-Hans")) | H9: =IF(G9="","",_xlfn.TRANSLATE(G9,"","ja")) | I9: =IF(G9="","",_xlfn.TRANSLATE(G9,"","zh-Hans")) | K9: =IF(J9="","",_xlfn.TRANSLATE(J9,"","ja")) | L9: =IF(J9="","",_xlfn.TRANSLATE(J9,"","zh-Hans")) | Q9: =IF(P9="","",_xlfn.TRANSLATE(P9,"","ja")) | R9: =IF(P9="","",_xlfn.TRANSLATE(P9,"","zh-Hans")) | X9: =IF(W9="","",_xlfn.TRANSLATE(W9,"","ja")) | Y9: =IF(W9="","",_xlfn.TRANSLATE(W9,"","zh-Hans"))
E10: =IF(D10="","",_xlfn.TRANSLATE(D10,"","ja")) | F10: =IF(D10="","",_xlfn.TRANSLATE(D10,"","zh-Hans")) | H10: =IF(G10="","",_xlfn.TRANSLATE(G10,"","ja")) | I10: =IF(G10="","",_xlfn.TRANSLATE(G10,"","zh-Hans")) | K10: =IF(J10="","",_xlfn.TRANSLATE(J10,"","ja")) | L10: =IF(J10="","",_xlfn.TRANSLATE(J10,"","zh-Hans")) | Q10: =IF(P10="","",_xlfn.TRANSLATE(P10,"","ja")) | R10: =IF(P10="","",_xlfn.TRANSLATE(P10,"","zh-Hans")) | X10: =IF(W10="","",_xlfn.TRANSLATE(W10,"","ja")) | Y10: =IF(W10="","",_xlfn.TRANSLATE(W10,"","zh-Hans"))
E11: =IF(D11="","",_xlfn.TRANSLATE(D11,"","ja")) | F11: =IF(D11="","",_xlfn.TRANSLATE(D11,"","zh-Hans")) | H11: =IF(G11="","",_xlfn.TRANSLATE(G11,"","ja")) | I11: =IF(G11="","",_xlfn.TRANSLATE(G11,"","zh-Hans")) | K11: =IF(J11="","",_xlfn.TRANSLATE(J11,"","ja")) | L11: =IF(J11="","",_xlfn.TRANSLATE(J11,"","zh-Hans")) | Q11: =IF(P11="","",_xlfn.TRANSLATE(P11,"","ja")) | R11: =IF(P11="","",_xlfn.TRANSLATE(P11,"","zh-Hans")) | X11: =IF(W11="","",_xlfn.TRANSLATE(W11,"","ja")) | Y11: =IF(W11="","",_xlfn.TRANSLATE(W11,"","zh-Hans"))
E12: =IF(D12="","",_xlfn.TRANSLATE(D12,"","ja")) | F12: =IF(D12="","",_xlfn.TRANSLATE(D12,"","zh-Hans")) | H12: =IF(G12="","",_xlfn.TRANSLATE(G12,"","ja")) | I12: =IF(G12="","",_xlfn.TRANSLATE(G12,"","zh-Hans")) | K12: =IF(J12="","",_xlfn.TRANSLATE(J12,"","ja")) | L12: =IF(J12="","",_xlfn.TRANSLATE(J12,"","zh-Hans")) | Q12: =IF(P12="","",_xlfn.TRANSLATE(P12,"","ja")) | R12: =IF(P12="","",_xlfn.TRANSLATE(P12,"","zh-Hans")) | X12: =IF(W12="","",_xlfn.TRANSLATE(W12,"","ja")) | Y12: =IF(W12="","",_xlfn.TRANSLATE(W12,"","zh-Hans"))
E13: =IF(D13="","",_xlfn.TRANSLATE(D13,"","ja")) | F13: =IF(D13="","",_xlfn.TRANSLATE(D13,"","zh-Hans")) | H13: =IF(G13="","",_xlfn.TRANSLATE(G13,"","ja")) | I13: =IF(G13="","",_xlfn.TRANSLATE(G13,"","zh-Hans")) | K13: =IF(J13="","",_xlfn.TRANSLATE(J13,"","ja")) | L13: =IF(J13="","",_xlfn.TRANSLATE(J13,"","zh-Hans")) | Q13: =IF(P13="","",_xlfn.TRANSLATE(P13,"","ja")) | R13: =IF(P13="","",_xlfn.TRANSLATE(P13,"","zh-Hans")) | X13: =IF(W13="","",_xlfn.TRANSLATE(W13,"","ja")) | Y13: =IF(W13="","",_xlfn.TRANSLATE(W13,"","zh-Hans"))
E14: =IF(D14="","",_xlfn.TRANSLATE(D14,"","ja")) | F14: =IF(D14="","",_xlfn.TRANSLATE(D14,"","zh-Hans")) | H14: =IF(G14="","",_xlfn.TRANSLATE(G14,"","ja")) | I14: =IF(G14="","",_xlfn.TRANSLATE(G14,"","zh-Hans")) | K14: =IF(J14="","",_xlfn.TRANSLATE(J14,"","ja")) | L14: =IF(J14="","",_xlfn.TRANSLATE(J14,"","zh-Hans")) | Q14: =IF(P14="","",_xlfn.TRANSLATE(P14,"","ja")) | R14: =IF(P14="","",_xlfn.TRANSLATE(P14,"","zh-Hans")) | X14: =IF(W14="","",_xlfn.TRANSLATE(W14,"","ja")) | Y14: =IF(W14="","",_xlfn.TRANSLATE(W14,"","zh-Hans"))
E15: =IF(D15="","",_xlfn.TRANSLATE(D15,"","ja")) | F15: =IF(D15="","",_xlfn.TRANSLATE(D15,"","zh-Hans")) | H15: =IF(G15="","",_xlfn.TRANSLATE(G15,"","ja")) | I15: =IF(G15="","",_xlfn.TRANSLATE(G15,"","zh-Hans")) | K15: =IF(J15="","",_xlfn.TRANSLATE(J15,"","ja")) | L15: =IF(J15="","",_xlfn.TRANSLATE(J15,"","zh-Hans")) | Q15: =IF(P15="","",_xlfn.TRANSLATE(P15,"","ja")) | R15: =IF(P15="","",_xlfn.TRANSLATE(P15,"","zh-Hans")) | X15: =IF(W15="","",_xlfn.TRANSLATE(W15,"","ja")) | Y15: =IF(W15="","",_xlfn.TRANSLATE(W15,"","zh-Hans"))
E16: =IF(D16="","",_xlfn.TRANSLATE(D16,"","ja")) | F16: =IF(D16="","",_xlfn.TRANSLATE(D16,"","zh-Hans")) | H16: =IF(G16="","",_xlfn.TRANSLATE(G16,"","ja")) | I16: =IF(G16="","",_xlfn.TRANSLATE(G16,"","zh-Hans")) | K16: =IF(J16="","",_xlfn.TRANSLATE(J16,"","ja")) | L16: =IF(J16="","",_xlfn.TRANSLATE(J16,"","zh-Hans")) | Q16: =IF(P16="","",_xlfn.TRANSLATE(P16,"","ja")) | R16: =IF(P16="","",_xlfn.TRANSLATE(P16,"","zh-Hans")) | X16: =IF(W16="","",_xlfn.TRANSLATE(W16,"","ja")) | Y16: =IF(W16="","",_xlfn.TRANSLATE(W16,"","zh-Hans"))
E17: =IF(D17="","",_xlfn.TRANSLATE(D17,"","ja")) | F17: =IF(D17="","",_xlfn.TRANSLATE(D17,"","zh-Hans")) | H17: =IF(G17="","",_xlfn.TRANSLATE(G17,"","ja")) | I17: =IF(G17="","",_xlfn.TRANSLATE(G17,"","zh-Hans")) | K17: =IF(J17="","",_xlfn.TRANSLATE(J17,"","ja")) | L17: =IF(J17="","",_xlfn.TRANSLATE(J17,"","zh-Hans")) | Q17: =IF(P17="","",_xlfn.TRANSLATE(P17,"","ja")) | R17: =IF(P17="","",_xlfn.TRANSLATE(P17,"","zh-Hans")) | X17: =IF(W17="","",_xlfn.TRANSLATE(W17,"","ja")) | Y17: =IF(W17="","",_xlfn.TRANSLATE(W17,"","zh-Hans"))
... E24: =IF(D24="","",_xlfn.TRANSLATE(D24,"","ja")) | F24: =IF(D24="","",_xlfn.TRANSLATE(D24,"","zh-Hans")) | H24: =IF(G24="","",_xlfn.TRANSLATE(G24,"","ja")) | I24: =IF(G24="","",_xlfn.TRANSLATE(G24,"","zh-Hans")) | K24: =IF(J24="","",_xlfn.TRANSLATE(J24,"","ja")) | L24: =IF(J24="","",_xlfn.TRANSLATE(J24,"","zh-Hans")) | Q24: =IF(P24="","",_xlfn.TRANSLATE(P24,"","ja")) | R24: =IF(P24="","",_xlfn.TRANSLATE(P24,"","zh-Hans")) | X24: =IF(W24="","",_xlfn.TRANSLATE(W24,"","ja")) | Y24: =IF(W24="","",_xlfn.TRANSLATE(W24,"","zh-Hans"))
E25: =IF(D25="","",_xlfn.TRANSLATE(D25,"vi","ja")) | F25: =IF(D25="","",_xlfn.TRANSLATE(D25,"vi","zh-Hans")) | H25: =IF(G25="","",_xlfn.TRANSLATE(G25,"vi","ja")) | I25: =IF(G25="","",_xlfn.TRANSLATE(G25,"vi","zh-Hans")) | K25: =IF(J25="","",_xlfn.TRANSLATE(J25,"vi","ja")) | L25: =IF(J25="","",_xlfn.TRANSLATE(J25,"vi","zh-Hans")) | Q25: =IF(P25="","",_xlfn.TRANSLATE(P25,"vi","ja")) | R25: =IF(P25="","",_xlfn.TRANSLATE(P25,"vi","zh-Hans")) | X25: =IF(W25="","",_xlfn.TRANSLATE(W25,"vi","ja")) | Y25: =IF(W25="","",_xlfn.TRANSLATE(W25,"vi","zh-Hans"))
E26: =IF(D26="","",_xlfn.TRANSLATE(D26,"vi","ja")) | F26: =IF(D26="","",_xlfn.TRANSLATE(D26,"vi","zh-Hans")) | H26: =IF(G26="","",_xlfn.TRANSLATE(G26,"vi","ja")) | I26: =IF(G26="","",_xlfn.TRANSLATE(G26,"vi","zh-Hans")) | K26: =IF(J26="","",_xlfn.TRANSLATE(J26,"vi","ja")) | L26: =IF(J26="","",_xlfn.TRANSLATE(J26,"vi","zh-Hans")) | Q26: =IF(P26="","",_xlfn.TRANSLATE(P26,"vi","ja")) | R26: =IF(P26="","",_xlfn.TRANSLATE(P26,"vi","zh-Hans")) | X26: =IF(W26="","",_xlfn.TRANSLATE(W26,"vi","ja")) | Y26: =IF(W26="","",_xlfn.TRANSLATE(W26,"vi","zh-Hans"))
E27: =IF(D27="","",_xlfn.TRANSLATE(D27,"vi","ja")) | F27: =IF(D27="","",_xlfn.TRANSLATE(D27,"vi","zh-Hans")) | H27: =IF(G27="","",_xlfn.TRANSLATE(G27,"vi","ja")) | I27: =IF(G27="","",_xlfn.TRANSLATE(G27,"vi","zh-Hans")) | K27: =IF(J27="","",_xlfn.TRANSLATE(J27,"vi","ja")) | L27: =IF(J27="","",_xlfn.TRANSLATE(J27,"vi","zh-Hans")) | Q27: =IF(P27="","",_xlfn.TRANSLATE(P27,"vi","ja")) | R27: =IF(P27="","",_xlfn.TRANSLATE(P27,"vi","zh-Hans")) | X27: =IF(W27="","",_xlfn.TRANSLATE(W27,"vi","ja")) | Y27: =IF(W27="","",_xlfn.TRANSLATE(W27,"vi","zh-Hans"))
E28: =IF(D28="","",_xlfn.TRANSLATE(D28,"vi","ja")) | F28: =IF(D28="","",_xlfn.TRANSLATE(D28,"vi","zh-Hans")) | H28: =IF(G28="","",_xlfn.TRANSLATE(G28,"vi","ja")) | I28: =IF(G28="","",_xlfn.TRANSLATE(G28,"vi","zh-Hans")) | K28: =IF(J28="","",_xlfn.TRANSLATE(J28,"vi","ja")) | L28: =IF(J28="","",_xlfn.TRANSLATE(J28,"vi","zh-Hans")) | Q28: =IF(P28="","",_xlfn.TRANSLATE(P28,"vi","ja")) | R28: =IF(P28="","",_xlfn.TRANSLATE(P28,"vi","zh-Hans")) | X28: =IF(W28="","",_xlfn.TRANSLATE(W28,"vi","ja")) | Y28: =IF(W28="","",_xlfn.TRANSLATE(W28,"vi","zh-Hans"))
E29: =IF(D29="","",_xlfn.TRANSLATE(D29,"vi","ja")) | F29: =IF(D29="","",_xlfn.TRANSLATE(D29,"vi","zh-Hans")) | H29: =IF(G29="","",_xlfn.TRANSLATE(G29,"vi","ja")) | I29: =IF(G29="","",_xlfn.TRANSLATE(G29,"vi","zh-Hans")) | K29: =IF(J29="","",_xlfn.TRANSLATE(J29,"vi","ja")) | L29: =IF(J29="","",_xlfn.TRANSLATE(J29,"vi","zh-Hans")) | Q29: =IF(P29="","",_xlfn.TRANSLATE(P29,"vi","ja")) | R29: =IF(P29="","",_xlfn.TRANSLATE(P29,"vi","zh-Hans")) | X29: =IF(W29="","",_xlfn.TRANSLATE(W29,"vi","ja")) | Y29: =IF(W29="","",_xlfn.TRANSLATE(W29,"vi","zh-Hans"))
E30: =IF(D30="","",_xlfn.TRANSLATE(D30,"vi","ja")) | F30: =IF(D30="","",_xlfn.TRANSLATE(D30,"vi","zh-Hans")) | H30: =IF(G30="","",_xlfn.TRANSLATE(G30,"vi","ja")) | I30: =IF(G30="","",_xlfn.TRANSLATE(G30,"vi","zh-Hans")) | K30: =IF(J30="","",_xlfn.TRANSLATE(J30,"vi","ja")) | L30: =IF(J30="","",_xlfn.TRANSLATE(J30,"vi","zh-Hans")) | Q30: =IF(P30="","",_xlfn.TRANSLATE(P30,"vi","ja")) | R30: =IF(P30="","",_xlfn.TRANSLATE(P30,"vi","zh-Hans")) | X30: =IF(W30="","",_xlfn.TRANSLATE(W30,"vi","ja")) | Y30: =IF(W30="","",_xlfn.TRANSLATE(W30,"vi","zh-Hans"))
E31: =IF(D31="","",_xlfn.TRANSLATE(D31,"vi","ja")) | F31: =IF(D31="","",_xlfn.TRANSLATE(D31,"vi","zh-Hans")) | H31: =IF(G31="","",_xlfn.TRANSLATE(G31,"vi","ja")) | I31: =IF(G31="","",_xlfn.TRANSLATE(G31,"vi","zh-Hans")) | K31: =IF(J31="","",_xlfn.TRANSLATE(J31,"vi","ja")) | L31: =IF(J31="","",_xlfn.TRANSLATE(J31,"vi","zh-Hans")) | Q31: =IF(P31="","",_xlfn.TRANSLATE(P31,"vi","ja")) | R31: =IF(P31="","",_xlfn.TRANSLATE(P31,"vi","zh-Hans")) | X31: =IF(W31="","",_xlfn.TRANSLATE(W31,"vi","ja")) | Y31: =IF(W31="","",_xlfn.TRANSLATE(W31,"vi","zh-Hans"))
E32: =IF(D32="","",_xlfn.TRANSLATE(D32,"vi","ja")) | F32: =IF(D32="","",_xlfn.TRANSLATE(D32,"vi","zh-Hans")) | H32: =IF(G32="","",_xlfn.TRANSLATE(G32,"vi","ja")) | I32: =IF(G32="","",_xlfn.TRANSLATE(G32,"vi","zh-Hans")) | K32: =IF(J32="","",_xlfn.TRANSLATE(J32,"vi","ja")) | L32: =IF(J32="","",_xlfn.TRANSLATE(J32,"vi","zh-Hans")) | Q32: =IF(P32="","",_xlfn.TRANSLATE(P32,"vi","ja")) | R32: =IF(P32="","",_xlfn.TRANSLATE(P32,"vi","zh-Hans")) | X32: =IF(W32="","",_xlfn.TRANSLATE(W32,"vi","ja")) | Y32: =IF(W32="","",_xlfn.TRANSLATE(W32,"vi","zh-Hans"))
E33: =IF(D33="","",_xlfn.TRANSLATE(D33,"vi","ja")) | F33: =IF(D33="","",_xlfn.TRANSLATE(D33,"vi","zh-Hans")) | H33: =IF(G33="","",_xlfn.TRANSLATE(G33,"vi","ja")) | I33: =IF(G33="","",_xlfn.TRANSLATE(G33,"vi","zh-Hans")) | K33: =IF(J33="","",_xlfn.TRANSLATE(J33,"vi","ja")) | L33: =IF(J33="","",_xlfn.TRANSLATE(J33,"vi","zh-Hans")) | Q33: =IF(P33="","",_xlfn.TRANSLATE(P33,"vi","ja")) | R33: =IF(P33="","",_xlfn.TRANSLATE(P33,"vi","zh-Hans")) | X33: =IF(W33="","",_xlfn.TRANSLATE(W33,"vi","ja")) | Y33: =IF(W33="","",_xlfn.TRANSLATE(W33,"vi","zh-Hans"))
E34: =IF(D34="","",_xlfn.TRANSLATE(D34,"vi","ja")) | F34: =IF(D34="","",_xlfn.TRANSLATE(D34,"vi","zh-Hans")) | H34: =IF(G34="","",_xlfn.TRANSLATE(G34,"vi","ja")) | I34: =IF(G34="","",_xlfn.TRANSLATE(G34,"vi","zh-Hans")) | K34: =IF(J34="","",_xlfn.TRANSLATE(J34,"vi","ja")) | L34: =IF(J34="","",_xlfn.TRANSLATE(J34,"vi","zh-Hans")) | Q34: =IF(P34="","",_xlfn.TRANSLATE(P34,"vi","ja")) | R34: =IF(P34="","",_xlfn.TRANSLATE(P34,"vi","zh-Hans")) | X34: =IF(W34="","",_xlfn.TRANSLATE(W34,"vi","ja")) | Y34: =IF(W34="","",_xlfn.TRANSLATE(W34,"vi","zh-Hans"))
E35: =IF(D35="","",_xlfn.TRANSLATE(D35,"vi","ja")) | F35: =IF(D35="","",_xlfn.TRANSLATE(D35,"vi","zh-Hans")) | H35: =IF(G35="","",_xlfn.TRANSLATE(G35,"vi","ja")) | I35: =IF(G35="","",_xlfn.TRANSLATE(G35,"vi","zh-Hans")) | K35: =IF(J35="","",_xlfn.TRANSLATE(J35,"vi","ja")) | L35: =IF(J35="","",_xlfn.TRANSLATE(J35,"vi","zh-Hans")) | Q35: =IF(P35="","",_xlfn.TRANSLATE(P35,"vi","ja")) | R35: =IF(P35="","",_xlfn.TRANSLATE(P35,"vi","zh-Hans")) | X35: =IF(W35="","",_xlfn.TRANSLATE(W35,"vi","ja")) | Y35: =IF(W35="","",_xlfn.TRANSLATE(W35,"vi","zh-Hans"))
E36: =IF(D36="","",_xlfn.TRANSLATE(D36,"vi","ja")) | F36: =IF(D36="","",_xlfn.TRANSLATE(D36,"vi","zh-Hans")) | H36: =IF(G36="","",_xlfn.TRANSLATE(G36,"vi","ja")) | I36: =IF(G36="","",_xlfn.TRANSLATE(G36,"vi","zh-Hans")) | K36: =IF(J36="","",_xlfn.TRANSLATE(J36,"vi","ja")) | L36: =IF(J36="","",_xlfn.TRANSLATE(J36,"vi","zh-Hans")) | Q36: =IF(P36="","",_xlfn.TRANSLATE(P36,"vi","ja")) | R36: =IF(P36="","",_xlfn.TRANSLATE(P36,"vi","zh-Hans")) | X36: =IF(W36="","",_xlfn.TRANSLATE(W36,"vi","ja")) | Y36: =IF(W36="","",_xlfn.TRANSLATE(W36,"vi","zh-Hans"))
... E204: =IF(D204="","",_xlfn.TRANSLATE(D204,"vi","ja")) | F204: =IF(D204="","",_xlfn.TRANSLATE(D204,"vi","zh-Hans")) | H204: =IF(G204="","",_xlfn.TRANSLATE(G204,"vi","ja")) | I204: =IF(G204="","",_xlfn.TRANSLATE(G204,"vi","zh-Hans")) | K204: =IF(J204="","",_xlfn.TRANSLATE(J204,"vi","ja")) | L204: =IF(J204="","",_xlfn.TRANSLATE(J204,"vi","zh-Hans")) | Q204: =IF(P204="","",_xlfn.TRANSLATE(P204,"vi","ja")) | R204: =IF(P204="","",_xlfn.TRANSLATE(P204,"vi","zh-Hans")) | X204: =IF(W204="","",_xlfn.TRANSLATE(W204,"vi","ja")) | Y204: =IF(W204="","",_xlfn.TRANSLATE(W204,"vi","zh-Hans"))

Sheet 06_KPI
A1: =INDEX(_翻訳マスタ!$B$117:$D$247,MATCH("KPI_TITLE",_翻訳マスタ!$A$117:$A$247,0),MATCH(言語切替!$B$3,_翻訳マスタ!$B$1:$D$1,0)) -> Quản lý KPI
A2: =INDEX(_翻訳マスタ!$B$117:$D$247,MATCH("KPI_DESC",_翻訳マスタ!$A$117:$A$247,0),MATCH(言語切替!$B$3,_翻訳マスタ!$B$1:$D$1,0)) -> KPI được quản lý theo thứ tự: 'Thiết lập nền tảng → Vận hành ổn định → Kết quả nghiệp vụ → Kết quả đầu tư'. Cập nhật giá trị cơ sở và mục tiêu theo kết quả kiểm chứng.
A3: =INDEX(_翻訳マスタ!$B$2:$D$300,MATCH("PARA_HOWTO",_翻訳マスタ!$A$2:$A$300,0),MATCH(言語切替!$B$3,_翻訳マスタ!$B$1:$D$1,0)) -> Cách dùng: Nhập tiếng mẹ đẻ → đọc cột khác → ô trống không dịch → dưới 3000 ký tự
A4: =INDEX(_翻訳マスタ!$B$117:$D$247,MATCH("KPI_COL_ID",_翻訳マスタ!$A$117:$A$247,0),MATCH(言語切替!$B$3,_翻訳マスタ!$B$1:$D$1,0)) -> Mã KPI | B4: =INDEX(_翻訳マスタ!$B$117:$D$247,MATCH("KPI_COL_WG",_翻訳マスタ!$A$117:$A$247,0),MATCH(言語切替!$B$3,_翻訳マスタ!$B$1:$D$1,0)) -> WG | C4: =INDEX(_翻訳マスタ!$B$117:$D$247,MATCH("KPI_COL_LEVEL",_翻訳マスタ!$A$117:$A$247,0),MATCH(言語切替!$B$3,_翻訳マスタ!$B$1:$D$1,0)) -> Cấp độ | D4: =INDEX(_翻訳マスタ!$B$2:$D$300,MATCH("KPI_COL_NAME",_翻訳マスタ!$A$2:$A$300,0),MATCH(言語切替!$B$3,_翻訳マスタ!$B$1:$D$1,0))&INDEX(_翻訳マスタ!$B$2:$D$300,MATCH("NEW_VI_SUFFIX",_翻訳マスタ!$A$2:$A$300,0),MATCH(言語切替!$B$3,_翻訳マスタ!$B$1:$D$1,0)) -> Tên KPI (VI) | E4: =INDEX(_翻訳マスタ!$B$2:$D$300,MATCH("KPI_COL_NAME",_翻訳マスタ!$A$2:$A$300,0),MATCH(言語切替!$B$3,_翻訳マスタ!$B$1:$D$1,0))&INDEX(_翻訳マスタ!$B$2:$D$300,MATCH("NEW_JP_SUFFIX",_翻訳マスタ!$A$2:$A$300,0),MATCH(言語切替!$B$3,_翻訳マスタ!$B$1:$D$1,0)) -> Tên KPI (JP) | F4: =INDEX(_翻訳マスタ!$B$2:$D$300,MATCH("KPI_COL_NAME",_翻訳マスタ!$A$2:$A$300,0),MATCH(言語切替!$B$3,_翻訳マスタ!$B$1:$D$1,0))&INDEX(_翻訳マスタ!$B$2:$D$300,MATCH("NEW_CN_SUFFIX",_翻訳マスタ!$A$2:$A$300,0),MATCH(言語切替!$B$3,_翻訳マスタ!$B$1:$D$1,0)) -> Tên KPI (CN) | G4: =INDEX(_翻訳マスタ!$B$2:$D$300,MATCH("KPI_COL_PURPOSE",_翻訳マスタ!$A$2:$A$300,0),MATCH(言語切替!$B$3,_翻訳マスタ!$B$1:$D$1,0))&INDEX(_翻訳マスタ!$B$2:$D$300,MATCH("NEW_VI_SUFFIX",_翻訳マスタ!$A$2:$A$300,0),MATCH(言語切替!$B$3,_翻訳マスタ!$B$1:$D$1,0)) -> Mục đích (VI) | H4: =INDEX(_翻訳マスタ!$B$2:$D$300,MATCH("KPI_COL_PURPOSE",_翻訳マスタ!$A$2:$A$300,0),MATCH(言語切替!$B$3,_翻訳マスタ!$B$1:$D$1,0))&INDEX(_翻訳マスタ!$B$2:$D$300,MATCH("NEW_JP_SUFFIX",_翻訳マスタ!$A$2:$A$300,0),MATCH(言語切替!$B$3,_翻訳マスタ!$B$1:$D$1,0)) -> Mục đích (JP) | I4: =INDEX(_翻訳マスタ!$B$2:$D$300,MATCH("KPI_COL_PURPOSE",_翻訳マスタ!$A$2:$A$300,0),MATCH(言語切替!$B$3,_翻訳マスタ!$B$1:$D$1,0))&INDEX(_翻訳マスタ!$B$2:$D$300,MATCH("NEW_CN_SUFFIX",_翻訳マスタ!$A$2:$A$300,0),MATCH(言語切替!$B$3,_翻訳マスタ!$B$1:$D$1,0)) -> Mục đích (CN) | J4: =INDEX(_翻訳マスタ!$B$2:$D$300,MATCH("KPI_COL_FORMULA",_翻訳マスタ!$A$2:$A$300,0),MATCH(言語切替!$B$3,_翻訳マスタ!$B$1:$D$1,0))&INDEX(_翻訳マスタ!$B$2:$D$300,MATCH("NEW_VI_SUFFIX",_翻訳マスタ!$A$2:$A$300,0),MATCH(言語切替!$B$3,_翻訳マスタ!$B$1:$D$1,0)) -> Định nghĩa / Công thức (VI) | K4: =INDEX(_翻訳マスタ!$B$2:$D$300,MATCH("KPI_COL_FORMULA",_翻訳マスタ!$A$2:$A$300,0),MATCH(言語切替!$B$3,_翻訳マスタ!$B$1:$D$1,0))&INDEX(_翻訳マスタ!$B$2:$D$300,MATCH("NEW_JP_SUFFIX",_翻訳マスタ!$A$2:$A$300,0),MATCH(言語切替!$B$3,_翻訳マスタ!$B$1:$D$1,0)) -> Định nghĩa / Công thức (JP) | L4: =INDEX(_翻訳マスタ!$B$2:$D$300,MATCH("KPI_COL_FORMULA",_翻訳マスタ!$A$2:$A$300,0),MATCH(言語切替!$B$3,_翻訳マスタ!$B$1:$D$1,0))&INDEX(_翻訳マスタ!$B$2:$D$300,MATCH("NEW_CN_SUFFIX",_翻訳マスタ!$A$2:$A$300,0),MATCH(言語切替!$B$3,_翻訳マスタ!$B$1:$D$1,0)) -> Định nghĩa / Công thức (CN) | M4: =INDEX(_翻訳マスタ!$B$117:$D$247,MATCH("KPI_COL_UNIT",_翻訳マスタ!$A$117:$A$247,0),MATCH(言語切替!$B$3,_翻訳マスタ!$B$1:$D$1,0)) -> Đơn vị tính | N4: =INDEX(_翻訳マスタ!$B$117:$D$247,MATCH("KPI_COL_FREQ",_翻訳マスタ!$A$117:$A$247,0),MATCH(言語切替!$B$3,_翻訳マスタ!$B$1:$D$1,0)) -> Tần suất đo lường | O4: =INDEX(_翻訳マスタ!$B$117:$D$247,MATCH("KPI_COL_SOURCE",_翻訳マスタ!$A$117:$A$247,0),MATCH(言語切替!$B$3,_翻訳マスタ!$B$1:$D$1,0)) -> Nguồn dữ liệu | P4: =INDEX(_翻訳マスタ!$B$117:$D$247,MATCH("KPI_COL_OWNER",_翻訳マスタ!$A$117:$A$247,0),MATCH(言語切替!$B$3,_翻訳マスタ!$B$1:$D$1,0)) -> Người phụ trách | Q4: =INDEX(_翻訳マスタ!$B$117:$D$247,MATCH("KPI_COL_BASE",_翻訳マスタ!$A$117:$A$247,0),MATCH(言語切替!$B$3,_翻訳マスタ!$B$1:$D$1,0)) -> Giá trị cơ sở | R4: =INDEX(_翻訳マスタ!$B$117:$D$247,MATCH("KPI_COL_TARGET",_翻訳マスタ!$A$117:$A$247,0),MATCH(言語切替!$B$3,_翻訳マスタ!$B$1:$D$1,0)) -> Giá trị mục tiêu | S4: =INDEX(_翻訳マスタ!$B$117:$D$247,MATCH("KPI_COL_ACTUAL",_翻訳マスタ!$A$117:$A$247,0),MATCH(言語切替!$B$3,_翻訳マスタ!$B$1:$D$1,0)) -> Giá trị thực tế | T4: =INDEX(_翻訳マスタ!$B$117:$D$247,MATCH("KPI_COL_RATE",_翻訳マスタ!$A$117:$A$247,0),MATCH(言語切替!$B$3,_翻訳マスタ!$B$1:$D$1,0)) -> Tỷ lệ đạt | U4: =INDEX(_翻訳マスタ!$B$117:$D$247,MATCH("KPI_COL_JUDGE",_翻訳マスタ!$A$117:$A$247,0),MATCH(言語切替!$B$3,_翻訳マスタ!$B$1:$D$1,0)) -> Đánh giá | V4: =INDEX(_翻訳マスタ!$B$117:$D$247,MATCH("KPI_COL_DATE",_翻訳マスタ!$A$117:$A$247,0),MATCH(言語切替!$B$3,_翻訳マスタ!$B$1:$D$1,0)) -> Ngày đo | W4: =INDEX(_翻訳マスタ!$B$2:$D$300,MATCH("KPI_COL_ACTION",_翻訳マスタ!$A$2:$A$300,0),MATCH(言語切替!$B$3,_翻訳マスタ!$B$1:$D$1,0))&INDEX(_翻訳マスタ!$B$2:$D$300,MATCH("NEW_VI_SUFFIX",_翻訳マスタ!$A$2:$A$300,0),MATCH(言語切替!$B$3,_翻訳マスタ!$B$1:$D$1,0)) -> Hành động tiếp theo (VI) | X4: =INDEX(_翻訳マスタ!$B$2:$D$300,MATCH("KPI_COL_ACTION",_翻訳マスタ!$A$2:$A$300,0),MATCH(言語切替!$B$3,_翻訳マスタ!$B$1:$D$1,0))&INDEX(_翻訳マスタ!$B$2:$D$300,MATCH("NEW_JP_SUFFIX",_翻訳マスタ!$A$2:$A$300,0),MATCH(言語切替!$B$3,_翻訳マスタ!$B$1:$D$1,0)) -> Hành động tiếp theo (JP) | Y4: =INDEX(_翻訳マスタ!$B$2:$D$300,MATCH("KPI_COL_ACTION",_翻訳マスタ!$A$2:$A$300,0),MATCH(言語切替!$B$3,_翻訳マスタ!$B$1:$D$1,0))&INDEX(_翻訳マスタ!$B$2:$D$300,MATCH("NEW_CN_SUFFIX",_翻訳マスタ!$A$2:$A$300,0),MATCH(言語切替!$B$3,_翻訳マスタ!$B$1:$D$1,0)) -> Hành động tiếp theo (CN) | Z4: =INDEX(_翻訳マスタ!$B$2:$D$300,MATCH("KPI_COL_NOTE",_翻訳マスタ!$A$2:$A$300,0),MATCH(言語切替!$B$3,_翻訳マスタ!$B$1:$D$1,0))&INDEX(_翻訳マスタ!$B$2:$D$300,MATCH("NEW_VI_SUFFIX",_翻訳マスタ!$A$2:$A$300,0),MATCH(言語切替!$B$3,_翻訳マスタ!$B$1:$D$1,0)) -> Ghi chú (VI) | AA4: =INDEX(_翻訳マスタ!$B$2:$D$300,MATCH("KPI_COL_NOTE",_翻訳マスタ!$A$2:$A$300,0),MATCH(言語切替!$B$3,_翻訳マスタ!$B$1:$D$1,0))&INDEX(_翻訳マスタ!$B$2:$D$300,MATCH("NEW_JP_SUFFIX",_翻訳マスタ!$A$2:$A$300,0),MATCH(言語切替!$B$3,_翻訳マスタ!$B$1:$D$1,0)) -> Ghi chú (JP) | AB4: =INDEX(_翻訳マスタ!$B$2:$D$300,MATCH("KPI_COL_NOTE",_翻訳マスタ!$A$2:$A$300,0),MATCH(言語切替!$B$3,_翻訳マスタ!$B$1:$D$1,0))&INDEX(_翻訳マスタ!$B$2:$D$300,MATCH("NEW_CN_SUFFIX",_翻訳マスタ!$A$2:$A$300,0),MATCH(言語切替!$B$3,_翻訳マスタ!$B$1:$D$1,0)) -> Ghi chú (CN)
A5: KPI-001 | B5: ='02_マスタ'!$A$9 -> WG-4 | C5: ='02_マスタ'!$K$5 -> Thiết lập nền tảng | D5: =INDEX(_翻訳マスタ!$D$2:$D$300,MATCH("KPI_EX1_NAME",_翻訳マスタ!$A$2:$A$300,0)) -> Tỷ lệ hoàn thiện BOP | E5: =IF(D5="","",_xlfn.TRANSLATE(D5,"","ja")) -> #VALUE! | F5: =IF(D5="","",_xlfn.TRANSLATE(D5,"","zh-Hans")) -> #VALUE! | G5: =INDEX(_翻訳マスタ!$D$2:$D$300,MATCH("KPI_EX1_PURPOSE",_翻訳マスタ!$A$2:$A$300,0)) -> Thiết lập nền tảng chỉ dẫn công việc | H5: =IF(G5="","",_xlfn.TRANSLATE(G5,"","ja")) -> #VALUE! | I5: =IF(G5="","",_xlfn.TRANSLATE(G5,"","zh-Hans")) -> #VALUE! | J5: =INDEX(_翻訳マスタ!$D$2:$D$300,MATCH("KPI_EX1_FORMULA",_翻訳マスタ!$A$2:$A$300,0)) -> Số BOP hợp lệ ÷ Số linh kiện mục tiêu | K5: =IF(J5="","",_xlfn.TRANSLATE(J5,"","ja")) -> #VALUE! | L5: =IF(J5="","",_xlfn.TRANSLATE(J5,"","zh-Hans")) -> #VALUE! | M5: % | N5: =INDEX(_翻訳マスタ!$B$117:$D$247,MATCH("KPI_FREQ_MONTH",_翻訳マスタ!$A$117:$A$247,0),MATCH(言語切替!$B$3,_翻訳マスタ!$B$1:$D$1,0)) -> Hàng tháng | O5: PLM | P5: WG Leader | T5: =IF(OR(R5="",S5=""),"",IF(R5=0,"",S5/R5)) | U5: =IF(A5="","",IF(T5="",INDEX(_翻訳マスタ!$B$89:$D$89,1,MATCH(言語切替!$B$3,_翻訳マスタ!$B$1:$D$1,0)),IF(T5>=1,INDEX(_翻訳マスタ!$B$93:$D$93,1,MATCH(言語切替!$B$3,_翻訳マスタ!$B$1:$D$1,0)),IF(T5>=0.8,INDEX(_翻訳マスタ!$B$91:$D$91,1,MATCH(言語切替!$B$3,_翻訳マスタ!$B$1:$D$1,0)),INDEX(_翻訳マスタ!$B$94:$D$94,1,MATCH(言語切替!$B$3,_翻訳マスタ!$B$1:$D$1,0)))))) -> Chưa thiết lập | W5: =INDEX(_翻訳マスタ!$D$2:$D$300,MATCH("KPI_EX1_ACTION",_翻訳マスタ!$A$2:$A$300,0)) -> Xác định định nghĩa và phạm vi mục tiêu | X5: =IF(W5="","",_xlfn.TRANSLATE(W5,"","ja")) -> #VALUE! | Y5: =IF(W5="","",_xlfn.TRANSLATE(W5,"","zh-Hans")) -> #VALUE! | Z5: =INDEX(_翻訳マスタ!$D$2:$D$300,MATCH("COMMON_EXAMPLE",_翻訳マスタ!$A$2:$A$300,0)) -> Ví dụ nhập liệu | AA5: =IF(Z5="","",_xlfn.TRANSLATE(Z5,"","ja")) -> #VALUE! | AB5: =IF(Z5="","",_xlfn.TRANSLATE(Z5,"","zh-Hans")) -> #VALUE!
A6: KPI-002 | B6: ='02_マスタ'!$A$10 -> WG-5 | C6: ='02_マスタ'!$K$6 -> Vận hành ổn định | D6: =INDEX(_翻訳マスタ!$D$2:$D$300,MATCH("KPI_EX2_NAME",_翻訳マスタ!$A$2:$A$300,0)) -> Tỷ lệ chỉnh sửa thủ công | E6: =IF(D6="","",_xlfn.TRANSLATE(D6,"","ja")) -> #VALUE! | F6: =IF(D6="","",_xlfn.TRANSLATE(D6,"","zh-Hans")) -> #VALUE! | G6: =INDEX(_翻訳マスタ!$D$2:$D$300,MATCH("KPI_EX2_PURPOSE",_翻訳マスタ!$A$2:$A$300,0)) -> Xác nhận độ ổn định vận hành | H6: =IF(G6="","",_xlfn.TRANSLATE(G6,"","ja")) -> #VALUE! | I6: =IF(G6="","",_xlfn.TRANSLATE(G6,"","zh-Hans")) -> #VALUE! | J6: =INDEX(_翻訳マスタ!$D$2:$D$300,MATCH("KPI_EX2_FORMULA",_翻訳マスタ!$A$2:$A$300,0)) -> Số lượt chỉnh sửa thủ công ÷ Tổng số lượt thực hiện | K6: =IF(J6="","",_xlfn.TRANSLATE(J6,"","ja")) -> #VALUE! | L6: =IF(J6="","",_xlfn.TRANSLATE(J6,"","zh-Hans")) -> #VALUE! | M6: % | N6: =INDEX(_翻訳マスタ!$B$117:$D$247,MATCH("KPI_FREQ_MONTH",_翻訳マスタ!$A$117:$A$247,0),MATCH(言語切替!$B$3,_翻訳マスタ!$B$1:$D$1,0)) -> Hàng tháng | O6: MOM | P6: WG Leader | T6: =IF(OR(R6="",S6=""),"",IF(R6=0,"",S6/R6)) | U6: =IF(A6="","",IF(T6="",INDEX(_翻訳マスタ!$B$89:$D$89,1,MATCH(言語切替!$B$3,_翻訳マスタ!$B$1:$D$1,0)),IF(T6>=1,INDEX(_翻訳マスタ!$B$93:$D$93,1,MATCH(言語切替!$B$3,_翻訳マスタ!$B$1:$D$1,0)),IF(T6>=0.8,INDEX(_翻訳マスタ!$B$91:$D$91,1,MATCH(言語切替!$B$3,_翻訳マスタ!$B$1:$D$1,0)),INDEX(_翻訳マスタ!$B$94:$D$94,1,MATCH(言語切替!$B$3,_翻訳マスタ!$B$1:$D$1,0)))))) -> Chưa thiết lập | W6: =INDEX(_翻訳マスタ!$D$2:$D$300,MATCH("KPI_EX2_ACTION",_翻訳マスタ!$A$2:$A$300,0)) -> Xác định phương pháp đo lường | X6: =IF(W6="","",_xlfn.TRANSLATE(W6,"","ja")) -> #VALUE! | Y6: =IF(W6="","",_xlfn.TRANSLATE(W6,"","zh-Hans")) -> #VALUE! | Z6: =INDEX(_翻訳マスタ!$D$2:$D$300,MATCH("COMMON_EXAMPLE",_翻訳マスタ!$A$2:$A$300,0)) -> Ví dụ nhập liệu | AA6: =IF(Z6="","",_xlfn.TRANSLATE(Z6,"","ja")) -> #VALUE! | AB6: =IF(Z6="","",_xlfn.TRANSLATE(Z6,"","zh-Hans")) -> #VALUE!
A7: KPI-003 | B7: ='02_マスタ'!$A$12 -> WG-7 | C7: ='02_マスタ'!$K$7 -> Kết quả nghiệp vụ | D7: =INDEX(_翻訳マスタ!$D$2:$D$300,MATCH("KPI_EX3_NAME",_翻訳マスタ!$A$2:$A$300,0)) -> Thời gian chuẩn bị giao hàng (LT) | E7: =IF(D7="","",_xlfn.TRANSLATE(D7,"","ja")) -> #VALUE! | F7: =IF(D7="","",_xlfn.TRANSLATE(D7,"","zh-Hans")) -> #VALUE! | G7: =INDEX(_翻訳マスタ!$D$2:$D$300,MATCH("KPI_EX3_PURPOSE",_翻訳マスタ!$A$2:$A$300,0)) -> Cải thiện hiệu quả nghiệp vụ giao hàng | H7: =IF(G7="","",_xlfn.TRANSLATE(G7,"","ja")) -> #VALUE! | I7: =IF(G7="","",_xlfn.TRANSLATE(G7,"","zh-Hans")) -> #VALUE! | J7: =INDEX(_翻訳マスタ!$D$2:$D$300,MATCH("KPI_EX3_FORMULA",_翻訳マスタ!$A$2:$A$300,0)) -> Trung vị thời gian từ khi hoàn thành đến khi xuất hàng | K7: =IF(J7="","",_xlfn.TRANSLATE(J7,"","ja")) -> #VALUE! | L7: =IF(J7="","",_xlfn.TRANSLATE(J7,"","zh-Hans")) -> #VALUE! | M7: =INDEX(_翻訳マスタ!$B$117:$D$247,MATCH("KPI_UNIT_TIME",_翻訳マスタ!$A$117:$A$247,0),MATCH(言語切替!$B$3,_翻訳マスタ!$B$1:$D$1,0)) -> Giờ | N7: =INDEX(_翻訳マスタ!$B$117:$D$247,MATCH("KPI_FREQ_MONTH",_翻訳マスタ!$A$117:$A$247,0),MATCH(言語切替!$B$3,_翻訳マスタ!$B$1:$D$1,0)) -> Hàng tháng | O7: =INDEX(_翻訳マスタ!$B$117:$D$247,MATCH("KPI_SRC_ACTUAL",_翻訳マスタ!$A$117:$A$247,0),MATCH(言語切替!$B$3,_翻訳マスタ!$B$1:$D$1,0)) -> Thực tế hiện trường | P7: WG Leader | T7: =IF(OR(R7="",S7=""),"",IF(R7=0,"",S7/R7)) | U7: =IF(A7="","",IF(T7="",INDEX(_翻訳マスタ!$B$89:$D$89,1,MATCH(言語切替!$B$3,_翻訳マスタ!$B$1:$D$1,0)),IF(T7>=1,INDEX(_翻訳マスタ!$B$93:$D$93,1,MATCH(言語切替!$B$3,_翻訳マスタ!$B$1:$D$1,0)),IF(T7>=0.8,INDEX(_翻訳マスタ!$B$91:$D$91,1,MATCH(言語切替!$B$3,_翻訳マスタ!$B$1:$D$1,0)),INDEX(_翻訳マスタ!$B$94:$D$94,1,MATCH(言語切替!$B$3,_翻訳マスタ!$B$1:$D$1,0)))))) -> Chưa thiết lập | W7: =INDEX(_翻訳マスタ!$D$2:$D$300,MATCH("KPI_EX3_ACTION",_翻訳マスタ!$A$2:$A$300,0)) -> Thu thập giá trị hiện tại | X7: =IF(W7="","",_xlfn.TRANSLATE(W7,"","ja")) -> #VALUE! | Y7: =IF(W7="","",_xlfn.TRANSLATE(W7,"","zh-Hans")) -> #VALUE! | Z7: =INDEX(_翻訳マスタ!$D$2:$D$300,MATCH("COMMON_EXAMPLE",_翻訳マスタ!$A$2:$A$300,0)) -> Ví dụ nhập liệu | AA7: =IF(Z7="","",_xlfn.TRANSLATE(Z7,"","ja")) -> #VALUE! | AB7: =IF(Z7="","",_xlfn.TRANSLATE(Z7,"","zh-Hans")) -> #VALUE!
A8: KPI-004 | B8: ='02_マスタ'!$A$5 -> Toàn bộ | C8: ='02_マスタ'!$K$8 -> Kết quả đầu tư | D8: =INDEX(_翻訳マスタ!$D$2:$D$300,MATCH("KPI_EX4_NAME",_翻訳マスタ!$A$2:$A$300,0)) -> Giá trị hiệu quả ròng hàng năm | E8: =IF(D8="","",_xlfn.TRANSLATE(D8,"","ja")) -> #VALUE! | F8: =IF(D8="","",_xlfn.TRANSLATE(D8,"","zh-Hans")) -> #VALUE! | G8: =INDEX(_翻訳マスタ!$D$2:$D$300,MATCH("KPI_EX4_PURPOSE",_翻訳マスタ!$A$2:$A$300,0)) -> Đánh giá quyết định đầu tư | H8: =IF(G8="","",_xlfn.TRANSLATE(G8,"","ja")) -> #VALUE! | I8: =IF(G8="","",_xlfn.TRANSLATE(G8,"","zh-Hans")) -> #VALUE! | J8: =INDEX(_翻訳マスタ!$D$2:$D$300,MATCH("KPI_EX4_FORMULA",_翻訳マスタ!$A$2:$A$300,0)) -> Hiệu quả nhân công + chất lượng + tồn kho + tránh dừng máy - chi phí duy trì hàng năm | K8: =IF(J8="","",_xlfn.TRANSLATE(J8,"","ja")) -> #VALUE! | L8: =IF(J8="","",_xlfn.TRANSLATE(J8,"","zh-Hans")) -> #VALUE! | M8: =INDEX(_翻訳マスタ!$B$117:$D$247,MATCH("KPI_UNIT_MONEY",_翻訳マスタ!$A$117:$A$247,0),MATCH(言語切替!$B$3,_翻訳マスタ!$B$1:$D$1,0)) -> Số tiền | N8: =INDEX(_翻訳マスタ!$B$117:$D$247,MATCH("KPI_FREQ_QUARTER",_翻訳マスタ!$A$117:$A$247,0),MATCH(言語切替!$B$3,_翻訳マスタ!$B$1:$D$1,0)) -> Hàng quý | O8: =INDEX(_翻訳マスタ!$B$117:$D$247,MATCH("KPI_SRC_WG_SUM",_翻訳マスタ!$A$117:$A$247,0),MATCH(言語切替!$B$3,_翻訳マスタ!$B$1:$D$1,0)) -> Tổng hợp từ các WG | P8: =INDEX(_翻訳マスタ!$B$117:$D$247,MATCH("ROLE_PMO",_翻訳マスタ!$A$117:$A$247,0),MATCH(言語切替!$B$3,_翻訳マスタ!$B$1:$D$1,0)) -> Ban điều hành | T8: =IF(OR(R8="",S8=""),"",IF(R8=0,"",S8/R8)) | U8: =IF(A8="","",IF(T8="",INDEX(_翻訳マスタ!$B$89:$D$89,1,MATCH(言語切替!$B$3,_翻訳マスタ!$B$1:$D$1,0)),IF(T8>=1,INDEX(_翻訳マスタ!$B$93:$D$93,1,MATCH(言語切替!$B$3,_翻訳マスタ!$B$1:$D$1,0)),IF(T8>=0.8,INDEX(_翻訳マスタ!$B$91:$D$91,1,MATCH(言語切替!$B$3,_翻訳マスタ!$B$1:$D$1,0)),INDEX(_翻訳マスタ!$B$94:$D$94,1,MATCH(言語切替!$B$3,_翻訳マスタ!$B$1:$D$1,0)))))) -> Chưa thiết lập | W8: =INDEX(_翻訳マスタ!$D$2:$D$300,MATCH("KPI_EX4_ACTION",_翻訳マスタ!$A$2:$A$300,0)) -> Xác định quy tắc tính toán | X8: =IF(W8="","",_xlfn.TRANSLATE(W8,"","ja")) -> #VALUE! | Y8: =IF(W8="","",_xlfn.TRANSLATE(W8,"","zh-Hans")) -> #VALUE! | Z8: =INDEX(_翻訳マスタ!$D$2:$D$300,MATCH("COMMON_EXAMPLE",_翻訳マスタ!$A$2:$A$300,0)) -> Ví dụ nhập liệu | AA8: =IF(Z8="","",_xlfn.TRANSLATE(Z8,"","ja")) -> #VALUE! | AB8: =IF(Z8="","",_xlfn.TRANSLATE(Z8,"","zh-Hans")) -> #VALUE!
E9: =IF(D9="","",_xlfn.TRANSLATE(D9,"","ja")) | F9: =IF(D9="","",_xlfn.TRANSLATE(D9,"","zh-Hans")) | G9: tôi tên là | H9: =IF(G9="","",_xlfn.TRANSLATE(G9,"","ja")) -> #VALUE! | I9: =IF(G9="","",_xlfn.TRANSLATE(G9,"","zh-Hans")) -> #VALUE! | K9: =IF(J9="","",_xlfn.TRANSLATE(J9,"","ja")) | L9: =IF(J9="","",_xlfn.TRANSLATE(J9,"","zh-Hans")) | T9: =IF(OR(R9="",S9=""),"",IF(R9=0,"",S9/R9)) | U9: =IF(A9="","",IF(T9="",INDEX(_翻訳マスタ!$B$89:$D$89,1,MATCH(言語切替!$B$3,_翻訳マスタ!$B$1:$D$1,0)),IF(T9>=1,INDEX(_翻訳マスタ!$B$93:$D$93,1,MATCH(言語切替!$B$3,_翻訳マスタ!$B$1:$D$1,0)),IF(T9>=0.8,INDEX(_翻訳マスタ!$B$91:$D$91,1,MATCH(言語切替!$B$3,_翻訳マスタ!$B$1:$D$1,0)),INDEX(_翻訳マスタ!$B$94:$D$94,1,MATCH(言語切替!$B$3,_翻訳マスタ!$B$1:$D$1,0)))))) | X9: =IF(W9="","",_xlfn.TRANSLATE(W9,"","ja")) | Y9: =IF(W9="","",_xlfn.TRANSLATE(W9,"","zh-Hans")) | AA9: =IF(Z9="","",_xlfn.TRANSLATE(Z9,"","ja")) | AB9: =IF(Z9="","",_xlfn.TRANSLATE(Z9,"","zh-Hans"))
E10: =IF(D10="","",_xlfn.TRANSLATE(D10,"","ja")) | F10: =IF(D10="","",_xlfn.TRANSLATE(D10,"","zh-Hans")) | H10: =IF(G10="","",_xlfn.TRANSLATE(G10,"","ja")) | I10: =IF(G10="","",_xlfn.TRANSLATE(G10,"","zh-Hans")) | K10: =IF(J10="","",_xlfn.TRANSLATE(J10,"","ja")) | L10: =IF(J10="","",_xlfn.TRANSLATE(J10,"","zh-Hans")) | T10: =IF(OR(R10="",S10=""),"",IF(R10=0,"",S10/R10)) | U10: =IF(A10="","",IF(T10="",INDEX(_翻訳マスタ!$B$89:$D$89,1,MATCH(言語切替!$B$3,_翻訳マスタ!$B$1:$D$1,0)),IF(T10>=1,INDEX(_翻訳マスタ!$B$93:$D$93,1,MATCH(言語切替!$B$3,_翻訳マスタ!$B$1:$D$1,0)),IF(T10>=0.8,INDEX(_翻訳マスタ!$B$91:$D$91,1,MATCH(言語切替!$B$3,_翻訳マスタ!$B$1:$D$1,0)),INDEX(_翻訳マスタ!$B$94:$D$94,1,MATCH(言語切替!$B$3,_翻訳マスタ!$B$1:$D$1,0)))))) | X10: =IF(W10="","",_xlfn.TRANSLATE(W10,"","ja")) | Y10: =IF(W10="","",_xlfn.TRANSLATE(W10,"","zh-Hans")) | AA10: =IF(Z10="","",_xlfn.TRANSLATE(Z10,"","ja")) | AB10: =IF(Z10="","",_xlfn.TRANSLATE(Z10,"","zh-Hans"))
E11: =IF(D11="","",_xlfn.TRANSLATE(D11,"","ja")) | F11: =IF(D11="","",_xlfn.TRANSLATE(D11,"","zh-Hans")) | H11: =IF(G11="","",_xlfn.TRANSLATE(G11,"","ja")) | I11: =IF(G11="","",_xlfn.TRANSLATE(G11,"","zh-Hans")) | K11: =IF(J11="","",_xlfn.TRANSLATE(J11,"","ja")) | L11: =IF(J11="","",_xlfn.TRANSLATE(J11,"","zh-Hans")) | T11: =IF(OR(R11="",S11=""),"",IF(R11=0,"",S11/R11)) | U11: =IF(A11="","",IF(T11="",INDEX(_翻訳マスタ!$B$89:$D$89,1,MATCH(言語切替!$B$3,_翻訳マスタ!$B$1:$D$1,0)),IF(T11>=1,INDEX(_翻訳マスタ!$B$93:$D$93,1,MATCH(言語切替!$B$3,_翻訳マスタ!$B$1:$D$1,0)),IF(T11>=0.8,INDEX(_翻訳マスタ!$B$91:$D$91,1,MATCH(言語切替!$B$3,_翻訳マスタ!$B$1:$D$1,0)),INDEX(_翻訳マスタ!$B$94:$D$94,1,MATCH(言語切替!$B$3,_翻訳マスタ!$B$1:$D$1,0)))))) | X11: =IF(W11="","",_xlfn.TRANSLATE(W11,"","ja")) | Y11: =IF(W11="","",_xlfn.TRANSLATE(W11,"","zh-Hans")) | AA11: =IF(Z11="","",_xlfn.TRANSLATE(Z11,"","ja")) | AB11: =IF(Z11="","",_xlfn.TRANSLATE(Z11,"","zh-Hans"))
E12: =IF(D12="","",_xlfn.TRANSLATE(D12,"","ja")) | F12: =IF(D12="","",_xlfn.TRANSLATE(D12,"","zh-Hans")) | H12: =IF(G12="","",_xlfn.TRANSLATE(G12,"","ja")) | I12: =IF(G12="","",_xlfn.TRANSLATE(G12,"","zh-Hans")) | K12: =IF(J12="","",_xlfn.TRANSLATE(J12,"","ja")) | L12: =IF(J12="","",_xlfn.TRANSLATE(J12,"","zh-Hans")) | T12: =IF(OR(R12="",S12=""),"",IF(R12=0,"",S12/R12)) | U12: =IF(A12="","",IF(T12="",INDEX(_翻訳マスタ!$B$89:$D$89,1,MATCH(言語切替!$B$3,_翻訳マスタ!$B$1:$D$1,0)),IF(T12>=1,INDEX(_翻訳マスタ!$B$93:$D$93,1,MATCH(言語切替!$B$3,_翻訳マスタ!$B$1:$D$1,0)),IF(T12>=0.8,INDEX(_翻訳マスタ!$B$91:$D$91,1,MATCH(言語切替!$B$3,_翻訳マスタ!$B$1:$D$1,0)),INDEX(_翻訳マスタ!$B$94:$D$94,1,MATCH(言語切替!$B$3,_翻訳マスタ!$B$1:$D$1,0)))))) | X12: =IF(W12="","",_xlfn.TRANSLATE(W12,"","ja")) | Y12: =IF(W12="","",_xlfn.TRANSLATE(W12,"","zh-Hans")) | AA12: =IF(Z12="","",_xlfn.TRANSLATE(Z12,"","ja")) | AB12: =IF(Z12="","",_xlfn.TRANSLATE(Z12,"","zh-Hans"))
E13: =IF(D13="","",_xlfn.TRANSLATE(D13,"","ja")) | F13: =IF(D13="","",_xlfn.TRANSLATE(D13,"","zh-Hans")) | H13: =IF(G13="","",_xlfn.TRANSLATE(G13,"","ja")) | I13: =IF(G13="","",_xlfn.TRANSLATE(G13,"","zh-Hans")) | K13: =IF(J13="","",_xlfn.TRANSLATE(J13,"","ja")) | L13: =IF(J13="","",_xlfn.TRANSLATE(J13,"","zh-Hans")) | T13: =IF(OR(R13="",S13=""),"",IF(R13=0,"",S13/R13)) | U13: =IF(A13="","",IF(T13="",INDEX(_翻訳マスタ!$B$89:$D$89,1,MATCH(言語切替!$B$3,_翻訳マスタ!$B$1:$D$1,0)),IF(T13>=1,INDEX(_翻訳マスタ!$B$93:$D$93,1,MATCH(言語切替!$B$3,_翻訳マスタ!$B$1:$D$1,0)),IF(T13>=0.8,INDEX(_翻訳マスタ!$B$91:$D$91,1,MATCH(言語切替!$B$3,_翻訳マスタ!$B$1:$D$1,0)),INDEX(_翻訳マスタ!$B$94:$D$94,1,MATCH(言語切替!$B$3,_翻訳マスタ!$B$1:$D$1,0)))))) | X13: =IF(W13="","",_xlfn.TRANSLATE(W13,"","ja")) | Y13: =IF(W13="","",_xlfn.TRANSLATE(W13,"","zh-Hans")) | AA13: =IF(Z13="","",_xlfn.TRANSLATE(Z13,"","ja")) | AB13: =IF(Z13="","",_xlfn.TRANSLATE(Z13,"","zh-Hans"))
E14: =IF(D14="","",_xlfn.TRANSLATE(D14,"","ja")) | F14: =IF(D14="","",_xlfn.TRANSLATE(D14,"","zh-Hans")) | H14: =IF(G14="","",_xlfn.TRANSLATE(G14,"","ja")) | I14: =IF(G14="","",_xlfn.TRANSLATE(G14,"","zh-Hans")) | K14: =IF(J14="","",_xlfn.TRANSLATE(J14,"","ja")) | L14: =IF(J14="","",_xlfn.TRANSLATE(J14,"","zh-Hans")) | T14: =IF(OR(R14="",S14=""),"",IF(R14=0,"",S14/R14)) | U14: =IF(A14="","",IF(T14="",INDEX(_翻訳マスタ!$B$89:$D$89,1,MATCH(言語切替!$B$3,_翻訳マスタ!$B$1:$D$1,0)),IF(T14>=1,INDEX(_翻訳マスタ!$B$93:$D$93,1,MATCH(言語切替!$B$3,_翻訳マスタ!$B$1:$D$1,0)),IF(T14>=0.8,INDEX(_翻訳マスタ!$B$91:$D$91,1,MATCH(言語切替!$B$3,_翻訳マスタ!$B$1:$D$1,0)),INDEX(_翻訳マスタ!$B$94:$D$94,1,MATCH(言語切替!$B$3,_翻訳マスタ!$B$1:$D$1,0)))))) | X14: =IF(W14="","",_xlfn.TRANSLATE(W14,"","ja")) | Y14: =IF(W14="","",_xlfn.TRANSLATE(W14,"","zh-Hans")) | AA14: =IF(Z14="","",_xlfn.TRANSLATE(Z14,"","ja")) | AB14: =IF(Z14="","",_xlfn.TRANSLATE(Z14,"","zh-Hans"))
E15: =IF(D15="","",_xlfn.TRANSLATE(D15,"","ja")) | F15: =IF(D15="","",_xlfn.TRANSLATE(D15,"","zh-Hans")) | H15: =IF(G15="","",_xlfn.TRANSLATE(G15,"","ja")) | I15: =IF(G15="","",_xlfn.TRANSLATE(G15,"","zh-Hans")) | K15: =IF(J15="","",_xlfn.TRANSLATE(J15,"","ja")) | L15: =IF(J15="","",_xlfn.TRANSLATE(J15,"","zh-Hans")) | T15: =IF(OR(R15="",S15=""),"",IF(R15=0,"",S15/R15)) | U15: =IF(A15="","",IF(T15="",INDEX(_翻訳マスタ!$B$89:$D$89,1,MATCH(言語切替!$B$3,_翻訳マスタ!$B$1:$D$1,0)),IF(T15>=1,INDEX(_翻訳マスタ!$B$93:$D$93,1,MATCH(言語切替!$B$3,_翻訳マスタ!$B$1:$D$1,0)),IF(T15>=0.8,INDEX(_翻訳マスタ!$B$91:$D$91,1,MATCH(言語切替!$B$3,_翻訳マスタ!$B$1:$D$1,0)),INDEX(_翻訳マスタ!$B$94:$D$94,1,MATCH(言語切替!$B$3,_翻訳マスタ!$B$1:$D$1,0)))))) | X15: =IF(W15="","",_xlfn.TRANSLATE(W15,"","ja")) | Y15: =IF(W15="","",_xlfn.TRANSLATE(W15,"","zh-Hans")) | AA15: =IF(Z15="","",_xlfn.TRANSLATE(Z15,"","ja")) | AB15: =IF(Z15="","",_xlfn.TRANSLATE(Z15,"","zh-Hans"))
E16: =IF(D16="","",_xlfn.TRANSLATE(D16,"","ja")) | F16: =IF(D16="","",_xlfn.TRANSLATE(D16,"","zh-Hans")) | H16: =IF(G16="","",_xlfn.TRANSLATE(G16,"","ja")) | I16: =IF(G16="","",_xlfn.TRANSLATE(G16,"","zh-Hans")) | K16: =IF(J16="","",_xlfn.TRANSLATE(J16,"","ja")) | L16: =IF(J16="","",_xlfn.TRANSLATE(J16,"","zh-Hans")) | T16: =IF(OR(R16="",S16=""),"",IF(R16=0,"",S16/R16)) | U16: =IF(A16="","",IF(T16="",INDEX(_翻訳マスタ!$B$89:$D$89,1,MATCH(言語切替!$B$3,_翻訳マスタ!$B$1:$D$1,0)),IF(T16>=1,INDEX(_翻訳マスタ!$B$93:$D$93,1,MATCH(言語切替!$B$3,_翻訳マスタ!$B$1:$D$1,0)),IF(T16>=0.8,INDEX(_翻訳マスタ!$B$91:$D$91,1,MATCH(言語切替!$B$3,_翻訳マスタ!$B$1:$D$1,0)),INDEX(_翻訳マスタ!$B$94:$D$94,1,MATCH(言語切替!$B$3,_翻訳マスタ!$B$1:$D$1,0)))))) | X16: =IF(W16="","",_xlfn.TRANSLATE(W16,"","ja")) | Y16: =IF(W16="","",_xlfn.TRANSLATE(W16,"","zh-Hans")) | AA16: =IF(Z16="","",_xlfn.TRANSLATE(Z16,"","ja")) | AB16: =IF(Z16="","",_xlfn.TRANSLATE(Z16,"","zh-Hans"))
E17: =IF(D17="","",_xlfn.TRANSLATE(D17,"","ja")) | F17: =IF(D17="","",_xlfn.TRANSLATE(D17,"","zh-Hans")) | H17: =IF(G17="","",_xlfn.TRANSLATE(G17,"","ja")) | I17: =IF(G17="","",_xlfn.TRANSLATE(G17,"","zh-Hans")) | K17: =IF(J17="","",_xlfn.TRANSLATE(J17,"","ja")) | L17: =IF(J17="","",_xlfn.TRANSLATE(J17,"","zh-Hans")) | T17: =IF(OR(R17="",S17=""),"",IF(R17=0,"",S17/R17)) | U17: =IF(A17="","",IF(T17="",INDEX(_翻訳マスタ!$B$89:$D$89,1,MATCH(言語切替!$B$3,_翻訳マスタ!$B$1:$D$1,0)),IF(T17>=1,INDEX(_翻訳マスタ!$B$93:$D$93,1,MATCH(言語切替!$B$3,_翻訳マスタ!$B$1:$D$1,0)),IF(T17>=0.8,INDEX(_翻訳マスタ!$B$91:$D$91,1,MATCH(言語切替!$B$3,_翻訳マスタ!$B$1:$D$1,0)),INDEX(_翻訳マスタ!$B$94:$D$94,1,MATCH(言語切替!$B$3,_翻訳マスタ!$B$1:$D$1,0)))))) | X17: =IF(W17="","",_xlfn.TRANSLATE(W17,"","ja")) | Y17: =IF(W17="","",_xlfn.TRANSLATE(W17,"","zh-Hans")) | AA17: =IF(Z17="","",_xlfn.TRANSLATE(Z17,"","ja")) | AB17: =IF(Z17="","",_xlfn.TRANSLATE(Z17,"","zh-Hans"))
E18: =IF(D18="","",_xlfn.TRANSLATE(D18,"","ja")) | F18: =IF(D18="","",_xlfn.TRANSLATE(D18,"","zh-Hans")) | H18: =IF(G18="","",_xlfn.TRANSLATE(G18,"","ja")) | I18: =IF(G18="","",_xlfn.TRANSLATE(G18,"","zh-Hans")) | K18: =IF(J18="","",_xlfn.TRANSLATE(J18,"","ja")) | L18: =IF(J18="","",_xlfn.TRANSLATE(J18,"","zh-Hans")) | T18: =IF(OR(R18="",S18=""),"",IF(R18=0,"",S18/R18)) | U18: =IF(A18="","",IF(T18="",INDEX(_翻訳マスタ!$B$89:$D$89,1,MATCH(言語切替!$B$3,_翻訳マスタ!$B$1:$D$1,0)),IF(T18>=1,INDEX(_翻訳マスタ!$B$93:$D$93,1,MATCH(言語切替!$B$3,_翻訳マスタ!$B$1:$D$1,0)),IF(T18>=0.8,INDEX(_翻訳マスタ!$B$91:$D$91,1,MATCH(言語切替!$B$3,_翻訳マスタ!$B$1:$D$1,0)),INDEX(_翻訳マスタ!$B$94:$D$94,1,MATCH(言語切替!$B$3,_翻訳マスタ!$B$1:$D$1,0)))))) | X18: =IF(W18="","",_xlfn.TRANSLATE(W18,"","ja")) | Y18: =IF(W18="","",_xlfn.TRANSLATE(W18,"","zh-Hans")) | AA18: =IF(Z18="","",_xlfn.TRANSLATE(Z18,"","ja")) | AB18: =IF(Z18="","",_xlfn.TRANSLATE(Z18,"","zh-Hans"))
E19: =IF(D19="","",_xlfn.TRANSLATE(D19,"","ja")) | F19: =IF(D19="","",_xlfn.TRANSLATE(D19,"","zh-Hans")) | H19: =IF(G19="","",_xlfn.TRANSLATE(G19,"","ja")) | I19: =IF(G19="","",_xlfn.TRANSLATE(G19,"","zh-Hans")) | K19: =IF(J19="","",_xlfn.TRANSLATE(J19,"","ja")) | L19: =IF(J19="","",_xlfn.TRANSLATE(J19,"","zh-Hans")) | T19: =IF(OR(R19="",S19=""),"",IF(R19=0,"",S19/R19)) | U19: =IF(A19="","",IF(T19="",INDEX(_翻訳マスタ!$B$89:$D$89,1,MATCH(言語切替!$B$3,_翻訳マスタ!$B$1:$D$1,0)),IF(T19>=1,INDEX(_翻訳マスタ!$B$93:$D$93,1,MATCH(言語切替!$B$3,_翻訳マスタ!$B$1:$D$1,0)),IF(T19>=0.8,INDEX(_翻訳マスタ!$B$91:$D$91,1,MATCH(言語切替!$B$3,_翻訳マスタ!$B$1:$D$1,0)),INDEX(_翻訳マスタ!$B$94:$D$94,1,MATCH(言語切替!$B$3,_翻訳マスタ!$B$1:$D$1,0)))))) | X19: =IF(W19="","",_xlfn.TRANSLATE(W19,"","ja")) | Y19: =IF(W19="","",_xlfn.TRANSLATE(W19,"","zh-Hans")) | AA19: =IF(Z19="","",_xlfn.TRANSLATE(Z19,"","ja")) | AB19: =IF(Z19="","",_xlfn.TRANSLATE(Z19,"","zh-Hans"))
E20: =IF(D20="","",_xlfn.TRANSLATE(D20,"","ja")) | F20: =IF(D20="","",_xlfn.TRANSLATE(D20,"","zh-Hans")) | H20: =IF(G20="","",_xlfn.TRANSLATE(G20,"","ja")) | I20: =IF(G20="","",_xlfn.TRANSLATE(G20,"","zh-Hans")) | K20: =IF(J20="","",_xlfn.TRANSLATE(J20,"","ja")) | L20: =IF(J20="","",_xlfn.TRANSLATE(J20,"","zh-Hans")) | T20: =IF(OR(R20="",S20=""),"",IF(R20=0,"",S20/R20)) | U20: =IF(A20="","",IF(T20="",INDEX(_翻訳マスタ!$B$89:$D$89,1,MATCH(言語切替!$B$3,_翻訳マスタ!$B$1:$D$1,0)),IF(T20>=1,INDEX(_翻訳マスタ!$B$93:$D$93,1,MATCH(言語切替!$B$3,_翻訳マスタ!$B$1:$D$1,0)),IF(T20>=0.8,INDEX(_翻訳マスタ!$B$91:$D$91,1,MATCH(言語切替!$B$3,_翻訳マスタ!$B$1:$D$1,0)),INDEX(_翻訳マスタ!$B$94:$D$94,1,MATCH(言語切替!$B$3,_翻訳マスタ!$B$1:$D$1,0)))))) | X20: =IF(W20="","",_xlfn.TRANSLATE(W20,"","ja")) | Y20: =IF(W20="","",_xlfn.TRANSLATE(W20,"","zh-Hans")) | AA20: =IF(Z20="","",_xlfn.TRANSLATE(Z20,"","ja")) | AB20: =IF(Z20="","",_xlfn.TRANSLATE(Z20,"","zh-Hans"))
E21: =IF(D21="","",_xlfn.TRANSLATE(D21,"","ja")) | F21: =IF(D21="","",_xlfn.TRANSLATE(D21,"","zh-Hans")) | H21: =IF(G21="","",_xlfn.TRANSLATE(G21,"","ja")) | I21: =IF(G21="","",_xlfn.TRANSLATE(G21,"","zh-Hans")) | K21: =IF(J21="","",_xlfn.TRANSLATE(J21,"","ja")) | L21: =IF(J21="","",_xlfn.TRANSLATE(J21,"","zh-Hans")) | T21: =IF(OR(R21="",S21=""),"",IF(R21=0,"",S21/R21)) | U21: =IF(A21="","",IF(T21="",INDEX(_翻訳マスタ!$B$89:$D$89,1,MATCH(言語切替!$B$3,_翻訳マスタ!$B$1:$D$1,0)),IF(T21>=1,INDEX(_翻訳マスタ!$B$93:$D$93,1,MATCH(言語切替!$B$3,_翻訳マスタ!$B$1:$D$1,0)),IF(T21>=0.8,INDEX(_翻訳マスタ!$B$91:$D$91,1,MATCH(言語切替!$B$3,_翻訳マスタ!$B$1:$D$1,0)),INDEX(_翻訳マスタ!$B$94:$D$94,1,MATCH(言語切替!$B$3,_翻訳マスタ!$B$1:$D$1,0)))))) | X21: =IF(W21="","",_xlfn.TRANSLATE(W21,"","ja")) | Y21: =IF(W21="","",_xlfn.TRANSLATE(W21,"","zh-Hans")) | AA21: =IF(Z21="","",_xlfn.TRANSLATE(Z21,"","ja")) | AB21: =IF(Z21="","",_xlfn.TRANSLATE(Z21,"","zh-Hans"))
... E24: =IF(D24="","",_xlfn.TRANSLATE(D24,"","ja")) | F24: =IF(D24="","",_xlfn.TRANSLATE(D24,"","zh-Hans")) | H24: =IF(G24="","",_xlfn.TRANSLATE(G24,"","ja")) | I24: =IF(G24="","",_xlfn.TRANSLATE(G24,"","zh-Hans")) | K24: =IF(J24="","",_xlfn.TRANSLATE(J24,"","ja")) | L24: =IF(J24="","",_xlfn.TRANSLATE(J24,"","zh-Hans")) | T24: =IF(OR(R24="",S24=""),"",IF(R24=0,"",S24/R24)) | U24: =IF(A24="","",IF(T24="",INDEX(_翻訳マスタ!$B$89:$D$89,1,MATCH(言語切替!$B$3,_翻訳マスタ!$B$1:$D$1,0)),IF(T24>=1,INDEX(_翻訳マスタ!$B$93:$D$93,1,MATCH(言語切替!$B$3,_翻訳マスタ!$B$1:$D$1,0)),IF(T24>=0.8,INDEX(_翻訳マスタ!$B$91:$D$91,1,MATCH(言語切替!$B$3,_翻訳マスタ!$B$1:$D$1,0)),INDEX(_翻訳マスタ!$B$94:$D$94,1,MATCH(言語切替!$B$3,_翻訳マスタ!$B$1:$D$1,0)))))) | X24: =IF(W24="","",_xlfn.TRANSLATE(W24,"","ja")) | Y24: =IF(W24="","",_xlfn.TRANSLATE(W24,"","zh-Hans")) | AA24: =IF(Z24="","",_xlfn.TRANSLATE(Z24,"","ja")) | AB24: =IF(Z24="","",_xlfn.TRANSLATE(Z24,"","zh-Hans"))
E25: =IF(D25="","",_xlfn.TRANSLATE(D25,"vi","ja")) | F25: =IF(D25="","",_xlfn.TRANSLATE(D25,"vi","zh-Hans")) | H25: =IF(G25="","",_xlfn.TRANSLATE(G25,"vi","ja")) | I25: =IF(G25="","",_xlfn.TRANSLATE(G25,"vi","zh-Hans")) | K25: =IF(J25="","",_xlfn.TRANSLATE(J25,"vi","ja")) | L25: =IF(J25="","",_xlfn.TRANSLATE(J25,"vi","zh-Hans")) | T25: =IF(OR(R25="",S25=""),"",IF(R25=0,"",S25/R25)) | U25: =IF(A25="","",IF(T25="",INDEX(_翻訳マスタ!$B$89:$D$89,1,MATCH(言語切替!$B$3,_翻訳マスタ!$B$1:$D$1,0)),IF(T25>=1,INDEX(_翻訳マスタ!$B$93:$D$93,1,MATCH(言語切替!$B$3,_翻訳マスタ!$B$1:$D$1,0)),IF(T25>=0.8,INDEX(_翻訳マスタ!$B$91:$D$91,1,MATCH(言語切替!$B$3,_翻訳マスタ!$B$1:$D$1,0)),INDEX(_翻訳マスタ!$B$94:$D$94,1,MATCH(言語切替!$B$3,_翻訳マスタ!$B$1:$D$1,0)))))) | X25: =IF(W25="","",_xlfn.TRANSLATE(W25,"vi","ja")) | Y25: =IF(W25="","",_xlfn.TRANSLATE(W25,"vi","zh-Hans")) | AA25: =IF(Z25="","",_xlfn.TRANSLATE(Z25,"vi","ja")) | AB25: =IF(Z25="","",_xlfn.TRANSLATE(Z25,"vi","zh-Hans"))
E26: =IF(D26="","",_xlfn.TRANSLATE(D26,"vi","ja")) | F26: =IF(D26="","",_xlfn.TRANSLATE(D26,"vi","zh-Hans")) | H26: =IF(G26="","",_xlfn.TRANSLATE(G26,"vi","ja")) | I26: =IF(G26="","",_xlfn.TRANSLATE(G26,"vi","zh-Hans")) | K26: =IF(J26="","",_xlfn.TRANSLATE(J26,"vi","ja")) | L26: =IF(J26="","",_xlfn.TRANSLATE(J26,"vi","zh-Hans")) | T26: =IF(OR(R26="",S26=""),"",IF(R26=0,"",S26/R26)) | U26: =IF(A26="","",IF(T26="",INDEX(_翻訳マスタ!$B$89:$D$89,1,MATCH(言語切替!$B$3,_翻訳マスタ!$B$1:$D$1,0)),IF(T26>=1,INDEX(_翻訳マスタ!$B$93:$D$93,1,MATCH(言語切替!$B$3,_翻訳マスタ!$B$1:$D$1,0)),IF(T26>=0.8,INDEX(_翻訳マスタ!$B$91:$D$91,1,MATCH(言語切替!$B$3,_翻訳マスタ!$B$1:$D$1,0)),INDEX(_翻訳マスタ!$B$94:$D$94,1,MATCH(言語切替!$B$3,_翻訳マスタ!$B$1:$D$1,0)))))) | X26: =IF(W26="","",_xlfn.TRANSLATE(W26,"vi","ja")) | Y26: =IF(W26="","",_xlfn.TRANSLATE(W26,"vi","zh-Hans")) | AA26: =IF(Z26="","",_xlfn.TRANSLATE(Z26,"vi","ja")) | AB26: =IF(Z26="","",_xlfn.TRANSLATE(Z26,"vi","zh-Hans"))
E27: =IF(D27="","",_xlfn.TRANSLATE(D27,"vi","ja")) | F27: =IF(D27="","",_xlfn.TRANSLATE(D27,"vi","zh-Hans")) | H27: =IF(G27="","",_xlfn.TRANSLATE(G27,"vi","ja")) | I27: =IF(G27="","",_xlfn.TRANSLATE(G27,"vi","zh-Hans")) | K27: =IF(J27="","",_xlfn.TRANSLATE(J27,"vi","ja")) | L27: =IF(J27="","",_xlfn.TRANSLATE(J27,"vi","zh-Hans")) | T27: =IF(OR(R27="",S27=""),"",IF(R27=0,"",S27/R27)) | U27: =IF(A27="","",IF(T27="",INDEX(_翻訳マスタ!$B$89:$D$89,1,MATCH(言語切替!$B$3,_翻訳マスタ!$B$1:$D$1,0)),IF(T27>=1,INDEX(_翻訳マスタ!$B$93:$D$93,1,MATCH(言語切替!$B$3,_翻訳マスタ!$B$1:$D$1,0)),IF(T27>=0.8,INDEX(_翻訳マスタ!$B$91:$D$91,1,MATCH(言語切替!$B$3,_翻訳マスタ!$B$1:$D$1,0)),INDEX(_翻訳マスタ!$B$94:$D$94,1,MATCH(言語切替!$B$3,_翻訳マスタ!$B$1:$D$1,0)))))) | X27: =IF(W27="","",_xlfn.TRANSLATE(W27,"vi","ja")) | Y27: =IF(W27="","",_xlfn.TRANSLATE(W27,"vi","zh-Hans")) | AA27: =IF(Z27="","",_xlfn.TRANSLATE(Z27,"vi","ja")) | AB27: =IF(Z27="","",_xlfn.TRANSLATE(Z27,"vi","zh-Hans"))
E28: =IF(D28="","",_xlfn.TRANSLATE(D28,"vi","ja")) | F28: =IF(D28="","",_xlfn.TRANSLATE(D28,"vi","zh-Hans")) | H28: =IF(G28="","",_xlfn.TRANSLATE(G28,"vi","ja")) | I28: =IF(G28="","",_xlfn.TRANSLATE(G28,"vi","zh-Hans")) | K28: =IF(J28="","",_xlfn.TRANSLATE(J28,"vi","ja")) | L28: =IF(J28="","",_xlfn.TRANSLATE(J28,"vi","zh-Hans")) | T28: =IF(OR(R28="",S28=""),"",IF(R28=0,"",S28/R28)) | U28: =IF(A28="","",IF(T28="",INDEX(_翻訳マスタ!$B$89:$D$89,1,MATCH(言語切替!$B$3,_翻訳マスタ!$B$1:$D$1,0)),IF(T28>=1,INDEX(_翻訳マスタ!$B$93:$D$93,1,MATCH(言語切替!$B$3,_翻訳マスタ!$B$1:$D$1,0)),IF(T28>=0.8,INDEX(_翻訳マスタ!$B$91:$D$91,1,MATCH(言語切替!$B$3,_翻訳マスタ!$B$1:$D$1,0)),INDEX(_翻訳マスタ!$B$94:$D$94,1,MATCH(言語切替!$B$3,_翻訳マスタ!$B$1:$D$1,0)))))) | X28: =IF(W28="","",_xlfn.TRANSLATE(W28,"vi","ja")) | Y28: =IF(W28="","",_xlfn.TRANSLATE(W28,"vi","zh-Hans")) | AA28: =IF(Z28="","",_xlfn.TRANSLATE(Z28,"vi","ja")) | AB28: =IF(Z28="","",_xlfn.TRANSLATE(Z28,"vi","zh-Hans"))
E29: =IF(D29="","",_xlfn.TRANSLATE(D29,"vi","ja")) | F29: =IF(D29="","",_xlfn.TRANSLATE(D29,"vi","zh-Hans")) | H29: =IF(G29="","",_xlfn.TRANSLATE(G29,"vi","ja")) | I29: =IF(G29="","",_xlfn.TRANSLATE(G29,"vi","zh-Hans")) | K29: =IF(J29="","",_xlfn.TRANSLATE(J29,"vi","ja")) | L29: =IF(J29="","",_xlfn.TRANSLATE(J29,"vi","zh-Hans")) | T29: =IF(OR(R29="",S29=""),"",IF(R29=0,"",S29/R29)) | U29: =IF(A29="","",IF(T29="",INDEX(_翻訳マスタ!$B$89:$D$89,1,MATCH(言語切替!$B$3,_翻訳マスタ!$B$1:$D$1,0)),IF(T29>=1,INDEX(_翻訳マスタ!$B$93:$D$93,1,MATCH(言語切替!$B$3,_翻訳マスタ!$B$1:$D$1,0)),IF(T29>=0.8,INDEX(_翻訳マスタ!$B$91:$D$91,1,MATCH(言語切替!$B$3,_翻訳マスタ!$B$1:$D$1,0)),INDEX(_翻訳マスタ!$B$94:$D$94,1,MATCH(言語切替!$B$3,_翻訳マスタ!$B$1:$D$1,0)))))) | X29: =IF(W29="","",_xlfn.TRANSLATE(W29,"vi","ja")) | Y29: =IF(W29="","",_xlfn.TRANSLATE(W29,"vi","zh-Hans")) | AA29: =IF(Z29="","",_xlfn.TRANSLATE(Z29,"vi","ja")) | AB29: =IF(Z29="","",_xlfn.TRANSLATE(Z29,"vi","zh-Hans"))
E30: =IF(D30="","",_xlfn.TRANSLATE(D30,"vi","ja")) | F30: =IF(D30="","",_xlfn.TRANSLATE(D30,"vi","zh-Hans")) | H30: =IF(G30="","",_xlfn.TRANSLATE(G30,"vi","ja")) | I30: =IF(G30="","",_xlfn.TRANSLATE(G30,"vi","zh-Hans")) | K30: =IF(J30="","",_xlfn.TRANSLATE(J30,"vi","ja")) | L30: =IF(J30="","",_xlfn.TRANSLATE(J30,"vi","zh-Hans")) | T30: =IF(OR(R30="",S30=""),"",IF(R30=0,"",S30/R30)) | U30: =IF(A30="","",IF(T30="",INDEX(_翻訳マスタ!$B$89:$D$89,1,MATCH(言語切替!$B$3,_翻訳マスタ!$B$1:$D$1,0)),IF(T30>=1,INDEX(_翻訳マスタ!$B$93:$D$93,1,MATCH(言語切替!$B$3,_翻訳マスタ!$B$1:$D$1,0)),IF(T30>=0.8,INDEX(_翻訳マスタ!$B$91:$D$91,1,MATCH(言語切替!$B$3,_翻訳マスタ!$B$1:$D$1,0)),INDEX(_翻訳マスタ!$B$94:$D$94,1,MATCH(言語切替!$B$3,_翻訳マスタ!$B$1:$D$1,0)))))) | X30: =IF(W30="","",_xlfn.TRANSLATE(W30,"vi","ja")) | Y30: =IF(W30="","",_xlfn.TRANSLATE(W30,"vi","zh-Hans")) | AA30: =IF(Z30="","",_xlfn.TRANSLATE(Z30,"vi","ja")) | AB30: =IF(Z30="","",_xlfn.TRANSLATE(Z30,"vi","zh-Hans"))
E31: =IF(D31="","",_xlfn.TRANSLATE(D31,"vi","ja")) | F31: =IF(D31="","",_xlfn.TRANSLATE(D31,"vi","zh-Hans")) | H31: =IF(G31="","",_xlfn.TRANSLATE(G31,"vi","ja")) | I31: =IF(G31="","",_xlfn.TRANSLATE(G31,"vi","zh-Hans")) | K31: =IF(J31="","",_xlfn.TRANSLATE(J31,"vi","ja")) | L31: =IF(J31="","",_xlfn.TRANSLATE(J31,"vi","zh-Hans")) | T31: =IF(OR(R31="",S31=""),"",IF(R31=0,"",S31/R31)) | U31: =IF(A31="","",IF(T31="",INDEX(_翻訳マスタ!$B$89:$D$89,1,MATCH(言語切替!$B$3,_翻訳マスタ!$B$1:$D$1,0)),IF(T31>=1,INDEX(_翻訳マスタ!$B$93:$D$93,1,MATCH(言語切替!$B$3,_翻訳マスタ!$B$1:$D$1,0)),IF(T31>=0.8,INDEX(_翻訳マスタ!$B$91:$D$91,1,MATCH(言語切替!$B$3,_翻訳マスタ!$B$1:$D$1,0)),INDEX(_翻訳マスタ!$B$94:$D$94,1,MATCH(言語切替!$B$3,_翻訳マスタ!$B$1:$D$1,0)))))) | X31: =IF(W31="","",_xlfn.TRANSLATE(W31,"vi","ja")) | Y31: =IF(W31="","",_xlfn.TRANSLATE(W31,"vi","zh-Hans")) | AA31: =IF(Z31="","",_xlfn.TRANSLATE(Z31,"vi","ja")) | AB31: =IF(Z31="","",_xlfn.TRANSLATE(Z31,"vi","zh-Hans"))
E32: =IF(D32="","",_xlfn.TRANSLATE(D32,"vi","ja")) | F32: =IF(D32="","",_xlfn.TRANSLATE(D32,"vi","zh-Hans")) | H32: =IF(G32="","",_xlfn.TRANSLATE(G32,"vi","ja")) | I32: =IF(G32="","",_xlfn.TRANSLATE(G32,"vi","zh-Hans")) | K32: =IF(J32="","",_xlfn.TRANSLATE(J32,"vi","ja")) | L32: =IF(J32="","",_xlfn.TRANSLATE(J32,"vi","zh-Hans")) | T32: =IF(OR(R32="",S32=""),"",IF(R32=0,"",S32/R32)) | U32: =IF(A32="","",IF(T32="",INDEX(_翻訳マスタ!$B$89:$D$89,1,MATCH(言語切替!$B$3,_翻訳マスタ!$B$1:$D$1,0)),IF(T32>=1,INDEX(_翻訳マスタ!$B$93:$D$93,1,MATCH(言語切替!$B$3,_翻訳マスタ!$B$1:$D$1,0)),IF(T32>=0.8,INDEX(_翻訳マスタ!$B$91:$D$91,1,MATCH(言語切替!$B$3,_翻訳マスタ!$B$1:$D$1,0)),INDEX(_翻訳マスタ!$B$94:$D$94,1,MATCH(言語切替!$B$3,_翻訳マスタ!$B$1:$D$1,0)))))) | X32: =IF(W32="","",_xlfn.TRANSLATE(W32,"vi","ja")) | Y32: =IF(W32="","",_xlfn.TRANSLATE(W32,"vi","zh-Hans")) | AA32: =IF(Z32="","",_xlfn.TRANSLATE(Z32,"vi","ja")) | AB32: =IF(Z32="","",_xlfn.TRANSLATE(Z32,"vi","zh-Hans"))
E33: =IF(D33="","",_xlfn.TRANSLATE(D33,"vi","ja")) | F33: =IF(D33="","",_xlfn.TRANSLATE(D33,"vi","zh-Hans")) | H33: =IF(G33="","",_xlfn.TRANSLATE(G33,"vi","ja")) | I33: =IF(G33="","",_xlfn.TRANSLATE(G33,"vi","zh-Hans")) | K33: =IF(J33="","",_xlfn.TRANSLATE(J33,"vi","ja")) | L33: =IF(J33="","",_xlfn.TRANSLATE(J33,"vi","zh-Hans")) | T33: =IF(OR(R33="",S33=""),"",IF(R33=0,"",S33/R33)) | U33: =IF(A33="","",IF(T33="",INDEX(_翻訳マスタ!$B$89:$D$89,1,MATCH(言語切替!$B$3,_翻訳マスタ!$B$1:$D$1,0)),IF(T33>=1,INDEX(_翻訳マスタ!$B$93:$D$93,1,MATCH(言語切替!$B$3,_翻訳マスタ!$B$1:$D$1,0)),IF(T33>=0.8,INDEX(_翻訳マスタ!$B$91:$D$91,1,MATCH(言語切替!$B$3,_翻訳マスタ!$B$1:$D$1,0)),INDEX(_翻訳マスタ!$B$94:$D$94,1,MATCH(言語切替!$B$3,_翻訳マスタ!$B$1:$D$1,0)))))) | X33: =IF(W33="","",_xlfn.TRANSLATE(W33,"vi","ja")) | Y33: =IF(W33="","",_xlfn.TRANSLATE(W33,"vi","zh-Hans")) | AA33: =IF(Z33="","",_xlfn.TRANSLATE(Z33,"vi","ja")) | AB33: =IF(Z33="","",_xlfn.TRANSLATE(Z33,"vi","zh-Hans"))
E34: =IF(D34="","",_xlfn.TRANSLATE(D34,"vi","ja")) | F34: =IF(D34="","",_xlfn.TRANSLATE(D34,"vi","zh-Hans")) | H34: =IF(G34="","",_xlfn.TRANSLATE(G34,"vi","ja")) | I34: =IF(G34="","",_xlfn.TRANSLATE(G34,"vi","zh-Hans")) | K34: =IF(J34="","",_xlfn.TRANSLATE(J34,"vi","ja")) | L34: =IF(J34="","",_xlfn.TRANSLATE(J34,"vi","zh-Hans")) | T34: =IF(OR(R34="",S34=""),"",IF(R34=0,"",S34/R34)) | U34: =IF(A34="","",IF(T34="",INDEX(_翻訳マスタ!$B$89:$D$89,1,MATCH(言語切替!$B$3,_翻訳マスタ!$B$1:$D$1,0)),IF(T34>=1,INDEX(_翻訳マスタ!$B$93:$D$93,1,MATCH(言語切替!$B$3,_翻訳マスタ!$B$1:$D$1,0)),IF(T34>=0.8,INDEX(_翻訳マスタ!$B$91:$D$91,1,MATCH(言語切替!$B$3,_翻訳マスタ!$B$1:$D$1,0)),INDEX(_翻訳マスタ!$B$94:$D$94,1,MATCH(言語切替!$B$3,_翻訳マスタ!$B$1:$D$1,0)))))) | X34: =IF(W34="","",_xlfn.TRANSLATE(W34,"vi","ja")) | Y34: =IF(W34="","",_xlfn.TRANSLATE(W34,"vi","zh-Hans")) | AA34: =IF(Z34="","",_xlfn.TRANSLATE(Z34,"vi","ja")) | AB34: =IF(Z34="","",_xlfn.TRANSLATE(Z34,"vi","zh-Hans"))
E35: =IF(D35="","",_xlfn.TRANSLATE(D35,"vi","ja")) | F35: =IF(D35="","",_xlfn.TRANSLATE(D35,"vi","zh-Hans")) | H35: =IF(G35="","",_xlfn.TRANSLATE(G35,"vi","ja")) | I35: =IF(G35="","",_xlfn.TRANSLATE(G35,"vi","zh-Hans")) | K35: =IF(J35="","",_xlfn.TRANSLATE(J35,"vi","ja")) | L35: =IF(J35="","",_xlfn.TRANSLATE(J35,"vi","zh-Hans")) | T35: =IF(OR(R35="",S35=""),"",IF(R35=0,"",S35/R35)) | U35: =IF(A35="","",IF(T35="",INDEX(_翻訳マスタ!$B$89:$D$89,1,MATCH(言語切替!$B$3,_翻訳マスタ!$B$1:$D$1,0)),IF(T35>=1,INDEX(_翻訳マスタ!$B$93:$D$93,1,MATCH(言語切替!$B$3,_翻訳マスタ!$B$1:$D$1,0)),IF(T35>=0.8,INDEX(_翻訳マスタ!$B$91:$D$91,1,MATCH(言語切替!$B$3,_翻訳マスタ!$B$1:$D$1,0)),INDEX(_翻訳マスタ!$B$94:$D$94,1,MATCH(言語切替!$B$3,_翻訳マスタ!$B$1:$D$1,0)))))) | X35: =IF(W35="","",_xlfn.TRANSLATE(W35,"vi","ja")) | Y35: =IF(W35="","",_xlfn.TRANSLATE(W35,"vi","zh-Hans")) | AA35: =IF(Z35="","",_xlfn.TRANSLATE(Z35,"vi","ja")) | AB35: =IF(Z35="","",_xlfn.TRANSLATE(Z35,"vi","zh-Hans"))
E36: =IF(D36="","",_xlfn.TRANSLATE(D36,"vi","ja")) | F36: =IF(D36="","",_xlfn.TRANSLATE(D36,"vi","zh-Hans")) | H36: =IF(G36="","",_xlfn.TRANSLATE(G36,"vi","ja")) | I36: =IF(G36="","",_xlfn.TRANSLATE(G36,"vi","zh-Hans")) | K36: =IF(J36="","",_xlfn.TRANSLATE(J36,"vi","ja")) | L36: =IF(J36="","",_xlfn.TRANSLATE(J36,"vi","zh-Hans")) | T36: =IF(OR(R36="",S36=""),"",IF(R36=0,"",S36/R36)) | U36: =IF(A36="","",IF(T36="",INDEX(_翻訳マスタ!$B$89:$D$89,1,MATCH(言語切替!$B$3,_翻訳マスタ!$B$1:$D$1,0)),IF(T36>=1,INDEX(_翻訳マスタ!$B$93:$D$93,1,MATCH(言語切替!$B$3,_翻訳マスタ!$B$1:$D$1,0)),IF(T36>=0.8,INDEX(_翻訳マスタ!$B$91:$D$91,1,MATCH(言語切替!$B$3,_翻訳マスタ!$B$1:$D$1,0)),INDEX(_翻訳マスタ!$B$94:$D$94,1,MATCH(言語切替!$B$3,_翻訳マスタ!$B$1:$D$1,0)))))) | X36: =IF(W36="","",_xlfn.TRANSLATE(W36,"vi","ja")) | Y36: =IF(W36="","",_xlfn.TRANSLATE(W36,"vi","zh-Hans")) | AA36: =IF(Z36="","",_xlfn.TRANSLATE(Z36,"vi","ja")) | AB36: =IF(Z36="","",_xlfn.TRANSLATE(Z36,"vi","zh-Hans"))
... E204: =IF(D204="","",_xlfn.TRANSLATE(D204,"vi","ja")) | F204: =IF(D204="","",_xlfn.TRANSLATE(D204,"vi","zh-Hans")) | H204: =IF(G204="","",_xlfn.TRANSLATE(G204,"vi","ja")) | I204: =IF(G204="","",_xlfn.TRANSLATE(G204,"vi","zh-Hans")) | K204: =IF(J204="","",_xlfn.TRANSLATE(J204,"vi","ja")) | L204: =IF(J204="","",_xlfn.TRANSLATE(J204,"vi","zh-Hans")) | T204: =IF(OR(R204="",S204=""),"",IF(R204=0,"",S204/R204)) | U204: =IF(A204="","",IF(T204="",INDEX(_翻訳マスタ!$B$89:$D$89,1,MATCH(言語切替!$B$3,_翻訳マスタ!$B$1:$D$1,0)),IF(T204>=1,INDEX(_翻訳マスタ!$B$93:$D$93,1,MATCH(言語切替!$B$3,_翻訳マスタ!$B$1:$D$1,0)),IF(T204>=0.8,INDEX(_翻訳マスタ!$B$91:$D$91,1,MATCH(言語切替!$B$3,_翻訳マスタ!$B$1:$D$1,0)),INDEX(_翻訳マスタ!$B$94:$D$94,1,MATCH(言語切替!$B$3,_翻訳マスタ!$B$1:$D$1,0)))))) | X204: =IF(W204="","",_xlfn.TRANSLATE(W204,"vi","ja")) | Y204: =IF(W204="","",_xlfn.TRANSLATE(W204,"vi","zh-Hans")) | AA204: =IF(Z204="","",_xlfn.TRANSLATE(Z204,"vi","ja")) | AB204: =IF(Z204="","",_xlfn.TRANSLATE(Z204,"vi","zh-Hans"))

Sheet 07_更新履歴
A1: =INDEX(_翻訳マスタ!$B$117:$D$247,MATCH("REV_TITLE",_翻訳マスタ!$A$117:$A$247,0),MATCH(言語切替!$B$3,_翻訳マスタ!$B$1:$D$1,0)) -> Lịch sử cập nhật
A2: =INDEX(_翻訳マスタ!$B$117:$D$247,MATCH("REV_DESC",_翻訳マスタ!$A$117:$A$247,0),MATCH(言語切替!$B$3,_翻訳マスタ!$B$1:$D$1,0)) -> Ghi lại các thay đổi quan trọng về quy tắc, dữ liệu danh mục và thay đổi cấu trúc.
A3: =INDEX(_翻訳マスタ!$B$2:$D$300,MATCH("PARA_HOWTO",_翻訳マスタ!$A$2:$A$300,0),MATCH(言語切替!$B$3,_翻訳マスタ!$B$1:$D$1,0)) -> Cách dùng: Nhập tiếng mẹ đẻ → đọc cột khác → ô trống không dịch → dưới 3000 ký tự
A4: =INDEX(_翻訳マスタ!$B$117:$D$247,MATCH("REV_COL_NO",_翻訳マスタ!$A$117:$A$247,0),MATCH(言語切替!$B$3,_翻訳マスタ!$B$1:$D$1,0)) -> Số cập nhật | B4: =INDEX(_翻訳マスタ!$B$117:$D$247,MATCH("REV_COL_DATE",_翻訳マスタ!$A$117:$A$247,0),MATCH(言語切替!$B$3,_翻訳マスタ!$B$1:$D$1,0)) -> Ngày cập nhật | C4: =INDEX(_翻訳マスタ!$B$117:$D$247,MATCH("REV_COL_AUTHOR",_翻訳マスタ!$A$117:$A$247,0),MATCH(言語切替!$B$3,_翻訳マスタ!$B$1:$D$1,0)) -> Người cập nhật | D4: =INDEX(_翻訳マスタ!$B$117:$D$247,MATCH("REV_COL_TARGET",_翻訳マスタ!$A$117:$A$247,0),MATCH(言語切替!$B$3,_翻訳マスタ!$B$1:$D$1,0)) -> Trang tính áp dụng | E4: =INDEX(_翻訳マスタ!$B$2:$D$300,MATCH("REV_COL_CONTENT",_翻訳マスタ!$A$2:$A$300,0),MATCH(言語切替!$B$3,_翻訳マスタ!$B$1:$D$1,0))&INDEX(_翻訳マスタ!$B$2:$D$300,MATCH("NEW_VI_SUFFIX",_翻訳マスタ!$A$2:$A$300,0),MATCH(言語切替!$B$3,_翻訳マスタ!$B$1:$D$1,0)) -> Nội dung thay đổi (VI) | F4: =INDEX(_翻訳マスタ!$B$2:$D$300,MATCH("REV_COL_CONTENT",_翻訳マスタ!$A$2:$A$300,0),MATCH(言語切替!$B$3,_翻訳マスタ!$B$1:$D$1,0))&INDEX(_翻訳マスタ!$B$2:$D$300,MATCH("NEW_JP_SUFFIX",_翻訳マスタ!$A$2:$A$300,0),MATCH(言語切替!$B$3,_翻訳マスタ!$B$1:$D$1,0)) -> Nội dung thay đổi (JP) | G4: =INDEX(_翻訳マスタ!$B$2:$D$300,MATCH("REV_COL_CONTENT",_翻訳マスタ!$A$2:$A$300,0),MATCH(言語切替!$B$3,_翻訳マスタ!$B$1:$D$1,0))&INDEX(_翻訳マスタ!$B$2:$D$300,MATCH("NEW_CN_SUFFIX",_翻訳マスタ!$A$2:$A$300,0),MATCH(言語切替!$B$3,_翻訳マスタ!$B$1:$D$1,0)) -> Nội dung thay đổi (CN) | H4: =INDEX(_翻訳マスタ!$B$2:$D$300,MATCH("REV_COL_REASON",_翻訳マスタ!$A$2:$A$300,0),MATCH(言語切替!$B$3,_翻訳マスタ!$B$1:$D$1,0))&INDEX(_翻訳マスタ!$B$2:$D$300,MATCH("NEW_VI_SUFFIX",_翻訳マスタ!$A$2:$A$300,0),MATCH(言語切替!$B$3,_翻訳マスタ!$B$1:$D$1,0)) -> Lý do thay đổi (VI) | I4: =INDEX(_翻訳マスタ!$B$2:$D$300,MATCH("REV_COL_REASON",_翻訳マスタ!$A$2:$A$300,0),MATCH(言語切替!$B$3,_翻訳マスタ!$B$1:$D$1,0))&INDEX(_翻訳マスタ!$B$2:$D$300,MATCH("NEW_JP_SUFFIX",_翻訳マスタ!$A$2:$A$300,0),MATCH(言語切替!$B$3,_翻訳マスタ!$B$1:$D$1,0)) -> Lý do thay đổi (JP) | J4: =INDEX(_翻訳マスタ!$B$2:$D$300,MATCH("REV_COL_REASON",_翻訳マスタ!$A$2:$A$300,0),MATCH(言語切替!$B$3,_翻訳マスタ!$B$1:$D$1,0))&INDEX(_翻訳マスタ!$B$2:$D$300,MATCH("NEW_CN_SUFFIX",_翻訳マスタ!$A$2:$A$300,0),MATCH(言語切替!$B$3,_翻訳マスタ!$B$1:$D$1,0)) -> Lý do thay đổi (CN) | K4: =INDEX(_翻訳マスタ!$B$117:$D$247,MATCH("REV_COL_APPROVER",_翻訳マスタ!$A$117:$A$247,0),MATCH(言語切替!$B$3,_翻訳マスタ!$B$1:$D$1,0)) -> Người phê duyệt | L4: =INDEX(_翻訳マスタ!$B$2:$D$300,MATCH("REV_COL_NOTE",_翻訳マスタ!$A$2:$A$300,0),MATCH(言語切替!$B$3,_翻訳マスタ!$B$1:$D$1,0))&INDEX(_翻訳マスタ!$B$2:$D$300,MATCH("NEW_VI_SUFFIX",_翻訳マスタ!$A$2:$A$300,0),MATCH(言語切替!$B$3,_翻訳マスタ!$B$1:$D$1,0)) -> Ghi chú (VI) | M4: =INDEX(_翻訳マスタ!$B$2:$D$300,MATCH("REV_COL_NOTE",_翻訳マスタ!$A$2:$A$300,0),MATCH(言語切替!$B$3,_翻訳マスタ!$B$1:$D$1,0))&INDEX(_翻訳マスタ!$B$2:$D$300,MATCH("NEW_JP_SUFFIX",_翻訳マスタ!$A$2:$A$300,0),MATCH(言語切替!$B$3,_翻訳マスタ!$B$1:$D$1,0)) -> Ghi chú (JP) | N4: =INDEX(_翻訳マスタ!$B$2:$D$300,MATCH("REV_COL_NOTE",_翻訳マスタ!$A$2:$A$300,0),MATCH(言語切替!$B$3,_翻訳マスタ!$B$1:$D$1,0))&INDEX(_翻訳マスタ!$B$2:$D$300,MATCH("NEW_CN_SUFFIX",_翻訳マスタ!$A$2:$A$300,0),MATCH(言語切替!$B$3,_翻訳マスタ!$B$1:$D$1,0)) -> Ghi chú (CN)
A5: REV-001 | B5: 46288 | C5: =INDEX(_翻訳マスタ!$B$117:$D$247,MATCH("ROLE_PMO",_翻訳マスタ!$A$117:$A$247,0),MATCH(言語切替!$B$3,_翻訳マスタ!$B$1:$D$1,0)) -> Ban điều hành | D5: ='02_マスタ'!$A$5 -> Toàn bộ | E5: =INDEX(_翻訳マスタ!$D$2:$D$300,MATCH("REV_EX1_CONTENT",_翻訳マスタ!$A$2:$A$300,0)) -> Tạo bản dự thảo đầu tiên của công cụ quản lý | F5: =IF(E5="","",_xlfn.TRANSLATE(E5,"","ja")) -> #VALUE! | G5: =IF(E5="","",_xlfn.TRANSLATE(E5,"","zh-Hans")) -> #VALUE! | H5: =INDEX(_翻訳マスタ!$D$2:$D$300,MATCH("REV_EX1_REASON",_翻訳マスタ!$A$2:$A$300,0)) -> Cụ thể hóa phương án vận hành trong tài liệu giải trình của ban điều hành | I5: =IF(H5="","",_xlfn.TRANSLATE(H5,"","ja")) -> #VALUE! | J5: =IF(H5="","",_xlfn.TRANSLATE(H5,"","zh-Hans")) -> #VALUE! | L5: =INDEX(_翻訳マスタ!$D$2:$D$300,MATCH("COMMON_EXAMPLE",_翻訳マスタ!$A$2:$A$300,0)) -> Ví dụ nhập liệu | M5: =IF(L5="","",_xlfn.TRANSLATE(L5,"","ja")) -> #VALUE! | N5: =IF(L5="","",_xlfn.TRANSLATE(L5,"","zh-Hans")) -> #VALUE!
F6: =IF(E6="","",_xlfn.TRANSLATE(E6,"","ja")) | G6: =IF(E6="","",_xlfn.TRANSLATE(E6,"","zh-Hans")) | I6: =IF(H6="","",_xlfn.TRANSLATE(H6,"","ja")) | J6: =IF(H6="","",_xlfn.TRANSLATE(H6,"","zh-Hans")) | M6: =IF(L6="","",_xlfn.TRANSLATE(L6,"","ja")) | N6: =IF(L6="","",_xlfn.TRANSLATE(L6,"","zh-Hans"))
F7: =IF(E7="","",_xlfn.TRANSLATE(E7,"","ja")) | G7: =IF(E7="","",_xlfn.TRANSLATE(E7,"","zh-Hans")) | I7: =IF(H7="","",_xlfn.TRANSLATE(H7,"","ja")) | J7: =IF(H7="","",_xlfn.TRANSLATE(H7,"","zh-Hans")) | M7: =IF(L7="","",_xlfn.TRANSLATE(L7,"","ja")) | N7: =IF(L7="","",_xlfn.TRANSLATE(L7,"","zh-Hans"))
F8: =IF(E8="","",_xlfn.TRANSLATE(E8,"","ja")) | G8: =IF(E8="","",_xlfn.TRANSLATE(E8,"","zh-Hans")) | I8: =IF(H8="","",_xlfn.TRANSLATE(H8,"","ja")) | J8: =IF(H8="","",_xlfn.TRANSLATE(H8,"","zh-Hans")) | M8: =IF(L8="","",_xlfn.TRANSLATE(L8,"","ja")) | N8: =IF(L8="","",_xlfn.TRANSLATE(L8,"","zh-Hans"))
F9: =IF(E9="","",_xlfn.TRANSLATE(E9,"","ja")) | G9: =IF(E9="","",_xlfn.TRANSLATE(E9,"","zh-Hans")) | I9: =IF(H9="","",_xlfn.TRANSLATE(H9,"","ja")) | J9: =IF(H9="","",_xlfn.TRANSLATE(H9,"","zh-Hans")) | M9: =IF(L9="","",_xlfn.TRANSLATE(L9,"","ja")) | N9: =IF(L9="","",_xlfn.TRANSLATE(L9,"","zh-Hans"))
F10: =IF(E10="","",_xlfn.TRANSLATE(E10,"","ja")) | G10: =IF(E10="","",_xlfn.TRANSLATE(E10,"","zh-Hans")) | I10: =IF(H10="","",_xlfn.TRANSLATE(H10,"","ja")) | J10: =IF(H10="","",_xlfn.TRANSLATE(H10,"","zh-Hans")) | M10: =IF(L10="","",_xlfn.TRANSLATE(L10,"","ja")) | N10: =IF(L10="","",_xlfn.TRANSLATE(L10,"","zh-Hans"))
F11: =IF(E11="","",_xlfn.TRANSLATE(E11,"","ja")) | G11: =IF(E11="","",_xlfn.TRANSLATE(E11,"","zh-Hans")) | I11: =IF(H11="","",_xlfn.TRANSLATE(H11,"","ja")) | J11: =IF(H11="","",_xlfn.TRANSLATE(H11,"","zh-Hans")) | M11: =IF(L11="","",_xlfn.TRANSLATE(L11,"","ja")) | N11: =IF(L11="","",_xlfn.TRANSLATE(L11,"","zh-Hans"))
F12: =IF(E12="","",_xlfn.TRANSLATE(E12,"","ja")) | G12: =IF(E12="","",_xlfn.TRANSLATE(E12,"","zh-Hans")) | I12: =IF(H12="","",_xlfn.TRANSLATE(H12,"","ja")) | J12: =IF(H12="","",_xlfn.TRANSLATE(H12,"","zh-Hans")) | M12: =IF(L12="","",_xlfn.TRANSLATE(L12,"","ja")) | N12: =IF(L12="","",_xlfn.TRANSLATE(L12,"","zh-Hans"))
F13: =IF(E13="","",_xlfn.TRANSLATE(E13,"","ja")) | G13: =IF(E13="","",_xlfn.TRANSLATE(E13,"","zh-Hans")) | I13: =IF(H13="","",_xlfn.TRANSLATE(H13,"","ja")) | J13: =IF(H13="","",_xlfn.TRANSLATE(H13,"","zh-Hans")) | M13: =IF(L13="","",_xlfn.TRANSLATE(L13,"","ja")) | N13: =IF(L13="","",_xlfn.TRANSLATE(L13,"","zh-Hans"))
F14: =IF(E14="","",_xlfn.TRANSLATE(E14,"","ja")) | G14: =IF(E14="","",_xlfn.TRANSLATE(E14,"","zh-Hans")) | I14: =IF(H14="","",_xlfn.TRANSLATE(H14,"","ja")) | J14: =IF(H14="","",_xlfn.TRANSLATE(H14,"","zh-Hans")) | M14: =IF(L14="","",_xlfn.TRANSLATE(L14,"","ja")) | N14: =IF(L14="","",_xlfn.TRANSLATE(L14,"","zh-Hans"))
F15: =IF(E15="","",_xlfn.TRANSLATE(E15,"","ja")) | G15: =IF(E15="","",_xlfn.TRANSLATE(E15,"","zh-Hans")) | I15: =IF(H15="","",_xlfn.TRANSLATE(H15,"","ja")) | J15: =IF(H15="","",_xlfn.TRANSLATE(H15,"","zh-Hans")) | M15: =IF(L15="","",_xlfn.TRANSLATE(L15,"","ja")) | N15: =IF(L15="","",_xlfn.TRANSLATE(L15,"","zh-Hans"))
F16: =IF(E16="","",_xlfn.TRANSLATE(E16,"","ja")) | G16: =IF(E16="","",_xlfn.TRANSLATE(E16,"","zh-Hans")) | I16: =IF(H16="","",_xlfn.TRANSLATE(H16,"","ja")) | J16: =IF(H16="","",_xlfn.TRANSLATE(H16,"","zh-Hans")) | M16: =IF(L16="","",_xlfn.TRANSLATE(L16,"","ja")) | N16: =IF(L16="","",_xlfn.TRANSLATE(L16,"","zh-Hans"))
F17: =IF(E17="","",_xlfn.TRANSLATE(E17,"","ja")) | G17: =IF(E17="","",_xlfn.TRANSLATE(E17,"","zh-Hans")) | I17: =IF(H17="","",_xlfn.TRANSLATE(H17,"","ja")) | J17: =IF(H17="","",_xlfn.TRANSLATE(H17,"","zh-Hans")) | M17: =IF(L17="","",_xlfn.TRANSLATE(L17,"","ja")) | N17: =IF(L17="","",_xlfn.TRANSLATE(L17,"","zh-Hans"))
... F24: =IF(E24="","",_xlfn.TRANSLATE(E24,"","ja")) | G24: =IF(E24="","",_xlfn.TRANSLATE(E24,"","zh-Hans")) | I24: =IF(H24="","",_xlfn.TRANSLATE(H24,"","ja")) | J24: =IF(H24="","",_xlfn.TRANSLATE(H24,"","zh-Hans")) | M24: =IF(L24="","",_xlfn.TRANSLATE(L24,"","ja")) | N24: =IF(L24="","",_xlfn.TRANSLATE(L24,"","zh-Hans"))
F25: =IF(E25="","",_xlfn.TRANSLATE(E25,"vi","ja")) | G25: =IF(E25="","",_xlfn.TRANSLATE(E25,"vi","zh-Hans")) | I25: =IF(H25="","",_xlfn.TRANSLATE(H25,"vi","ja")) | J25: =IF(H25="","",_xlfn.TRANSLATE(H25,"vi","zh-Hans")) | M25: =IF(L25="","",_xlfn.TRANSLATE(L25,"vi","ja")) | N25: =IF(L25="","",_xlfn.TRANSLATE(L25,"vi","zh-Hans"))
F26: =IF(E26="","",_xlfn.TRANSLATE(E26,"vi","ja")) | G26: =IF(E26="","",_xlfn.TRANSLATE(E26,"vi","zh-Hans")) | I26: =IF(H26="","",_xlfn.TRANSLATE(H26,"vi","ja")) | J26: =IF(H26="","",_xlfn.TRANSLATE(H26,"vi","zh-Hans")) | M26: =IF(L26="","",_xlfn.TRANSLATE(L26,"vi","ja")) | N26: =IF(L26="","",_xlfn.TRANSLATE(L26,"vi","zh-Hans"))
F27: =IF(E27="","",_xlfn.TRANSLATE(E27,"vi","ja")) | G27: =IF(E27="","",_xlfn.TRANSLATE(E27,"vi","zh-Hans")) | I27: =IF(H27="","",_xlfn.TRANSLATE(H27,"vi","ja")) | J27: =IF(H27="","",_xlfn.TRANSLATE(H27,"vi","zh-Hans")) | M27: =IF(L27="","",_xlfn.TRANSLATE(L27,"vi","ja")) | N27: =IF(L27="","",_xlfn.TRANSLATE(L27,"vi","zh-Hans"))
F28: =IF(E28="","",_xlfn.TRANSLATE(E28,"vi","ja")) | G28: =IF(E28="","",_xlfn.TRANSLATE(E28,"vi","zh-Hans")) | I28: =IF(H28="","",_xlfn.TRANSLATE(H28,"vi","ja")) | J28: =IF(H28="","",_xlfn.TRANSLATE(H28,"vi","zh-Hans")) | M28: =IF(L28="","",_xlfn.TRANSLATE(L28,"vi","ja")) | N28: =IF(L28="","",_xlfn.TRANSLATE(L28,"vi","zh-Hans"))
F29: =IF(E29="","",_xlfn.TRANSLATE(E29,"vi","ja")) | G29: =IF(E29="","",_xlfn.TRANSLATE(E29,"vi","zh-Hans")) | I29: =IF(H29="","",_xlfn.TRANSLATE(H29,"vi","ja")) | J29: =IF(H29="","",_xlfn.TRANSLATE(H29,"vi","zh-Hans")) | M29: =IF(L29="","",_xlfn.TRANSLATE(L29,"vi","ja")) | N29: =IF(L29="","",_xlfn.TRANSLATE(L29,"vi","zh-Hans"))
F30: =IF(E30="","",_xlfn.TRANSLATE(E30,"vi","ja")) | G30: =IF(E30="","",_xlfn.TRANSLATE(E30,"vi","zh-Hans")) | I30: =IF(H30="","",_xlfn.TRANSLATE(H30,"vi","ja")) | J30: =IF(H30="","",_xlfn.TRANSLATE(H30,"vi","zh-Hans")) | M30: =IF(L30="","",_xlfn.TRANSLATE(L30,"vi","ja")) | N30: =IF(L30="","",_xlfn.TRANSLATE(L30,"vi","zh-Hans"))
F31: =IF(E31="","",_xlfn.TRANSLATE(E31,"vi","ja")) | G31: =IF(E31="","",_xlfn.TRANSLATE(E31,"vi","zh-Hans")) | I31: =IF(H31="","",_xlfn.TRANSLATE(H31,"vi","ja")) | J31: =IF(H31="","",_xlfn.TRANSLATE(H31,"vi","zh-Hans")) | M31: =IF(L31="","",_xlfn.TRANSLATE(L31,"vi","ja")) | N31: =IF(L31="","",_xlfn.TRANSLATE(L31,"vi","zh-Hans"))
F32: =IF(E32="","",_xlfn.TRANSLATE(E32,"vi","ja")) | G32: =IF(E32="","",_xlfn.TRANSLATE(E32,"vi","zh-Hans")) | I32: =IF(H32="","",_xlfn.TRANSLATE(H32,"vi","ja")) | J32: =IF(H32="","",_xlfn.TRANSLATE(H32,"vi","zh-Hans")) | M32: =IF(L32="","",_xlfn.TRANSLATE(L32,"vi","ja")) | N32: =IF(L32="","",_xlfn.TRANSLATE(L32,"vi","zh-Hans"))
F33: =IF(E33="","",_xlfn.TRANSLATE(E33,"vi","ja")) | G33: =IF(E33="","",_xlfn.TRANSLATE(E33,"vi","zh-Hans")) | I33: =IF(H33="","",_xlfn.TRANSLATE(H33,"vi","ja")) | J33: =IF(H33="","",_xlfn.TRANSLATE(H33,"vi","zh-Hans")) | M33: =IF(L33="","",_xlfn.TRANSLATE(L33,"vi","ja")) | N33: =IF(L33="","",_xlfn.TRANSLATE(L33,"vi","zh-Hans"))
F34: =IF(E34="","",_xlfn.TRANSLATE(E34,"vi","ja")) | G34: =IF(E34="","",_xlfn.TRANSLATE(E34,"vi","zh-Hans")) | I34: =IF(H34="","",_xlfn.TRANSLATE(H34,"vi","ja")) | J34: =IF(H34="","",_xlfn.TRANSLATE(H34,"vi","zh-Hans")) | M34: =IF(L34="","",_xlfn.TRANSLATE(L34,"vi","ja")) | N34: =IF(L34="","",_xlfn.TRANSLATE(L34,"vi","zh-Hans"))
F35: =IF(E35="","",_xlfn.TRANSLATE(E35,"vi","ja")) | G35: =IF(E35="","",_xlfn.TRANSLATE(E35,"vi","zh-Hans")) | I35: =IF(H35="","",_xlfn.TRANSLATE(H35,"vi","ja")) | J35: =IF(H35="","",_xlfn.TRANSLATE(H35,"vi","zh-Hans")) | M35: =IF(L35="","",_xlfn.TRANSLATE(L35,"vi","ja")) | N35: =IF(L35="","",_xlfn.TRANSLATE(L35,"vi","zh-Hans"))
F36: =IF(E36="","",_xlfn.TRANSLATE(E36,"vi","ja")) | G36: =IF(E36="","",_xlfn.TRANSLATE(E36,"vi","zh-Hans")) | I36: =IF(H36="","",_xlfn.TRANSLATE(H36,"vi","ja")) | J36: =IF(H36="","",_xlfn.TRANSLATE(H36,"vi","zh-Hans")) | M36: =IF(L36="","",_xlfn.TRANSLATE(L36,"vi","ja")) | N36: =IF(L36="","",_xlfn.TRANSLATE(L36,"vi","zh-Hans"))
... F104: =IF(E104="","",_xlfn.TRANSLATE(E104,"vi","ja")) | G104: =IF(E104="","",_xlfn.TRANSLATE(E104,"vi","zh-Hans")) | I104: =IF(H104="","",_xlfn.TRANSLATE(H104,"vi","ja")) | J104: =IF(H104="","",_xlfn.TRANSLATE(H104,"vi","zh-Hans")) | M104: =IF(L104="","",_xlfn.TRANSLATE(L104,"vi","ja")) | N104: =IF(L104="","",_xlfn.TRANSLATE(L104,"vi","zh-Hans"))

Sheet _ゴミ箱_Backup
A1: =INDEX(_翻訳マスタ!$B$2:$D$300,MATCH("GOMI_NO",_翻訳マスタ!$A$2:$A$300,0),MATCH(言語切替!$B$3,_翻訳マスタ!$B$1:$D$1,0)) -> Số | B1: =INDEX(_翻訳マスタ!$B$2:$D$300,MATCH("GOMI_DATE",_翻訳マスタ!$A$2:$A$300,0),MATCH(言語切替!$B$3,_翻訳マスタ!$B$1:$D$1,0)) -> Ngày xóa | C1: =INDEX(_翻訳マスタ!$B$2:$D$300,MATCH("GOMI_SHEET",_翻訳マスタ!$A$2:$A$300,0),MATCH(言語切替!$B$3,_翻訳マスタ!$B$1:$D$1,0)) -> Trang tính | D1: =INDEX(_翻訳マスタ!$B$2:$D$300,MATCH("GOMI_ID",_翻訳マスタ!$A$2:$A$300,0),MATCH(言語切替!$B$3,_翻訳マスタ!$B$1:$D$1,0)) -> Mã | E1: =INDEX(_翻訳マスタ!$B$2:$D$300,MATCH("GOMI_SNAP",_翻訳マスタ!$A$2:$A$300,0),MATCH(言語切替!$B$3,_翻訳マスタ!$B$1:$D$1,0)) -> Nội dung snapshot | F1: =INDEX(_翻訳マスタ!$B$2:$D$300,MATCH("GOMI_BY",_翻訳マスタ!$A$2:$A$300,0),MATCH(言語切替!$B$3,_翻訳マスタ!$B$1:$D$1,0)) -> Người xóa | G1: =INDEX(_翻訳マスタ!$B$2:$D$300,MATCH("GOMI_REASON",_翻訳マスタ!$A$2:$A$300,0),MATCH(言語切替!$B$3,_翻訳マスタ!$B$1:$D$1,0)) -> Lý do
A2: DEL-001 | C2: 04_課題ToDo | D2: IS-001 | E2: Do not delete physically, copy here then set Withdrawn | F2: PMO

Sheet _翻訳マスタ
A1: キー | B1: 日本語 | C1: 中文 | D1: Tiếng Việt
A2: TITLE | B2: スマートファクトリー分科会 管理ツール | C2: 智能工厂分科会 管理工具 | D2: Công cụ quản lý Tiểu ban Nhà máy Thông minh
A3: PURPOSE | B3: 目的：9つのWGを横断して、計画・課題・判断・KPIを一つの管理サイクルで運用するための初版案 | C3: 目的：跨9个工作组，以统一的管理周期管理计划、课题、决策和KPI的初版方案 | D3: Mục đích: Bản dự thảo đầu tiên nhằm quản lý kế hoạch, vấn đề, quyết định và KPI của 9 WG trong một chu trình quản lý thống nhất
A4: PRINCIPLE_HEADER | B4: 1. 基本原則 | C4: 1. 基本原则 | D4: 1. Nguyên tắc cơ bản
A5: P1 | B5: • 詳細な議論は議事録・関連資料に残す | C5: • 详细讨论保留在会议纪要及相关资料中 | D5: • Lưu các thảo luận chi tiết trong biên bản họp và tài liệu liên quan
A6: P2 | B6: • 本ファイルには結論、次アクション、担当、期限、リンクを残す | C6: • 本文件记录结论、下一步行动、负责人、期限和链接 | D6: • Trong tệp này, ghi lại kết luận, hành động tiếp theo, người phụ trách, thời hạn và liên kết
A7: P3 | B7: • 同じ内容を複数シートへ二重入力しない | C7: • 不要在多个工作表中重复录入相同内容 | D7: • Không nhập trùng cùng một nội dung trên nhiều trang tính
A8: P4 | B8: • 行を物理削除せず、変更・取下理由を記録する | C8: • 不要直接删除行，应记录变更或撤回原因 | D8: • Không xóa dòng; hãy ghi lại lý do thay đổi hoặc rút lại
A9: COL_SHEET | B9: シート | C9: 工作表 | D9: Trang tính
A10: COL_USAGE | B10: 用途 | C10: 用途 | D10: Mục đích sử dụng
A11: U1 | B11: 事務局・リーダー会用ダッシュボード | C11: 管理办公室及负责人会议用仪表板 | D11: Bảng điều khiển cho ban điều hành và cuộc họp trưởng nhóm
A12: U2 | B12: 入力候補とWG定義 | C12: 输入候选值和WG定义 | D12: Danh sách lựa chọn nhập liệu và định nghĩa WG
... A32: E4 | B32: • スコープ変更、投資、人員、上位判断が必要 | C32: • 需要变更范围、投资、人员配置或上级决策 | D32: • Cần thay đổi phạm vi, đầu tư, nhân sự hoặc quyết định cấp cao hơn
A33: DASH_TITLE | B33: 全体サマリー | C33: 整体摘要 | D33: Tổng quan | E33: =INDEX(B33:D33,1,MATCH(言語切替!$B$3,$B$1:$D$1,0)) -> Tổng quan
A34: DASH_DESC | B34: 運営事務局・週次WGリーダー会用。入力は不要。WBS／課題ToDo／KPIの情報を自動集計する。 | C34: 供管理办公室及每周WG负责人会议使用。无需输入，自动汇总WBS、课题ToDo和KPI信息。 | D34: Dùng cho ban điều hành và cuộc họp trưởng WG hàng tuần. Không cần nhập liệu; thông tin WBS, Vấn đề/ToDo và KPI được tự động tổng hợp. | E34: =INDEX(B34:D34,1,MATCH(言語切替!$B$3,$B$1:$D$1,0)) -> Dùng cho ban điều hành và cuộc họp trưởng WG hàng tuần. Không cần nhập liệu; thông tin WBS, Vấn đề/ToDo và KPI được tự động tổng hợp.
A35: DASH_OPEN_WBS | B35: 未完了WBS | C35: 未完成WBS | D35: WBS chưa hoàn thành | E35: =INDEX(B35:D35,1,MATCH(言語切替!$B$3,$B$1:$D$1,0)) -> WBS chưa hoàn thành
A36: DASH_DELAY_WBS | B36: 遅延WBS | C36: 延期WBS | D36: WBS chậm tiến độ | E36: =INDEX(B36:D36,1,MATCH(言語切替!$B$3,$B$1:$D$1,0)) -> WBS chậm tiến độ
A37: DASH_OPEN_ISSUES | B37: 未完了課題ToDo | C37: 未完成课题ToDo | D37: Vấn đề/ToDo chưa hoàn thành | E37: =INDEX(B37:D37,1,MATCH(言語切替!$B$3,$B$1:$D$1,0)) -> Vấn đề/ToDo chưa hoàn thành
A38: DASH_HIGH_OVERDUE | B38: High／期限超過 | C38: High／逾期 | D38: High / Quá hạn | E38: =INDEX(B38:D38,1,MATCH(言語切替!$B$3,$B$1:$D$1,0)) -> High / Quá hạn
A39: DASH_KPI_MISS | B39: KPI未達 | C39: KPI未达标 | D39: KPI chưa đạt | E39: =INDEX(B39:D39,1,MATCH(言語切替!$B$3,$B$1:$D$1,0)) -> KPI chưa đạt
A40: DASH_WG | B40: WG | C40: WG | D40: WG | E40: =INDEX(B40:D40,1,MATCH(言語切替!$B$3,$B$1:$D$1,0)) -> WG
A41: DASH_OPEN_ISSUES_SHORT | B41: 未完了課題 | C41: 未完成课题 | D41: Vấn đề chưa hoàn thành | E41: =INDEX(B41:D41,1,MATCH(言語切替!$B$3,$B$1:$D$1,0)) -> Vấn đề chưa hoàn thành
A42: DASH_HIGH_OVERDUE_SHORT | B42: High/超過 | C42: High/逾期 | D42: High/Quá hạn | E42: =INDEX(B42:D42,1,MATCH(言語切替!$B$3,$B$1:$D$1,0)) -> High/Quá hạn
A43: DASH_WAITING | B43: 判断/他WG待ち | C43: 待决策/等待其他WG | D43: Chờ quyết định/WG khác | E43: =INDEX(B43:D43,1,MATCH(言語切替!$B$3,$B$1:$D$1,0)) -> Chờ quyết định/WG khác
A44: DASH_CHART_TITLE | B44: WG別 未完了課題 | C44: 各WG未完成课题 | D44: Vấn đề chưa hoàn thành theo WG | E44: =INDEX(B44:D44,1,MATCH(言語切替!$B$3,$B$1:$D$1,0)) -> Vấn đề chưa hoàn thành theo WG
A45: DASH_COUNT | B45: 件数 | C45: 数量 | D45: Số lượng | E45: =INDEX(B45:D45,1,MATCH(言語切替!$B$3,$B$1:$D$1,0)) -> Số lượng
A46: DASH_ALL | B46: 全体 | C46: 整体 | D46: Toàn bộ
A47: M_TITLE | B47: 入力マスタ | C47: 输入主数据 | D47: Danh mục nhập liệu
A48: M_DESC | B48: 入力規則で使用する候補値。事務局のみが変更する。 | C48: 用于数据验证的候选值。仅限管理办公室修改。 | D48: Các giá trị lựa chọn dùng cho xác thực dữ liệu. Chỉ ban điều hành được thay đổi.
A49: M_WG | B49: WG | C49: WG | D49: WG
A50: M_SITE | B50: 拠点 | C50: 据点 | D50: Đơn vị
A51: M_STATUS | B51: ステータス | C51: 状态 | D51: Trạng thái
A52: M_PRIORITY | B52: 優先度 | C52: 优先级 | D52: Mức ưu tiên
A53: M_TYPE | B53: 区分 | C53: 分类 | D53: Phân loại
A54: M_KPI_LEVEL | B54: KPI階層 | C54: KPI层级 | D54: Cấp KPI
A55: M_JUDGMENT | B55: 判定 | C55: 判定 | D55: Đánh giá
A56: M_ALL | B56: 全体 | C56: 整体 | D56: Toàn bộ
A57: M_WG1 | B57: WG-1 | C57: WG-1 | D57: WG-1
... A262: GOMI_REASON | B262: 理由 | C262: 原因 | D262: Lý do
