Workbook

Sheet 言語切替
A1: 言語切替 / 语言切换 / Chuyển ngôn ngữ
A3: 表示言語選んでください Chọn ngôn ngữ hiển thị | B3: Tiếng Việt
A6: Language code / Ma ngon ngu (TRANSLATE, do not edit)
A7: 日本語 | B7: ja
A8: 中文 | B8: zh-Hans
A9: Tiếng Việt | B9: vi

Sheet 00_運用ルール
A1: =INDEX(_翻訳マスタ!$B$2:$D$32,MATCH("TITLE",_翻訳マスタ!$A$2:$A$32,0),MATCH(言語切替!$B$3,_翻訳マスタ!$B$1:$D$1,0)) -> Công cụ quản lý Tiểu ban Nhà máy Thông minh
A2: =INDEX(_翻訳マスタ!$B$2:$D$32,MATCH("PURPOSE",_翻訳マスタ!$A$2:$A$32,0),MATCH(言語切替!$B$3,_翻訳マスタ!$B$1:$D$1,0)) -> Mục đích: Bản dự thảo đầu tiên nhằm quản lý kế hoạch, vấn đề, quyết định và KPI của 9 WG trong một chu trình quản lý thống nhất
A4: =INDEX(_翻訳マスタ!$B$2:$D$32,MATCH("PRINCIPLE_HEADER",_翻訳マスタ!$A$2:$A$32,0),MATCH(言語切替!$B$3,_翻訳マスタ!$B$1:$D$1,0)) -> 1. Nguyên tắc cơ bản | J4: =INDEX(_翻訳マスタ!$B$2:$D$32,MATCH("COL_SHEET",_翻訳マスタ!$A$2:$A$32,0),MATCH(言語切替!$B$3,_翻訳マスタ!$B$1:$D$1,0)) -> Trang tính | K4: =INDEX(_翻訳マスタ!$B$2:$D$32,MATCH("COL_USAGE",_翻訳マスタ!$A$2:$A$32,0),MATCH(言語切替!$B$3,_翻訳マスタ!$B$1:$D$1,0)) -> Mục đích sử dụng
A5: =INDEX(_翻訳マスタ!$B$2:$D$32,MATCH("P1",_翻訳マスタ!$A$2:$A$32,0),MATCH(言語切替!$B$3,_翻訳マスタ!$B$1:$D$1,0)) -> • Lưu các thảo luận chi tiết trong biên bản họp và tài liệu liên quan | J5: 01_全体サマリー | K5: =INDEX(_翻訳マスタ!$B$2:$D$32,MATCH("U1",_翻訳マスタ!$A$2:$A$32,0),MATCH(言語切替!$B$3,_翻訳マスタ!$B$1:$D$1,0)) -> Bảng điều khiển cho ban điều hành và cuộc họp trưởng nhóm
A6: =INDEX(_翻訳マスタ!$B$2:$D$32,MATCH("P2",_翻訳マスタ!$A$2:$A$32,0),MATCH(言語切替!$B$3,_翻訳マスタ!$B$1:$D$1,0)) -> • Trong tệp này, ghi lại kết luận, hành động tiếp theo, người phụ trách, thời hạn và liên kết | J6: 02_マスタ | K6: =INDEX(_翻訳マスタ!$B$2:$D$32,MATCH("U2",_翻訳マスタ!$A$2:$A$32,0),MATCH(言語切替!$B$3,_翻訳マスタ!$B$1:$D$1,0)) -> Danh sách lựa chọn nhập liệu và định nghĩa WG
A7: =INDEX(_翻訳マスタ!$B$2:$D$32,MATCH("P3",_翻訳マスタ!$A$2:$A$32,0),MATCH(言語切替!$B$3,_翻訳マスタ!$B$1:$D$1,0)) -> • Không nhập trùng cùng một nội dung trên nhiều trang tính | J7: 03_WBS | K7: =INDEX(_翻訳マスタ!$B$2:$D$32,MATCH("U3",_翻訳マスタ!$A$2:$A$32,0),MATCH(言語切替!$B$3,_翻訳マスタ!$B$1:$D$1,0)) -> Quản lý kế hoạch sản phẩm bàn giao và mốc tiến độ
A8: =INDEX(_翻訳マスタ!$B$2:$D$32,MATCH("P4",_翻訳マスタ!$A$2:$A$32,0),MATCH(言語切替!$B$3,_翻訳マスタ!$B$1:$D$1,0)) -> • Không xóa dòng; hãy ghi lại lý do thay đổi hoặc rút lại | J8: 04_課題ToDo | K8: =INDEX(_翻訳マスタ!$B$2:$D$32,MATCH("U4",_翻訳マスタ!$A$2:$A$32,0),MATCH(言語切替!$B$3,_翻訳マスタ!$B$1:$D$1,0)) -> Quản lý trở ngại, hành động và rủi ro
J9: 05_決定事項 | K9: =INDEX(_翻訳マスタ!$B$2:$D$32,MATCH("U5",_翻訳マスタ!$A$2:$A$32,0),MATCH(言語切替!$B$3,_翻訳マスタ!$B$1:$D$1,0)) -> Ghi lại lịch sử quyết định và phạm vi ảnh hưởng
A10: =INDEX(_翻訳マスタ!$B$2:$D$32,MATCH("RESP_HEADER",_翻訳マスタ!$A$2:$A$32,0),MATCH(言語切替!$B$3,_翻訳マスタ!$B$1:$D$1,0)) -> 2. Trách nhiệm cập nhật | J10: 06_KPI | K10: =INDEX(_翻訳マスタ!$B$2:$D$32,MATCH("U6",_翻訳マスタ!$A$2:$A$32,0),MATCH(言語切替!$B$3,_翻訳マスタ!$B$1:$D$1,0)) -> Định nghĩa KPI, giá trị cơ sở, mục tiêu và thực tế
A11: =INDEX(_翻訳マスタ!$B$2:$D$32,MATCH("R1",_翻訳マスタ!$A$2:$A$32,0),MATCH(言語切替!$B$3,_翻訳マスタ!$B$1:$D$1,0)) -> • Trưởng WG: Cập nhật WBS, vấn đề và KPI sau cuộc họp WG | J11: 07_更新履歴 | K11: =INDEX(_翻訳マスタ!$B$2:$D$32,MATCH("U7",_翻訳マスタ!$A$2:$A$32,0),MATCH(言語切替!$B$3,_翻訳マスタ!$B$1:$D$1,0)) -> Ghi lại các thay đổi quan trọng
A12: =INDEX(_翻訳マスタ!$B$2:$D$32,MATCH("R2",_翻訳マスタ!$A$2:$A$32,0),MATCH(言語切替!$B$3,_翻訳マスタ!$B$1:$D$1,0)) -> • Ban điều hành: Hàng tuần rà soát các mục chưa cập nhật, quá hạn, mức High và phụ thuộc giữa các WG
A13: =INDEX(_翻訳マスタ!$B$2:$D$32,MATCH("R3",_翻訳マスタ!$A$2:$A$32,0),MATCH(言語切替!$B$3,_翻訳マスタ!$B$1:$D$1,0)) -> • Người xác nhận hoàn thành: Kiểm tra sản phẩm bàn giao hoặc kết quả xử lý và phê duyệt hoàn thành
A14: =INDEX(_翻訳マスタ!$B$2:$D$32,MATCH("R4",_翻訳マスタ!$A$2:$A$32,0),MATCH(言語切替!$B$3,_翻訳マスタ!$B$1:$D$1,0)) -> • Trưởng tiểu ban / Phó trưởng đơn vị: Quyết định các vấn đề quan trọng
A16: =INDEX(_翻訳マスタ!$B$2:$D$32,MATCH("CYCLE_HEADER",_翻訳マスタ!$A$2:$A$32,0),MATCH(言語切替!$B$3,_翻訳マスタ!$B$1:$D$1,0)) -> 3. Chu trình hàng tuần
A17: =INDEX(_翻訳マスタ!$B$2:$D$32,MATCH("C1",_翻訳マスタ!$A$2:$A$32,0),MATCH(言語切替!$B$3,_翻訳マスタ!$B$1:$D$1,0)) -> • Sau hoạt động WG: Đăng ký vấn đề mới, quyết định và hành động tiếp theo
A18: =INDEX(_翻訳マスタ!$B$2:$D$32,MATCH("C2",_翻訳マスタ!$A$2:$A$32,0),MATCH(言語切替!$B$3,_翻訳マスタ!$B$1:$D$1,0)) -> • Trước cuộc họp trưởng nhóm: Ban điều hành trích xuất các cảnh báo
A19: =INDEX(_翻訳マスタ!$B$2:$D$32,MATCH("C3",_翻訳マスタ!$A$2:$A$32,0),MATCH(言語切替!$B$3,_翻訳マスタ!$B$1:$D$1,0)) -> • Họp trưởng nhóm hàng tuần: Tập trung thảo luận các mục chờ quyết định, vấn đề liên WG và chậm tiến độ
A20: =INDEX(_翻訳マスタ!$B$2:$D$32,MATCH("C4",_翻訳マスタ!$A$2:$A$32,0),MATCH(言語切替!$B$3,_翻訳マスタ!$B$1:$D$1,0)) -> • Sau cuộc họp: Cập nhật quyết định, người phụ trách và thời hạn
A22: =INDEX(_翻訳マスタ!$B$2:$D$32,MATCH("ESC_HEADER",_翻訳マスタ!$A$2:$A$32,0),MATCH(言語切替!$B$3,_翻訳マスタ!$B$1:$D$1,0)) -> 4. Điều kiện báo cáo cấp trên
A23: =INDEX(_翻訳マスタ!$B$2:$D$32,MATCH("E1",_翻訳マスタ!$A$2:$A$32,0),MATCH(言語切替!$B$3,_翻訳マスタ!$B$1:$D$1,0)) -> • Mức ưu tiên High
A24: =INDEX(_翻訳マスタ!$B$2:$D$32,MATCH("E2",_翻訳マスタ!$A$2:$A$32,0),MATCH(言語切替!$B$3,_翻訳マスタ!$B$1:$D$1,0)) -> • Đã quá hạn hoặc có khả năng quá hạn
A25: =INDEX(_翻訳マスタ!$B$2:$D$32,MATCH("E3",_翻訳マスタ!$A$2:$A$32,0),MATCH(言語切替!$B$3,_翻訳マスタ!$B$1:$D$1,0)) -> • Ảnh hưởng đến nhiều WG hoặc nhiều đơn vị
A26: =INDEX(_翻訳マスタ!$B$2:$D$32,MATCH("E4",_翻訳マスタ!$A$2:$A$32,0),MATCH(言語切替!$B$3,_翻訳マスタ!$B$1:$D$1,0)) -> • Cần thay đổi phạm vi, đầu tư, nhân sự hoặc quyết định cấp cao hơn
A27: =INDEX(_翻訳マスタ!$B$2:$D$300,MATCH("PARA_TITLE",_翻訳マスタ!$A$2:$A$300,0),MATCH(言語切替!$B$3,_翻訳マスタ!$B$1:$D$1,0)) -> 5. Quy tắc dịch song song (nội dung mới)
A28: =INDEX(_翻訳マスタ!$B$2:$D$300,MATCH("PARA_DESC",_翻訳マスタ!$A$2:$A$300,0),MATCH(言語切替!$B$3,_翻訳マスタ!$B$1:$D$1,0)) -> Gõ vào cột [Nhập: VI/JP/CN] bằng tiếng mẹ đẻ (Việt/Nhật/Trung), các cột VI/JP/CN kề cạnh sẽ tự động dịch và hiển thị bằng hàm TRANSLATE.
A29: =INDEX(_翻訳マスタ!$B$2:$D$300,MATCH("PARA_HOWTO",_翻訳マスタ!$A$2:$A$300,0),MATCH(言語切替!$B$3,_翻訳マスタ!$B$1:$D$1,0)) -> Quy tắc nhập: 【Tiêu đề VÀNG】= Được phép nhập / chọn dữ liệu (Gõ bất kỳ tiếng Việt/Nhật/Trung vào ô [Nhập]) 【Tiêu đề XANH DƯƠNG】= Cấm nhập (Tự động tính toán & dịch tự động 3 thứ tiếng).
A30: =INDEX(_翻訳マスタ!$B$2:$D$300,MATCH("BACKUP_TITLE",_翻訳マスタ!$A$2:$A$300,0),MATCH(言語切替!$B$3,_翻訳マスタ!$B$1:$D$1,0)) -> 6. Chống xóa & sao lưu
A31: =INDEX(_翻訳マスタ!$B$2:$D$300,MATCH("BACKUP_DESC",_翻訳マスタ!$A$2:$A$300,0),MATCH(言語切替!$B$3,_翻訳マスタ!$B$1:$D$1,0)) -> Cấm xóa dòng vật lý. Chuyển sang "Rút lại" và sao chép sang _ゴミ箱_Backup. Bật Version History 500 bản trên SharePoint, hàng tuần lưu riêng.

Sheet 01_全体サマリー
A1: =INDEX(_翻訳マスタ!$B$33:$D$45,MATCH("DASH_TITLE",_翻訳マスタ!$A$33:$A$45,0),MATCH(言語切替!$B$3,_翻訳マスタ!$B$1:$D$1,0)) -> Tổng quan
A2: =INDEX(_翻訳マスタ!$B$33:$D$45,MATCH("DASH_DESC",_翻訳マスタ!$A$33:$A$45,0),MATCH(言語切替!$B$3,_翻訳マスタ!$B$1:$D$1,0)) -> Dùng cho ban điều hành và cuộc họp trưởng WG hàng tuần. Không cần nhập liệu; thông tin WBS, Vấn đề/ToDo và KPI được tự động tổng hợp.
B4: =INDEX(_翻訳マスタ!$B$33:$D$45,MATCH("DASH_OPEN_WBS",_翻訳マスタ!$A$33:$A$45,0),MATCH(言語切替!$B$3,_翻訳マスタ!$B$1:$D$1,0)) -> WBS chưa hoàn thành | D4: =INDEX(_翻訳マスタ!$B$33:$D$45,MATCH("DASH_DELAY_WBS",_翻訳マスタ!$A$33:$A$45,0),MATCH(言語切替!$B$3,_翻訳マスタ!$B$1:$D$1,0)) -> WBS chậm tiến độ | F4: =INDEX(_翻訳マスタ!$B$33:$D$45,MATCH("DASH_OPEN_ISSUES",_翻訳マスタ!$A$33:$A$45,0),MATCH(言語切替!$B$3,_翻訳マスタ!$B$1:$D$1,0)) -> Vấn đề/ToDo chưa hoàn thành | H4: =INDEX(_翻訳マスタ!$B$33:$D$45,MATCH("DASH_HIGH_OVERDUE",_翻訳マスタ!$A$33:$A$45,0),MATCH(言語切替!$B$3,_翻訳マスタ!$B$1:$D$1,0)) -> High / Quá hạn | J4: =INDEX(_翻訳マスタ!$B$33:$D$45,MATCH("DASH_KPI_MISS",_翻訳マスタ!$A$33:$A$45,0),MATCH(言語切替!$B$3,_翻訳マスタ!$B$1:$D$1,0)) -> KPI chưa đạt
B5: =COUNTIFS('03_WBS'!$A$5:$A$205,"<>",'03_WBS'!$T$5:$T$205,"<>"&INDEX(_翻訳マスタ!$B$75:$D$75,1,MATCH(言語切替!$B$3,_翻訳マスタ!$B$1:$D$1,0))) -> 8 | D5: =COUNTIF('03_WBS'!$T$5:$T$205,INDEX(_翻訳マスタ!$B$92:$D$92,1,MATCH(言語切替!$B$3,_翻訳マスタ!$B$1:$D$1,0))) -> 0 | F5: =COUNTIFS('04_課題ToDo'!$A$5:$A$304,"<>",'04_課題ToDo'!$W$5:$W$304,"<>"&INDEX(_翻訳マスタ!$B$75:$D$75,1,MATCH(言語切替!$B$3,_翻訳マスタ!$B$1:$D$1,0)),'04_課題ToDo'!$W$5:$W$304,"<>"&INDEX(_翻訳マスタ!$B$77:$D$77,1,MATCH(言語切替!$B$3,_翻訳マスタ!$B$1:$D$1,0))) -> 0 | H5: =COUNTIFS('04_課題ToDo'!$A$5:$A$304,"<>",'04_課題ToDo'!$AI$5:$AI$304,"High")+COUNTIFS('04_課題ToDo'!$A$5:$A$304,"<>",'04_課題ToDo'!$AI$5:$AI$304,INDEX(_翻訳マスタ!$B$117:$D$247,MATCH("ALERT_OVERDUE",_翻訳マスタ!$A$117:$A$247,0),MATCH(言語切替!$B$3,_翻訳マスタ!$B$1:$D$1,0))) -> 0 | J5: =COUNTIFS('06_KPI'!$A$5:$A$204,"<>",'06_KPI'!$X$5:$X$204,INDEX(_翻訳マスタ!$B$94:$D$94,1,MATCH(言語切替!$B$3,_翻訳マスタ!$B$1:$D$1,0))) -> 0
A9: =INDEX(_翻訳マスタ!$B$33:$D$45,MATCH("DASH_WG",_翻訳マスタ!$A$33:$A$45,0),MATCH(言語切替!$B$3,_翻訳マスタ!$B$1:$D$1,0)) -> WG | B9: =INDEX(_翻訳マスタ!$B$33:$D$45,MATCH("DASH_OPEN_WBS",_翻訳マスタ!$A$33:$A$45,0),MATCH(言語切替!$B$3,_翻訳マスタ!$B$1:$D$1,0)) -> WBS chưa hoàn thành | C9: =INDEX(_翻訳マスタ!$B$33:$D$45,MATCH("DASH_DELAY_WBS",_翻訳マスタ!$A$33:$A$45,0),MATCH(言語切替!$B$3,_翻訳マスタ!$B$1:$D$1,0)) -> WBS chậm tiến độ | D9: =INDEX(_翻訳マスタ!$B$33:$D$45,MATCH("DASH_OPEN_ISSUES_SHORT",_翻訳マスタ!$A$33:$A$45,0),MATCH(言語切替!$B$3,_翻訳マスタ!$B$1:$D$1,0)) -> Vấn đề chưa hoàn thành | E9: =INDEX(_翻訳マスタ!$B$33:$D$45,MATCH("DASH_HIGH_OVERDUE_SHORT",_翻訳マスタ!$A$33:$A$45,0),MATCH(言語切替!$B$3,_翻訳マスタ!$B$1:$D$1,0)) -> High/Quá hạn | F9: =INDEX(_翻訳マスタ!$B$33:$D$45,MATCH("DASH_WAITING",_翻訳マスタ!$A$33:$A$45,0),MATCH(言語切替!$B$3,_翻訳マスタ!$B$1:$D$1,0)) -> Chờ quyết định/WG khác | G9: =INDEX(_翻訳マスタ!$B$33:$D$45,MATCH("DASH_KPI_MISS",_翻訳マスタ!$A$33:$A$45,0),MATCH(言語切替!$B$3,_翻訳マスタ!$B$1:$D$1,0)) -> KPI chưa đạt
A10: ='02_マスタ'!$A$5 -> Toàn bộ | B10: =COUNTIFS('03_WBS'!$B$5:$B$205,$A10,'03_WBS'!$T$5:$T$205,"<>"&INDEX(_翻訳マスタ!$B$75:$D$75,1,MATCH(言語切替!$B$3,_翻訳マスタ!$B$1:$D$1,0))) -> 1 | C10: =COUNTIFS('03_WBS'!$B$5:$B$205,$A10,'03_WBS'!$T$5:$T$205,INDEX(_翻訳マスタ!$B$92:$D$92,1,MATCH(言語切替!$B$3,_翻訳マスタ!$B$1:$D$1,0))) -> 0 | D10: =COUNTIFS('04_課題ToDo'!$C$5:$C$304,$A10,'04_課題ToDo'!$W$5:$W$304,"<>"&INDEX(_翻訳マスタ!$B$75:$D$75,1,MATCH(言語切替!$B$3,_翻訳マスタ!$B$1:$D$1,0)),'04_課題ToDo'!$W$5:$W$304,"<>"&INDEX(_翻訳マスタ!$B$77:$D$77,1,MATCH(言語切替!$B$3,_翻訳マスタ!$B$1:$D$1,0))) -> 1 | E10: =COUNTIFS('04_課題ToDo'!$C$5:$C$304,$A10,'04_課題ToDo'!$AI$5:$AI$304,"High")+COUNTIFS('04_課題ToDo'!$C$5:$C$304,$A10,'04_課題ToDo'!$AI$5:$AI$304,INDEX(_翻訳マスタ!$B$117:$D$247,MATCH("ALERT_OVERDUE",_翻訳マスタ!$A$117:$A$247,0),MATCH(言語切替!$B$3,_翻訳マスタ!$B$1:$D$1,0))) -> 0 | F10: =COUNTIFS('04_課題ToDo'!$C$5:$C$304,$A10,'04_課題ToDo'!$W$5:$W$304,INDEX(_翻訳マスタ!$B$72:$D$72,1,MATCH(言語切替!$B$3,_翻訳マスタ!$B$1:$D$1,0)))+COUNTIFS('04_課題ToDo'!$C$5:$C$304,$A10,'04_課題ToDo'!$W$5:$W$304,INDEX(_翻訳マスタ!$B$73:$D$73,1,MATCH(言語切替!$B$3,_翻訳マスタ!$B$1:$D$1,0))) -> 0 | G10: =COUNTIFS('06_KPI'!$B$5:$B$204,$A10,'06_KPI'!$X$5:$X$204,INDEX(_翻訳マスタ!$B$94:$D$94,1,MATCH(言語切替!$B$3,_翻訳マスタ!$B$1:$D$1,0))) -> 0
A11: WG-1 | B11: =COUNTIFS('03_WBS'!$B$5:$B$205,$A11,'03_WBS'!$T$5:$T$205,"<>"&INDEX(_翻訳マスタ!$B$75:$D$75,1,MATCH(言語切替!$B$3,_翻訳マスタ!$B$1:$D$1,0))) -> 1 | C11: =COUNTIFS('03_WBS'!$B$5:$B$205,$A11,'03_WBS'!$T$5:$T$205,INDEX(_翻訳マスタ!$B$92:$D$92,1,MATCH(言語切替!$B$3,_翻訳マスタ!$B$1:$D$1,0))) -> 0 | D11: =COUNTIFS('04_課題ToDo'!$C$5:$C$304,$A11,'04_課題ToDo'!$W$5:$W$304,"<>"&INDEX(_翻訳マスタ!$B$75:$D$75,1,MATCH(言語切替!$B$3,_翻訳マスタ!$B$1:$D$1,0)),'04_課題ToDo'!$W$5:$W$304,"<>"&INDEX(_翻訳マスタ!$B$77:$D$77,1,MATCH(言語切替!$B$3,_翻訳マスタ!$B$1:$D$1,0))) -> 0 | E11: =COUNTIFS('04_課題ToDo'!$C$5:$C$304,$A11,'04_課題ToDo'!$AI$5:$AI$304,"High")+COUNTIFS('04_課題ToDo'!$C$5:$C$304,$A11,'04_課題ToDo'!$AI$5:$AI$304,INDEX(_翻訳マスタ!$B$117:$D$247,MATCH("ALERT_OVERDUE",_翻訳マスタ!$A$117:$A$247,0),MATCH(言語切替!$B$3,_翻訳マスタ!$B$1:$D$1,0))) -> 0 | F11: =COUNTIFS('04_課題ToDo'!$C$5:$C$304,$A11,'04_課題ToDo'!$W$5:$W$304,INDEX(_翻訳マスタ!$B$72:$D$72,1,MATCH(言語切替!$B$3,_翻訳マスタ!$B$1:$D$1,0)))+COUNTIFS('04_課題ToDo'!$C$5:$C$304,$A11,'04_課題ToDo'!$W$5:$W$304,INDEX(_翻訳マスタ!$B$73:$D$73,1,MATCH(言語切替!$B$3,_翻訳マスタ!$B$1:$D$1,0))) -> 0 | G11: =COUNTIFS('06_KPI'!$B$5:$B$204,$A11,'06_KPI'!$X$5:$X$204,INDEX(_翻訳マスタ!$B$94:$D$94,1,MATCH(言語切替!$B$3,_翻訳マスタ!$B$1:$D$1,0))) -> 0
A12: WG-2 | B12: =COUNTIFS('03_WBS'!$B$5:$B$205,$A12,'03_WBS'!$T$5:$T$205,"<>"&INDEX(_翻訳マスタ!$B$75:$D$75,1,MATCH(言語切替!$B$3,_翻訳マスタ!$B$1:$D$1,0))) -> 0 | C12: =COUNTIFS('03_WBS'!$B$5:$B$205,$A12,'03_WBS'!$T$5:$T$205,INDEX(_翻訳マスタ!$B$92:$D$92,1,MATCH(言語切替!$B$3,_翻訳マスタ!$B$1:$D$1,0))) -> 0 | D12: =COUNTIFS('04_課題ToDo'!$C$5:$C$304,$A12,'04_課題ToDo'!$W$5:$W$304,"<>"&INDEX(_翻訳マスタ!$B$75:$D$75,1,MATCH(言語切替!$B$3,_翻訳マスタ!$B$1:$D$1,0)),'04_課題ToDo'!$W$5:$W$304,"<>"&INDEX(_翻訳マスタ!$B$77:$D$77,1,MATCH(言語切替!$B$3,_翻訳マスタ!$B$1:$D$1,0))) -> 0 | E12: =COUNTIFS('04_課題ToDo'!$C$5:$C$304,$A12,'04_課題ToDo'!$AI$5:$AI$304,"High")+COUNTIFS('04_課題ToDo'!$C$5:$C$304,$A12,'04_課題ToDo'!$AI$5:$AI$304,INDEX(_翻訳マスタ!$B$117:$D$247,MATCH("ALERT_OVERDUE",_翻訳マスタ!$A$117:$A$247,0),MATCH(言語切替!$B$3,_翻訳マスタ!$B$1:$D$1,0))) -> 0 | F12: =COUNTIFS('04_課題ToDo'!$C$5:$C$304,$A12,'04_課題ToDo'!$W$5:$W$304,INDEX(_翻訳マスタ!$B$72:$D$72,1,MATCH(言語切替!$B$3,_翻訳マスタ!$B$1:$D$1,0)))+COUNTIFS('04_課題ToDo'!$C$5:$C$304,$A12,'04_課題ToDo'!$W$5:$W$304,INDEX(_翻訳マスタ!$B$73:$D$73,1,MATCH(言語切替!$B$3,_翻訳マスタ!$B$1:$D$1,0))) -> 0 | G12: =COUNTIFS('06_KPI'!$B$5:$B$204,$A12,'06_KPI'!$X$5:$X$204,INDEX(_翻訳マスタ!$B$94:$D$94,1,MATCH(言語切替!$B$3,_翻訳マスタ!$B$1:$D$1,0))) -> 0
A13: WG-3 | B13: =COUNTIFS('03_WBS'!$B$5:$B$205,$A13,'03_WBS'!$T$5:$T$205,"<>"&INDEX(_翻訳マスタ!$B$75:$D$75,1,MATCH(言語切替!$B$3,_翻訳マスタ!$B$1:$D$1,0))) -> 0 | C13: =COUNTIFS('03_WBS'!$B$5:$B$205,$A13,'03_WBS'!$T$5:$T$205,INDEX(_翻訳マスタ!$B$92:$D$92,1,MATCH(言語切替!$B$3,_翻訳マスタ!$B$1:$D$1,0))) -> 0 | D13: =COUNTIFS('04_課題ToDo'!$C$5:$C$304,$A13,'04_課題ToDo'!$W$5:$W$304,"<>"&INDEX(_翻訳マスタ!$B$75:$D$75,1,MATCH(言語切替!$B$3,_翻訳マスタ!$B$1:$D$1,0)),'04_課題ToDo'!$W$5:$W$304,"<>"&INDEX(_翻訳マスタ!$B$77:$D$77,1,MATCH(言語切替!$B$3,_翻訳マスタ!$B$1:$D$1,0))) -> 0 | E13: =COUNTIFS('04_課題ToDo'!$C$5:$C$304,$A13,'04_課題ToDo'!$AI$5:$AI$304,"High")+COUNTIFS('04_課題ToDo'!$C$5:$C$304,$A13,'04_課題ToDo'!$AI$5:$AI$304,INDEX(_翻訳マスタ!$B$117:$D$247,MATCH("ALERT_OVERDUE",_翻訳マスタ!$A$117:$A$247,0),MATCH(言語切替!$B$3,_翻訳マスタ!$B$1:$D$1,0))) -> 0 | F13: =COUNTIFS('04_課題ToDo'!$C$5:$C$304,$A13,'04_課題ToDo'!$W$5:$W$304,INDEX(_翻訳マスタ!$B$72:$D$72,1,MATCH(言語切替!$B$3,_翻訳マスタ!$B$1:$D$1,0)))+COUNTIFS('04_課題ToDo'!$C$5:$C$304,$A13,'04_課題ToDo'!$W$5:$W$304,INDEX(_翻訳マスタ!$B$73:$D$73,1,MATCH(言語切替!$B$3,_翻訳マスタ!$B$1:$D$1,0))) -> 0 | G13: =COUNTIFS('06_KPI'!$B$5:$B$204,$A13,'06_KPI'!$X$5:$X$204,INDEX(_翻訳マスタ!$B$94:$D$94,1,MATCH(言語切替!$B$3,_翻訳マスタ!$B$1:$D$1,0))) -> 0
A14: WG-4 | B14: =COUNTIFS('03_WBS'!$B$5:$B$205,$A14,'03_WBS'!$T$5:$T$205,"<>"&INDEX(_翻訳マスタ!$B$75:$D$75,1,MATCH(言語切替!$B$3,_翻訳マスタ!$B$1:$D$1,0))) -> 0 | C14: =COUNTIFS('03_WBS'!$B$5:$B$205,$A14,'03_WBS'!$T$5:$T$205,INDEX(_翻訳マスタ!$B$92:$D$92,1,MATCH(言語切替!$B$3,_翻訳マスタ!$B$1:$D$1,0))) -> 0 | D14: =COUNTIFS('04_課題ToDo'!$C$5:$C$304,$A14,'04_課題ToDo'!$W$5:$W$304,"<>"&INDEX(_翻訳マスタ!$B$75:$D$75,1,MATCH(言語切替!$B$3,_翻訳マスタ!$B$1:$D$1,0)),'04_課題ToDo'!$W$5:$W$304,"<>"&INDEX(_翻訳マスタ!$B$77:$D$77,1,MATCH(言語切替!$B$3,_翻訳マスタ!$B$1:$D$1,0))) -> 1 | E14: =COUNTIFS('04_課題ToDo'!$C$5:$C$304,$A14,'04_課題ToDo'!$AI$5:$AI$304,"High")+COUNTIFS('04_課題ToDo'!$C$5:$C$304,$A14,'04_課題ToDo'!$AI$5:$AI$304,INDEX(_翻訳マスタ!$B$117:$D$247,MATCH("ALERT_OVERDUE",_翻訳マスタ!$A$117:$A$247,0),MATCH(言語切替!$B$3,_翻訳マスタ!$B$1:$D$1,0))) -> 0 | F14: =COUNTIFS('04_課題ToDo'!$C$5:$C$304,$A14,'04_課題ToDo'!$W$5:$W$304,INDEX(_翻訳マスタ!$B$72:$D$72,1,MATCH(言語切替!$B$3,_翻訳マスタ!$B$1:$D$1,0)))+COUNTIFS('04_課題ToDo'!$C$5:$C$304,$A14,'04_課題ToDo'!$W$5:$W$304,INDEX(_翻訳マスタ!$B$73:$D$73,1,MATCH(言語切替!$B$3,_翻訳マスタ!$B$1:$D$1,0))) -> 0 | G14: =COUNTIFS('06_KPI'!$B$5:$B$204,$A14,'06_KPI'!$X$5:$X$204,INDEX(_翻訳マスタ!$B$94:$D$94,1,MATCH(言語切替!$B$3,_翻訳マスタ!$B$1:$D$1,0))) -> 0
A15: WG-5 | B15: =COUNTIFS('03_WBS'!$B$5:$B$205,$A15,'03_WBS'!$T$5:$T$205,"<>"&INDEX(_翻訳マスタ!$B$75:$D$75,1,MATCH(言語切替!$B$3,_翻訳マスタ!$B$1:$D$1,0))) -> 4 | C15: =COUNTIFS('03_WBS'!$B$5:$B$205,$A15,'03_WBS'!$T$5:$T$205,INDEX(_翻訳マスタ!$B$92:$D$92,1,MATCH(言語切替!$B$3,_翻訳マスタ!$B$1:$D$1,0))) -> 0 | D15: =COUNTIFS('04_課題ToDo'!$C$5:$C$304,$A15,'04_課題ToDo'!$W$5:$W$304,"<>"&INDEX(_翻訳マスタ!$B$75:$D$75,1,MATCH(言語切替!$B$3,_翻訳マスタ!$B$1:$D$1,0)),'04_課題ToDo'!$W$5:$W$304,"<>"&INDEX(_翻訳マスタ!$B$77:$D$77,1,MATCH(言語切替!$B$3,_翻訳マスタ!$B$1:$D$1,0))) -> 1 | E15: =COUNTIFS('04_課題ToDo'!$C$5:$C$304,$A15,'04_課題ToDo'!$AI$5:$AI$304,"High")+COUNTIFS('04_課題ToDo'!$C$5:$C$304,$A15,'04_課題ToDo'!$AI$5:$AI$304,INDEX(_翻訳マスタ!$B$117:$D$247,MATCH("ALERT_OVERDUE",_翻訳マスタ!$A$117:$A$247,0),MATCH(言語切替!$B$3,_翻訳マスタ!$B$1:$D$1,0))) -> 0 | F15: =COUNTIFS('04_課題ToDo'!$C$5:$C$304,$A15,'04_課題ToDo'!$W$5:$W$304,INDEX(_翻訳マスタ!$B$72:$D$72,1,MATCH(言語切替!$B$3,_翻訳マスタ!$B$1:$D$1,0)))+COUNTIFS('04_課題ToDo'!$C$5:$C$304,$A15,'04_課題ToDo'!$W$5:$W$304,INDEX(_翻訳マスタ!$B$73:$D$73,1,MATCH(言語切替!$B$3,_翻訳マスタ!$B$1:$D$1,0))) -> 0 | G15: =COUNTIFS('06_KPI'!$B$5:$B$204,$A15,'06_KPI'!$X$5:$X$204,INDEX(_翻訳マスタ!$B$94:$D$94,1,MATCH(言語切替!$B$3,_翻訳マスタ!$B$1:$D$1,0))) -> 0
A16: WG-6 | B16: =COUNTIFS('03_WBS'!$B$5:$B$205,$A16,'03_WBS'!$T$5:$T$205,"<>"&INDEX(_翻訳マスタ!$B$75:$D$75,1,MATCH(言語切替!$B$3,_翻訳マスタ!$B$1:$D$1,0))) -> 0 | C16: =COUNTIFS('03_WBS'!$B$5:$B$205,$A16,'03_WBS'!$T$5:$T$205,INDEX(_翻訳マスタ!$B$92:$D$92,1,MATCH(言語切替!$B$3,_翻訳マスタ!$B$1:$D$1,0))) -> 0 | D16: =COUNTIFS('04_課題ToDo'!$C$5:$C$304,$A16,'04_課題ToDo'!$W$5:$W$304,"<>"&INDEX(_翻訳マスタ!$B$75:$D$75,1,MATCH(言語切替!$B$3,_翻訳マスタ!$B$1:$D$1,0)),'04_課題ToDo'!$W$5:$W$304,"<>"&INDEX(_翻訳マスタ!$B$77:$D$77,1,MATCH(言語切替!$B$3,_翻訳マスタ!$B$1:$D$1,0))) -> 0 | E16: =COUNTIFS('04_課題ToDo'!$C$5:$C$304,$A16,'04_課題ToDo'!$AI$5:$AI$304,"High")+COUNTIFS('04_課題ToDo'!$C$5:$C$304,$A16,'04_課題ToDo'!$AI$5:$AI$304,INDEX(_翻訳マスタ!$B$117:$D$247,MATCH("ALERT_OVERDUE",_翻訳マスタ!$A$117:$A$247,0),MATCH(言語切替!$B$3,_翻訳マスタ!$B$1:$D$1,0))) -> 0 | F16: =COUNTIFS('04_課題ToDo'!$C$5:$C$304,$A16,'04_課題ToDo'!$W$5:$W$304,INDEX(_翻訳マスタ!$B$72:$D$72,1,MATCH(言語切替!$B$3,_翻訳マスタ!$B$1:$D$1,0)))+COUNTIFS('04_課題ToDo'!$C$5:$C$304,$A16,'04_課題ToDo'!$W$5:$W$304,INDEX(_翻訳マスタ!$B$73:$D$73,1,MATCH(言語切替!$B$3,_翻訳マスタ!$B$1:$D$1,0))) -> 0 | G16: =COUNTIFS('06_KPI'!$B$5:$B$204,$A16,'06_KPI'!$X$5:$X$204,INDEX(_翻訳マスタ!$B$94:$D$94,1,MATCH(言語切替!$B$3,_翻訳マスタ!$B$1:$D$1,0))) -> 0
A17: WG-7 | B17: =COUNTIFS('03_WBS'!$B$5:$B$205,$A17,'03_WBS'!$T$5:$T$205,"<>"&INDEX(_翻訳マスタ!$B$75:$D$75,1,MATCH(言語切替!$B$3,_翻訳マスタ!$B$1:$D$1,0))) -> 0 | C17: =COUNTIFS('03_WBS'!$B$5:$B$205,$A17,'03_WBS'!$T$5:$T$205,INDEX(_翻訳マスタ!$B$92:$D$92,1,MATCH(言語切替!$B$3,_翻訳マスタ!$B$1:$D$1,0))) -> 0 | D17: =COUNTIFS('04_課題ToDo'!$C$5:$C$304,$A17,'04_課題ToDo'!$W$5:$W$304,"<>"&INDEX(_翻訳マスタ!$B$75:$D$75,1,MATCH(言語切替!$B$3,_翻訳マスタ!$B$1:$D$1,0)),'04_課題ToDo'!$W$5:$W$304,"<>"&INDEX(_翻訳マスタ!$B$77:$D$77,1,MATCH(言語切替!$B$3,_翻訳マスタ!$B$1:$D$1,0))) -> 1 | E17: =COUNTIFS('04_課題ToDo'!$C$5:$C$304,$A17,'04_課題ToDo'!$AI$5:$AI$304,"High")+COUNTIFS('04_課題ToDo'!$C$5:$C$304,$A17,'04_課題ToDo'!$AI$5:$AI$304,INDEX(_翻訳マスタ!$B$117:$D$247,MATCH("ALERT_OVERDUE",_翻訳マスタ!$A$117:$A$247,0),MATCH(言語切替!$B$3,_翻訳マスタ!$B$1:$D$1,0))) -> 0 | F17: =COUNTIFS('04_課題ToDo'!$C$5:$C$304,$A17,'04_課題ToDo'!$W$5:$W$304,INDEX(_翻訳マスタ!$B$72:$D$72,1,MATCH(言語切替!$B$3,_翻訳マスタ!$B$1:$D$1,0)))+COUNTIFS('04_課題ToDo'!$C$5:$C$304,$A17,'04_課題ToDo'!$W$5:$W$304,INDEX(_翻訳マスタ!$B$73:$D$73,1,MATCH(言語切替!$B$3,_翻訳マスタ!$B$1:$D$1,0))) -> 0 | G17: =COUNTIFS('06_KPI'!$B$5:$B$204,$A17,'06_KPI'!$X$5:$X$204,INDEX(_翻訳マスタ!$B$94:$D$94,1,MATCH(言語切替!$B$3,_翻訳マスタ!$B$1:$D$1,0))) -> 0
A18: WG-8 | B18: =COUNTIFS('03_WBS'!$B$5:$B$205,$A18,'03_WBS'!$T$5:$T$205,"<>"&INDEX(_翻訳マスタ!$B$75:$D$75,1,MATCH(言語切替!$B$3,_翻訳マスタ!$B$1:$D$1,0))) -> 1 | C18: =COUNTIFS('03_WBS'!$B$5:$B$205,$A18,'03_WBS'!$T$5:$T$205,INDEX(_翻訳マスタ!$B$92:$D$92,1,MATCH(言語切替!$B$3,_翻訳マスタ!$B$1:$D$1,0))) -> 0 | D18: =COUNTIFS('04_課題ToDo'!$C$5:$C$304,$A18,'04_課題ToDo'!$W$5:$W$304,"<>"&INDEX(_翻訳マスタ!$B$75:$D$75,1,MATCH(言語切替!$B$3,_翻訳マスタ!$B$1:$D$1,0)),'04_課題ToDo'!$W$5:$W$304,"<>"&INDEX(_翻訳マスタ!$B$77:$D$77,1,MATCH(言語切替!$B$3,_翻訳マスタ!$B$1:$D$1,0))) -> 0 | E18: =COUNTIFS('04_課題ToDo'!$C$5:$C$304,$A18,'04_課題ToDo'!$AI$5:$AI$304,"High")+COUNTIFS('04_課題ToDo'!$C$5:$C$304,$A18,'04_課題ToDo'!$AI$5:$AI$304,INDEX(_翻訳マスタ!$B$117:$D$247,MATCH("ALERT_OVERDUE",_翻訳マスタ!$A$117:$A$247,0),MATCH(言語切替!$B$3,_翻訳マスタ!$B$1:$D$1,0))) -> 0 | F18: =COUNTIFS('04_課題ToDo'!$C$5:$C$304,$A18,'04_課題ToDo'!$W$5:$W$304,INDEX(_翻訳マスタ!$B$72:$D$72,1,MATCH(言語切替!$B$3,_翻訳マスタ!$B$1:$D$1,0)))+COUNTIFS('04_課題ToDo'!$C$5:$C$304,$A18,'04_課題ToDo'!$W$5:$W$304,INDEX(_翻訳マスタ!$B$73:$D$73,1,MATCH(言語切替!$B$3,_翻訳マスタ!$B$1:$D$1,0))) -> 0 | G18: =COUNTIFS('06_KPI'!$B$5:$B$204,$A18,'06_KPI'!$X$5:$X$204,INDEX(_翻訳マスタ!$B$94:$D$94,1,MATCH(言語切替!$B$3,_翻訳マスタ!$B$1:$D$1,0))) -> 0
A19: WG-9 | B19: =COUNTIFS('03_WBS'!$B$5:$B$205,$A19,'03_WBS'!$T$5:$T$205,"<>"&INDEX(_翻訳マスタ!$B$75:$D$75,1,MATCH(言語切替!$B$3,_翻訳マスタ!$B$1:$D$1,0))) -> 0 | C19: =COUNTIFS('03_WBS'!$B$5:$B$205,$A19,'03_WBS'!$T$5:$T$205,INDEX(_翻訳マスタ!$B$92:$D$92,1,MATCH(言語切替!$B$3,_翻訳マスタ!$B$1:$D$1,0))) -> 0 | D19: =COUNTIFS('04_課題ToDo'!$C$5:$C$304,$A19,'04_課題ToDo'!$W$5:$W$304,"<>"&INDEX(_翻訳マスタ!$B$75:$D$75,1,MATCH(言語切替!$B$3,_翻訳マスタ!$B$1:$D$1,0)),'04_課題ToDo'!$W$5:$W$304,"<>"&INDEX(_翻訳マスタ!$B$77:$D$77,1,MATCH(言語切替!$B$3,_翻訳マスタ!$B$1:$D$1,0))) -> 1 | E19: =COUNTIFS('04_課題ToDo'!$C$5:$C$304,$A19,'04_課題ToDo'!$AI$5:$AI$304,"High")+COUNTIFS('04_課題ToDo'!$C$5:$C$304,$A19,'04_課題ToDo'!$AI$5:$AI$304,INDEX(_翻訳マスタ!$B$117:$D$247,MATCH("ALERT_OVERDUE",_翻訳マスタ!$A$117:$A$247,0),MATCH(言語切替!$B$3,_翻訳マスタ!$B$1:$D$1,0))) -> 0 | F19: =COUNTIFS('04_課題ToDo'!$C$5:$C$304,$A19,'04_課題ToDo'!$W$5:$W$304,INDEX(_翻訳マスタ!$B$72:$D$72,1,MATCH(言語切替!$B$3,_翻訳マスタ!$B$1:$D$1,0)))+COUNTIFS('04_課題ToDo'!$C$5:$C$304,$A19,'04_課題ToDo'!$W$5:$W$304,INDEX(_翻訳マスタ!$B$73:$D$73,1,MATCH(言語切替!$B$3,_翻訳マスタ!$B$1:$D$1,0))) -> 0 | G19: =COUNTIFS('06_KPI'!$B$5:$B$204,$A19,'06_KPI'!$X$5:$X$204,INDEX(_翻訳マスタ!$B$94:$D$94,1,MATCH(言語切替!$B$3,_翻訳マスタ!$B$1:$D$1,0))) -> 0

Sheet 02_マスタ
A1: =INDEX(_翻訳マスタ!$B$47:$D$98,MATCH("M_TITLE",_翻訳マスタ!$A$47:$A$98,0),MATCH(言語切替!$B$3,_翻訳マスタ!$B$1:$D$1,0)) -> Danh mục nhập liệu
A2: =INDEX(_翻訳マスタ!$B$47:$D$98,MATCH("M_DESC",_翻訳マスタ!$A$47:$A$98,0),MATCH(言語切替!$B$3,_翻訳マスタ!$B$1:$D$1,0)) -> Các giá trị lựa chọn dùng cho xác thực dữ liệu. Chỉ ban điều hành được thay đổi.
A4: =INDEX(_翻訳マスタ!$B$47:$D$98,MATCH("M_WG",_翻訳マスタ!$A$47:$A$98,0),MATCH(言語切替!$B$3,_翻訳マスタ!$B$1:$D$1,0)) -> WG | C4: =INDEX(_翻訳マスタ!$B$47:$D$98,MATCH("M_SITE",_翻訳マスタ!$A$47:$A$98,0),MATCH(言語切替!$B$3,_翻訳マスタ!$B$1:$D$1,0)) -> Đơn vị | E4: =INDEX(_翻訳マスタ!$B$47:$D$98,MATCH("M_STATUS",_翻訳マスタ!$A$47:$A$98,0),MATCH(言語切替!$B$3,_翻訳マスタ!$B$1:$D$1,0)) -> Trạng thái | G4: =INDEX(_翻訳マスタ!$B$47:$D$98,MATCH("M_PRIORITY",_翻訳マスタ!$A$47:$A$98,0),MATCH(言語切替!$B$3,_翻訳マスタ!$B$1:$D$1,0)) -> Mức ưu tiên | I4: =INDEX(_翻訳マスタ!$B$47:$D$98,MATCH("M_TYPE",_翻訳マスタ!$A$47:$A$98,0),MATCH(言語切替!$B$3,_翻訳マスタ!$B$1:$D$1,0)) -> Phân loại | K4: =INDEX(_翻訳マスタ!$B$47:$D$98,MATCH("M_KPI_LEVEL",_翻訳マスタ!$A$47:$A$98,0),MATCH(言語切替!$B$3,_翻訳マスタ!$B$1:$D$1,0)) -> Cấp KPI | M4: =INDEX(_翻訳マスタ!$B$47:$D$98,MATCH("M_JUDGMENT",_翻訳マスタ!$A$47:$A$98,0),MATCH(言語切替!$B$3,_翻訳マスタ!$B$1:$D$1,0)) -> Đánh giá
A5: =INDEX(_翻訳マスタ!$B$47:$D$98,MATCH("M_ALL",_翻訳マスタ!$A$47:$A$98,0),MATCH(言語切替!$B$3,_翻訳マスタ!$B$1:$D$1,0)) -> Toàn bộ | C5: =INDEX(_翻訳マスタ!$B$47:$D$98,MATCH("M_COMMON",_翻訳マスタ!$A$47:$A$98,0),MATCH(言語切替!$B$3,_翻訳マスタ!$B$1:$D$1,0)) -> Chung | E5: =INDEX(_翻訳マスタ!$B$47:$D$98,MATCH("M_NOT_STARTED",_翻訳マスタ!$A$47:$A$98,0),MATCH(言語切替!$B$3,_翻訳マスタ!$B$1:$D$1,0)) -> Chưa bắt đầu | G5: =INDEX(_翻訳マスタ!$B$47:$D$98,MATCH("M_HIGH",_翻訳マスタ!$A$47:$A$98,0),MATCH(言語切替!$B$3,_翻訳マスタ!$B$1:$D$1,0)) -> High | I5: =INDEX(_翻訳マスタ!$B$47:$D$98,MATCH("M_ISSUE",_翻訳マスタ!$A$47:$A$98,0),MATCH(言語切替!$B$3,_翻訳マスタ!$B$1:$D$1,0)) -> Vấn đề | K5: =INDEX(_翻訳マスタ!$B$47:$D$98,MATCH("M_FOUNDATION",_翻訳マスタ!$A$47:$A$98,0),MATCH(言語切替!$B$3,_翻訳マスタ!$B$1:$D$1,0)) -> Thiết lập nền tảng | M5: =INDEX(_翻訳マスタ!$B$47:$D$98,MATCH("M_UNSET",_翻訳マスタ!$A$47:$A$98,0),MATCH(言語切替!$B$3,_翻訳マスタ!$B$1:$D$1,0)) -> Chưa thiết lập
A6: =INDEX(_翻訳マスタ!$B$47:$D$98,MATCH("M_WG1",_翻訳マスタ!$A$47:$A$98,0),MATCH(言語切替!$B$3,_翻訳マスタ!$B$1:$D$1,0)) -> WG-1 | C6: =INDEX(_翻訳マスタ!$B$47:$D$98,MATCH("M_KDC",_翻訳マスタ!$A$47:$A$98,0),MATCH(言語切替!$B$3,_翻訳マスタ!$B$1:$D$1,0)) -> KDC | E6: =INDEX(_翻訳マスタ!$B$47:$D$98,MATCH("M_IN_PROGRESS",_翻訳マスタ!$A$47:$A$98,0),MATCH(言語切替!$B$3,_翻訳マスタ!$B$1:$D$1,0)) -> Đang xử lý | G6: =INDEX(_翻訳マスタ!$B$47:$D$98,MATCH("M_MIDDLE",_翻訳マスタ!$A$47:$A$98,0),MATCH(言語切替!$B$3,_翻訳マスタ!$B$1:$D$1,0)) -> Middle | I6: =INDEX(_翻訳マスタ!$B$47:$D$98,MATCH("M_TODO",_翻訳マスタ!$A$47:$A$98,0),MATCH(言語切替!$B$3,_翻訳マスタ!$B$1:$D$1,0)) -> ToDo | K6: =INDEX(_翻訳マスタ!$B$47:$D$98,MATCH("M_ADOPTION",_翻訳マスタ!$A$47:$A$98,0),MATCH(言語切替!$B$3,_翻訳マスタ!$B$1:$D$1,0)) -> Vận hành ổn định | M6: =INDEX(_翻訳マスタ!$B$47:$D$98,MATCH("M_ON_TRACK",_翻訳マスタ!$A$47:$A$98,0),MATCH(言語切替!$B$3,_翻訳マスタ!$B$1:$D$1,0)) -> Đúng tiến độ
A7: =INDEX(_翻訳マスタ!$B$47:$D$98,MATCH("M_WG2",_翻訳マスタ!$A$47:$A$98,0),MATCH(言語切替!$B$3,_翻訳マスタ!$B$1:$D$1,0)) -> WG-2 | C7: =INDEX(_翻訳マスタ!$B$47:$D$98,MATCH("M_KDTCN",_翻訳マスタ!$A$47:$A$98,0),MATCH(言語切替!$B$3,_翻訳マスタ!$B$1:$D$1,0)) -> KDTCN | E7: =INDEX(_翻訳マスタ!$B$47:$D$98,MATCH("M_WAIT_DECISION",_翻訳マスタ!$A$47:$A$98,0),MATCH(言語切替!$B$3,_翻訳マスタ!$B$1:$D$1,0)) -> Chờ quyết định | G7: =INDEX(_翻訳マスタ!$B$47:$D$98,MATCH("M_LOW",_翻訳マスタ!$A$47:$A$98,0),MATCH(言語切替!$B$3,_翻訳マスタ!$B$1:$D$1,0)) -> Low | I7: =INDEX(_翻訳マスタ!$B$47:$D$98,MATCH("M_DECISION",_翻訳マスタ!$A$47:$A$98,0),MATCH(言語切替!$B$3,_翻訳マスタ!$B$1:$D$1,0)) -> Quyết định | K7: =INDEX(_翻訳マスタ!$B$47:$D$98,MATCH("M_BUSINESS",_翻訳マスタ!$A$47:$A$98,0),MATCH(言語切替!$B$3,_翻訳マスタ!$B$1:$D$1,0)) -> Kết quả nghiệp vụ | M7: =INDEX(_翻訳マスタ!$B$47:$D$98,MATCH("M_CAUTION",_翻訳マスタ!$A$47:$A$98,0),MATCH(言語切替!$B$3,_翻訳マスタ!$B$1:$D$1,0)) -> Cần chú ý
A8: =INDEX(_翻訳マスタ!$B$47:$D$98,MATCH("M_WG3",_翻訳マスタ!$A$47:$A$98,0),MATCH(言語切替!$B$3,_翻訳マスタ!$B$1:$D$1,0)) -> WG-3 | C8: =INDEX(_翻訳マスタ!$B$47:$D$98,MATCH("M_KDTVN",_翻訳マスタ!$A$47:$A$98,0),MATCH(言語切替!$B$3,_翻訳マスタ!$B$1:$D$1,0)) -> KDTVN | E8: =INDEX(_翻訳マスタ!$B$47:$D$98,MATCH("M_WAIT_WG",_翻訳マスタ!$A$47:$A$98,0),MATCH(言語切替!$B$3,_翻訳マスタ!$B$1:$D$1,0)) -> Chờ WG khác | I8: =INDEX(_翻訳マスタ!$B$47:$D$98,MATCH("M_RISK",_翻訳マスタ!$A$47:$A$98,0),MATCH(言語切替!$B$3,_翻訳マスタ!$B$1:$D$1,0)) -> Rủi ro | K8: =INDEX(_翻訳マスタ!$B$47:$D$98,MATCH("M_INVESTMENT",_翻訳マスタ!$A$47:$A$98,0),MATCH(言語切替!$B$3,_翻訳マスタ!$B$1:$D$1,0)) -> Kết quả đầu tư | M8: =INDEX(_翻訳マスタ!$B$47:$D$98,MATCH("M_DELAY",_翻訳マスタ!$A$47:$A$98,0),MATCH(言語切替!$B$3,_翻訳マスタ!$B$1:$D$1,0)) -> Chậm tiến độ
A9: =INDEX(_翻訳マスタ!$B$47:$D$98,MATCH("M_WG4",_翻訳マスタ!$A$47:$A$98,0),MATCH(言語切替!$B$3,_翻訳マスタ!$B$1:$D$1,0)) -> WG-4 | E9: =INDEX(_翻訳マスタ!$B$47:$D$98,MATCH("M_WAIT_COMPLETE",_翻訳マスタ!$A$47:$A$98,0),MATCH(言語切替!$B$3,_翻訳マスタ!$B$1:$D$1,0)) -> Chờ xác nhận hoàn thành | M9: =INDEX(_翻訳マスタ!$B$47:$D$98,MATCH("M_ACHIEVED",_翻訳マスタ!$A$47:$A$98,0),MATCH(言語切替!$B$3,_翻訳マスタ!$B$1:$D$1,0)) -> Đạt
A10: =INDEX(_翻訳マスタ!$B$47:$D$98,MATCH("M_WG5",_翻訳マスタ!$A$47:$A$98,0),MATCH(言語切替!$B$3,_翻訳マスタ!$B$1:$D$1,0)) -> WG-5 | E10: =INDEX(_翻訳マスタ!$B$47:$D$98,MATCH("M_COMPLETE",_翻訳マスタ!$A$47:$A$98,0),MATCH(言語切替!$B$3,_翻訳マスタ!$B$1:$D$1,0)) -> Hoàn thành | M10: =INDEX(_翻訳マスタ!$B$47:$D$98,MATCH("M_NOT_ACHIEVED",_翻訳マスタ!$A$47:$A$98,0),MATCH(言語切替!$B$3,_翻訳マスタ!$B$1:$D$1,0)) -> Chưa đạt
A11: =INDEX(_翻訳マスタ!$B$47:$D$98,MATCH("M_WG6",_翻訳マスタ!$A$47:$A$98,0),MATCH(言語切替!$B$3,_翻訳マスタ!$B$1:$D$1,0)) -> WG-6 | E11: =INDEX(_翻訳マスタ!$B$47:$D$98,MATCH("M_HOLD",_翻訳マスタ!$A$47:$A$98,0),MATCH(言語切替!$B$3,_翻訳マスタ!$B$1:$D$1,0)) -> Tạm hoãn
A12: =INDEX(_翻訳マスタ!$B$47:$D$98,MATCH("M_WG7",_翻訳マスタ!$A$47:$A$98,0),MATCH(言語切替!$B$3,_翻訳マスタ!$B$1:$D$1,0)) -> WG-7 | E12: =INDEX(_翻訳マスタ!$B$47:$D$98,MATCH("M_WITHDRAWN",_翻訳マスタ!$A$47:$A$98,0),MATCH(言語切替!$B$3,_翻訳マスタ!$B$1:$D$1,0)) -> Rút lại
A13: =INDEX(_翻訳マスタ!$B$47:$D$98,MATCH("M_WG8",_翻訳マスタ!$A$47:$A$98,0),MATCH(言語切替!$B$3,_翻訳マスタ!$B$1:$D$1,0)) -> WG-8
A14: =INDEX(_翻訳マスタ!$B$47:$D$98,MATCH("M_WG9",_翻訳マスタ!$A$47:$A$98,0),MATCH(言語切替!$B$3,_翻訳マスタ!$B$1:$D$1,0)) -> WG-9
A18: =INDEX(_翻訳マスタ!$B$47:$D$98,MATCH("M_PRIORITY_GUIDE",_翻訳マスタ!$A$47:$A$98,0),MATCH(言語切替!$B$3,_翻訳マスタ!$B$1:$D$1,0)) -> Nguyên tắc ưu tiên
A19: =INDEX(_翻訳マスタ!$B$47:$D$98,MATCH("M_HIGH_DESC",_翻訳マスタ!$A$47:$A$98,0),MATCH(言語切替!$B$3,_翻訳マスタ!$B$1:$D$1,0)) -> High: Ảnh hưởng trực tiếp đến tiến độ, chi phí và chất lượng của toàn tiểu ban.
A20: =INDEX(_翻訳マスタ!$B$47:$D$98,MATCH("M_MIDDLE_DESC",_翻訳マスタ!$A$47:$A$98,0),MATCH(言語切替!$B$3,_翻訳マスタ!$B$1:$D$1,0)) -> Middle: Ảnh hưởng trực tiếp đến tiến độ, chi phí và chất lượng của từng WG.
A21: =INDEX(_翻訳マスタ!$B$47:$D$98,MATCH("M_LOW_DESC",_翻訳マスタ!$A$47:$A$98,0),MATCH(言語切替!$B$3,_翻訳マスタ!$B$1:$D$1,0)) -> Low: Ảnh hưởng trực tiếp nhỏ nhưng cần thiết để thành công.

Sheet 03_WBS
A1: =INDEX(_翻訳マスタ!$B$99:$D$116,MATCH("WBS_TITLE",_翻訳マスタ!$A$99:$A$116,0),MATCH(言語切替!$B$3,_翻訳マスタ!$B$1:$D$1,0)) -> WBS & Mốc tiến độ
A2: =INDEX(_翻訳マスタ!$B$99:$D$116,MATCH("WBS_DESC",_翻訳マスタ!$A$99:$A$116,0),MATCH(言語切替!$B$3,_翻訳マスタ!$B$1:$D$1,0)) -> Các ô chữ màu xanh là ô nhập liệu. Tỷ lệ tiến độ, số ngày còn lại và đánh giá chậm tiến độ được tính tự động. 3 dòng là ví dụ nhập liệu.
A3: =INDEX(_翻訳マスタ!$B$2:$D$300,MATCH("PARA_HOWTO",_翻訳マスタ!$A$2:$A$300,0),MATCH(言語切替!$B$3,_翻訳マスタ!$B$1:$D$1,0)) -> Quy tắc nhập: 【Tiêu đề VÀNG】= Được phép nhập / chọn dữ liệu (Gõ bất kỳ tiếng Việt/Nhật/Trung vào ô [Nhập]) 【Tiêu đề XANH DƯƠNG】= Cấm nhập (Tự động tính toán & dịch tự động 3 thứ tiếng).
A4: =INDEX(_翻訳マスタ!$B$99:$D$116,MATCH("WBS_ID",_翻訳マスタ!$A$99:$A$116,0),MATCH(言語切替!$B$3,_翻訳マスタ!$B$1:$D$1,0)) -> WBS ID | B4: =INDEX(_翻訳マスタ!$B$99:$D$116,MATCH("WBS_WG",_翻訳マスタ!$A$99:$A$116,0),MATCH(言語切替!$B$3,_翻訳マスタ!$B$1:$D$1,0)) -> WG | C4: =INDEX(_翻訳マスタ!$B$99:$D$116,MATCH("WBS_ID",_翻訳マスタ!$A$99:$A$116,0),MATCH(言語切替!$B$3,_翻訳マスタ!$B$1:$D$1,0)) -> WBS ID | E4: =INDEX(_翻訳マスタ!$B$99:$D$116,MATCH("WBS_SITE",_翻訳マスタ!$A$99:$A$116,0),MATCH(言語切替!$B$3,_翻訳マスタ!$B$1:$D$1,0)) -> Cứ điểm | F4: =INDEX(_翻訳マスタ!$B$2:$D$300,MATCH("WBS_CATEGORY",_翻訳マスタ!$A$2:$A$300,0),MATCH(言語切替!$B$3,_翻訳マスタ!$B$1:$D$1,0))&INDEX(_翻訳マスタ!$B$2:$D$300,MATCH("NEW_INPUT_SUFFIX",_翻訳マスタ!$A$2:$A$300,0),MATCH(言語切替!$B$3,_翻訳マスタ!$B$1:$D$1,0)) -> Giai đoạn hoạt động [Nhập: VI/JP/CN] | G4: =INDEX(_翻訳マスタ!$B$2:$D$300,MATCH("WBS_CATEGORY",_翻訳マスタ!$A$2:$A$300,0),MATCH(言語切替!$B$3,_翻訳マスタ!$B$1:$D$1,0))&INDEX(_翻訳マスタ!$B$2:$D$300,MATCH("NEW_VI_SUFFIX",_翻訳マスタ!$A$2:$A$300,0),MATCH(言語切替!$B$3,_翻訳マスタ!$B$1:$D$1,0)) -> Giai đoạn hoạt động (VI) | H4: =INDEX(_翻訳マスタ!$B$2:$D$300,MATCH("WBS_CATEGORY",_翻訳マスタ!$A$2:$A$300,0),MATCH(言語切替!$B$3,_翻訳マスタ!$B$1:$D$1,0))&INDEX(_翻訳マスタ!$B$2:$D$300,MATCH("NEW_JP_SUFFIX",_翻訳マスタ!$A$2:$A$300,0),MATCH(言語切替!$B$3,_翻訳マスタ!$B$1:$D$1,0)) -> Giai đoạn hoạt động (JP) | I4: =INDEX(_翻訳マスタ!$B$2:$D$300,MATCH("WBS_CATEGORY",_翻訳マスタ!$A$2:$A$300,0),MATCH(言語切替!$B$3,_翻訳マスタ!$B$1:$D$1,0))&INDEX(_翻訳マスタ!$B$2:$D$300,MATCH("NEW_CN_SUFFIX",_翻訳マスタ!$A$2:$A$300,0),MATCH(言語切替!$B$3,_翻訳マスタ!$B$1:$D$1,0)) -> Giai đoạn hoạt động (CN) | J4: =INDEX(_翻訳マスタ!$B$2:$D$300,MATCH("WBS_TASK",_翻訳マスタ!$A$2:$A$300,0),MATCH(言語切替!$B$3,_翻訳マスタ!$B$1:$D$1,0))&INDEX(_翻訳マスタ!$B$2:$D$300,MATCH("NEW_INPUT_SUFFIX",_翻訳マスタ!$A$2:$A$300,0),MATCH(言語切替!$B$3,_翻訳マスタ!$B$1:$D$1,0)) -> Nhiệm vụ / Mục tiêu [Nhập: VI/JP/CN] | K4: =INDEX(_翻訳マスタ!$B$2:$D$300,MATCH("WBS_TASK",_翻訳マスタ!$A$2:$A$300,0),MATCH(言語切替!$B$3,_翻訳マスタ!$B$1:$D$1,0))&INDEX(_翻訳マスタ!$B$2:$D$300,MATCH("NEW_VI_SUFFIX",_翻訳マスタ!$A$2:$A$300,0),MATCH(言語切替!$B$3,_翻訳マスタ!$B$1:$D$1,0)) -> Nhiệm vụ / Mục tiêu (VI) | L4: =INDEX(_翻訳マスタ!$B$2:$D$300,MATCH("WBS_TASK",_翻訳マスタ!$A$2:$A$300,0),MATCH(言語切替!$B$3,_翻訳マスタ!$B$1:$D$1,0))&INDEX(_翻訳マスタ!$B$2:$D$300,MATCH("NEW_JP_SUFFIX",_翻訳マスタ!$A$2:$A$300,0),MATCH(言語切替!$B$3,_翻訳マスタ!$B$1:$D$1,0)) -> Nhiệm vụ / Mục tiêu (JP) | M4: =INDEX(_翻訳マスタ!$B$2:$D$300,MATCH("WBS_TASK",_翻訳マスタ!$A$2:$A$300,0),MATCH(言語切替!$B$3,_翻訳マスタ!$B$1:$D$1,0))&INDEX(_翻訳マスタ!$B$2:$D$300,MATCH("NEW_CN_SUFFIX",_翻訳マスタ!$A$2:$A$300,0),MATCH(言語切替!$B$3,_翻訳マスタ!$B$1:$D$1,0)) -> Nhiệm vụ / Mục tiêu (CN) | N4: =INDEX(_翻訳マスタ!$B$99:$D$116,MATCH("WBS_OWNER",_翻訳マスタ!$A$99:$A$116,0),MATCH(言語切替!$B$3,_翻訳マスタ!$B$1:$D$1,0)) -> Người chịu trách nhiệm | O4: =INDEX(_翻訳マスタ!$B$99:$D$116,MATCH("WBS_PLAN_START",_翻訳マスタ!$A$99:$A$116,0),MATCH(言語切替!$B$3,_翻訳マスタ!$B$1:$D$1,0)) -> Ngày bắt đầu kế hoạch | P4: =INDEX(_翻訳マスタ!$B$99:$D$116,MATCH("WBS_PLAN_END",_翻訳マスタ!$A$99:$A$116,0),MATCH(言語切替!$B$3,_翻訳マスタ!$B$1:$D$1,0)) -> Ngày kết thúc kế hoạch | Q4: =INDEX(_翻訳マスタ!$B$99:$D$116,MATCH("WBS_ACTUAL_START",_翻訳マスタ!$A$99:$A$116,0),MATCH(言語切替!$B$3,_翻訳マスタ!$B$1:$D$1,0)) -> Ngày bắt đầu thực tế | R4: =INDEX(_翻訳マスタ!$B$99:$D$116,MATCH("WBS_ACTUAL_END",_翻訳マスタ!$A$99:$A$116,0),MATCH(言語切替!$B$3,_翻訳マスタ!$B$1:$D$1,0)) -> Ngày kết thúc thực tế | S4: =INDEX(_翻訳マスタ!$B$99:$D$116,MATCH("WBS_PROGRESS",_翻訳マスタ!$A$99:$A$116,0),MATCH(言語切替!$B$3,_翻訳マスタ!$B$1:$D$1,0)) -> Tỷ lệ tiến độ | T4: =INDEX(_翻訳マスタ!$B$99:$D$116,MATCH("WBS_STATUS",_翻訳マスタ!$A$99:$A$116,0),MATCH(言語切替!$B$3,_翻訳マスタ!$B$1:$D$1,0)) -> Trạng thái | U4: =INDEX(_翻訳マスタ!$B$99:$D$116,MATCH("WBS_DAYS",_翻訳マスタ!$A$99:$A$116,0),MATCH(言語切替!$B$3,_翻訳マスタ!$B$1:$D$1,0)) -> Số ngày còn lại | V4: =INDEX(_翻訳マスタ!$B$2:$D$300,MATCH("WBS_NOTE",_翻訳マスタ!$A$2:$A$300,0),MATCH(言語切替!$B$3,_翻訳マスタ!$B$1:$D$1,0))&INDEX(_翻訳マスタ!$B$2:$D$300,MATCH("NEW_INPUT_SUFFIX",_翻訳マスタ!$A$2:$A$300,0),MATCH(言語切替!$B$3,_翻訳マスタ!$B$1:$D$1,0)) -> Ghi chú [Nhập: VI/JP/CN] | W4: =INDEX(_翻訳マスタ!$B$2:$D$300,MATCH("WBS_NOTE",_翻訳マスタ!$A$2:$A$300,0),MATCH(言語切替!$B$3,_翻訳マスタ!$B$1:$D$1,0))&INDEX(_翻訳マスタ!$B$2:$D$300,MATCH("NEW_VI_SUFFIX",_翻訳マスタ!$A$2:$A$300,0),MATCH(言語切替!$B$3,_翻訳マスタ!$B$1:$D$1,0)) -> Ghi chú (VI) | X4: =INDEX(_翻訳マスタ!$B$2:$D$300,MATCH("WBS_NOTE",_翻訳マスタ!$A$2:$A$300,0),MATCH(言語切替!$B$3,_翻訳マスタ!$B$1:$D$1,0))&INDEX(_翻訳マスタ!$B$2:$D$300,MATCH("NEW_JP_SUFFIX",_翻訳マスタ!$A$2:$A$300,0),MATCH(言語切替!$B$3,_翻訳マスタ!$B$1:$D$1,0)) -> Ghi chú (JP) | Y4: =INDEX(_翻訳マスタ!$B$2:$D$300,MATCH("WBS_NOTE",_翻訳マスタ!$A$2:$A$300,0),MATCH(言語切替!$B$3,_翻訳マスタ!$B$1:$D$1,0))&INDEX(_翻訳マスタ!$B$2:$D$300,MATCH("NEW_CN_SUFFIX",_翻訳マスタ!$A$2:$A$300,0),MATCH(言語切替!$B$3,_翻訳マスタ!$B$1:$D$1,0)) -> Ghi chú (CN)
A5: 1 | B5: ='02_マスタ'!$A$5 -> Toàn bộ | C5: 1 | E5: KDC | F5: =INDEX(_翻訳マスタ!$B$117:$D$247,MATCH("WBS_CAT_STARTUP",_翻訳マスタ!$A$117:$A$247,0),MATCH(言語切替!$B$3,_翻訳マスタ!$B$1:$D$1,0)) -> Khởi động | G5: VN | H5: JP | I5: CN | J5: =INDEX(_翻訳マスタ!$D$2:$D$300,MATCH("WBS_TASK_1",_翻訳マスタ!$A$2:$A$300,0)) -> Xác định quy tắc vận hành WG | K5: =IF(J5="","",_xlfn.TRANSLATE(J5,"","vi")) -> Xác định quy tắc vận hành WG | L5: =IF(J5="","",_xlfn.TRANSLATE(J5,"","ja")) -> WGの運用規則の決定 | M5: =IF(J5="","",_xlfn.TRANSLATE(J5,"","zh-Hans")) -> 制定工作组的操作规则 | N5: Lập list chọn | O5: 46288 | P5: 46295 | Q5: 46293 | R5: 46293 | S5: =IF(OR(O5="",P5=""),"",IF(R5<>"",1,IF(Q5="",0,MAX(0,MIN(1,(TODAY()-O5)/(P5-O5+1)))))) -> 1 | T5: 完了 | U5: =IF(P5="","",P5-TODAY()) -> -9 | V5: =INDEX(_翻訳マスタ!$D$2:$D$300,MATCH("COMMON_EXAMPLE",_翻訳マスタ!$A$2:$A$300,0)) -> Ví dụ nhập liệu | W5: =IF(V5="","",_xlfn.TRANSLATE(V5,"","vi")) -> Ví dụ nhập liệu | X5: =IF(V5="","",_xlfn.TRANSLATE(V5,"","ja")) -> データ入力の例 | Y5: =IF(V5="","",_xlfn.TRANSLATE(V5,"","zh-Hans")) -> 数据录入示例
A6: WG1-001 | B6: WG-1 | C6: WG-1 | D6: 001 | E6: KDTVN | F6: =INDEX(_翻訳マスタ!$B$117:$D$247,MATCH("WBS_CAT_ANALYSIS",_翻訳マスタ!$A$117:$A$247,0),MATCH(言語切替!$B$3,_翻訳マスタ!$B$1:$D$1,0)) -> Phân tích hiện trạng | J6: =INDEX(_翻訳マスタ!$D$2:$D$300,MATCH("WBS_TASK_2",_翻訳マスタ!$A$2:$A$300,0)) -> Rà soát nghiệp vụ hiện tại | K6: =IF(J6="","",_xlfn.TRANSLATE(J6,"","vi")) -> Rà soát nghiệp vụ hiện tại | L6: =IF(J6="","",_xlfn.TRANSLATE(J6,"","ja")) -> 現在の作戦のレビュー | M6: =IF(J6="","",_xlfn.TRANSLATE(J6,"","zh-Hans")) -> 当前行动回顾 | O6: 46294 | P6: 46311 | S6: =IF(OR(O6="",P6=""),"",IF(R6<>"",1,IF(Q6="",0,MAX(0,MIN(1,(TODAY()-O6)/(P6-O6+1)))))) -> 0 | T6: ='02_マスタ'!$E$5 -> Chưa bắt đầu | U6: =IF(P6="","",P6-TODAY()) -> 7 | V6: =INDEX(_翻訳マスタ!$D$2:$D$300,MATCH("COMMON_EXAMPLE",_翻訳マスタ!$A$2:$A$300,0)) -> Ví dụ nhập liệu | W6: =IF(V6="","",_xlfn.TRANSLATE(V6,"","vi")) -> Ví dụ nhập liệu | X6: =IF(V6="","",_xlfn.TRANSLATE(V6,"","ja")) -> データ入力の例 | Y6: =IF(V6="","",_xlfn.TRANSLATE(V6,"","zh-Hans")) -> 数据录入示例
A7: 3 | B7: WG-8 | C7: WG-8-001 | E7: ='02_マスタ'!$C$5 -> Chung | F7: =INDEX(_翻訳マスタ!$B$117:$D$247,MATCH("WBS_CAT_POLICY",_翻訳マスタ!$A$117:$A$247,0),MATCH(言語切替!$B$3,_翻訳マスタ!$B$1:$D$1,0)) -> Xây dựng định hướng | J7: =INDEX(_翻訳マスタ!$D$2:$D$300,MATCH("WBS_TASK_3",_翻訳マスタ!$A$2:$A$300,0)) -> Sắp xếp vai trò hệ thống hiện hữu | K7: =IF(J7="","",_xlfn.TRANSLATE(J7,"","vi")) -> Sắp xếp vai trò hệ thống hiện hữu | L7: =IF(J7="","",_xlfn.TRANSLATE(J7,"","ja")) -> 既存のシステム役割の組織化 | M7: =IF(J7="","",_xlfn.TRANSLATE(J7,"","zh-Hans")) -> 组织现有系统角色 | O7: 46296 | P7: 46325 | S7: =IF(OR(O7="",P7=""),"",IF(R7<>"",1,IF(Q7="",0,MAX(0,MIN(1,(TODAY()-O7)/(P7-O7+1)))))) -> 0 | T7: ='02_マスタ'!$E$5 -> Chưa bắt đầu | U7: =IF(P7="","",P7-TODAY()) -> 21 | V7: =INDEX(_翻訳マスタ!$D$2:$D$300,MATCH("COMMON_EXAMPLE",_翻訳マスタ!$A$2:$A$300,0)) -> Ví dụ nhập liệu | W7: =IF(V7="","",_xlfn.TRANSLATE(V7,"","vi")) -> Ví dụ nhập liệu | X7: =IF(V7="","",_xlfn.TRANSLATE(V7,"","ja")) -> データ入力の例 | Y7: =IF(V7="","",_xlfn.TRANSLATE(V7,"","zh-Hans")) -> 数据录入示例
A8: 4 | B8: WG-5 | C8: WG-5 | D8: 001 | E8: Chung | F8: Tự động hóa cấp phát | G8: =IF(F8="","",_xlfn.TRANSLATE(F8,"","vi")) -> Tự động hóa cấp phát | H8: =IF(F8="","",_xlfn.TRANSLATE(F8,"","ja")) -> プロビジョニング自動化 | I8: =IF(F8="","",_xlfn.TRANSLATE(F8,"","zh-Hans")) -> 配置自动化 | J8: Xem xét phương pháp AMM lấy thùng HAN-CON | K8: =IF(J8="","",_xlfn.TRANSLATE(J8,"","vi")) -> Xem xét phương pháp AMM lấy thùng HAN-CON | L8: =IF(J8="","",_xlfn.TRANSLATE(J8,"","ja")) -> HAN-CONバレル取得AMM法を考えてみましょう | M8: =IF(J8="","",_xlfn.TRANSLATE(J8,"","zh-Hans")) -> 考虑汉康枪管采集反导法 | S8: =IF(OR(O8="",P8=""),"",IF(R8<>"",1,IF(Q8="",0,MAX(0,MIN(1,(TODAY()-O8)/(P8-O8+1)))))) | U8: =IF(P8="","",P8-TODAY()) | W8: =IF(V8="","",_xlfn.TRANSLATE(V8,"","vi")) | X8: =IF(V8="","",_xlfn.TRANSLATE(V8,"","ja")) | Y8: =IF(V8="","",_xlfn.TRANSLATE(V8,"","zh-Hans"))
A9: 5 | B9: WG-5 | C9: WG-5 | D9: 002 | E9: Chung | F9: Tự động hóa cấp phát | G9: =IF(F9="","",_xlfn.TRANSLATE(F9,"","vi")) -> Tự động hóa cấp phát | H9: =IF(F9="","",_xlfn.TRANSLATE(F9,"","ja")) -> プロビジョニング自動化 | I9: =IF(F9="","",_xlfn.TRANSLATE(F9,"","zh-Hans")) -> 配置自动化 | J9: Xe xét đường vận chuyển | K9: =IF(J9="","",_xlfn.TRANSLATE(J9,"","vi")) -> Xe xét đường vận chuyển | L9: =IF(J9="","",_xlfn.TRANSLATE(J9,"","ja")) -> 交通道路車両 | M9: =IF(J9="","",_xlfn.TRANSLATE(J9,"","zh-Hans")) -> 交通道路车辆 | S9: =IF(OR(O9="",P9=""),"",IF(R9<>"",1,IF(Q9="",0,MAX(0,MIN(1,(TODAY()-O9)/(P9-O9+1)))))) | U9: =IF(P9="","",P9-TODAY()) | W9: =IF(V9="","",_xlfn.TRANSLATE(V9,"","vi")) | X9: =IF(V9="","",_xlfn.TRANSLATE(V9,"","ja")) | Y9: =IF(V9="","",_xlfn.TRANSLATE(V9,"","zh-Hans"))
A10: 6 | B10: WG-5 | C10: WG-5 | D10: 003 | F10: Cơ chế cấp phát | G10: =IF(F10="","",_xlfn.TRANSLATE(F10,"","vi")) -> Cơ chế cấp phát | H10: =IF(F10="","",_xlfn.TRANSLATE(F10,"","ja")) -> 配分メカニズム | I10: =IF(F10="","",_xlfn.TRANSLATE(F10,"","zh-Hans")) -> 分配机制 | J10: Xem xét cơ chế cấp phát theo phương thức Pull | K10: =IF(J10="","",_xlfn.TRANSLATE(J10,"","vi")) -> Xem xét cơ chế cấp phát theo phương thức Pull | L10: =IF(J10="","",_xlfn.TRANSLATE(J10,"","ja")) -> プル割り当てメカニズムを考えてみましょう | M10: =IF(J10="","",_xlfn.TRANSLATE(J10,"","zh-Hans")) -> 考虑拉动分配机制 | S10: =IF(OR(O10="",P10=""),"",IF(R10<>"",1,IF(Q10="",0,MAX(0,MIN(1,(TODAY()-O10)/(P10-O10+1)))))) | U10: =IF(P10="","",P10-TODAY()) | W10: =IF(V10="","",_xlfn.TRANSLATE(V10,"","vi")) | X10: =IF(V10="","",_xlfn.TRANSLATE(V10,"","ja")) | Y10: =IF(V10="","",_xlfn.TRANSLATE(V10,"","zh-Hans"))
A11: 7 | C11: 7 | J11: Phương pháp liên kết tín hiệu | K11: =IF(J11="","",_xlfn.TRANSLATE(J11,"","vi")) -> Phương pháp liên kết tín hiệu | L11: =IF(J11="","",_xlfn.TRANSLATE(J11,"","ja")) -> 信号ボンディング法 | M11: =IF(J11="","",_xlfn.TRANSLATE(J11,"","zh-Hans")) -> 信号绑定方法 | S11: =IF(OR(O11="",P11=""),"",IF(R11<>"",1,IF(Q11="",0,MAX(0,MIN(1,(TODAY()-O11)/(P11-O11+1)))))) | U11: =IF(P11="","",P11-TODAY()) | W11: =IF(V11="","",_xlfn.TRANSLATE(V11,"","vi")) | X11: =IF(V11="","",_xlfn.TRANSLATE(V11,"","ja")) | Y11: =IF(V11="","",_xlfn.TRANSLATE(V11,"","zh-Hans"))
A12: 8 | B12: WG-5 | C12: 8 | E12: Chung | F12: Tự động hóa cấp phát | J12: Xem xét lại diện tích layout line | K12: =IF(J12="","",_xlfn.TRANSLATE(J12,"","vi")) -> Xem xét lại diện tích layout line | L12: =IF(J12="","",_xlfn.TRANSLATE(J12,"","ja")) -> レイアウトラインのエリアを見直してください | M12: =IF(J12="","",_xlfn.TRANSLATE(J12,"","zh-Hans")) -> 检查布局线区域 | S12: =IF(OR(O12="",P12=""),"",IF(R12<>"",1,IF(Q12="",0,MAX(0,MIN(1,(TODAY()-O12)/(P12-O12+1)))))) | U12: =IF(P12="","",P12-TODAY()) | W12: =IF(V12="","",_xlfn.TRANSLATE(V12,"","vi")) | X12: =IF(V12="","",_xlfn.TRANSLATE(V12,"","ja")) | Y12: =IF(V12="","",_xlfn.TRANSLATE(V12,"","zh-Hans"))
K13: =IF(J13="","",_xlfn.TRANSLATE(J13,"","vi")) | L13: =IF(J13="","",_xlfn.TRANSLATE(J13,"","ja")) | M13: =IF(J13="","",_xlfn.TRANSLATE(J13,"","zh-Hans")) | S13: =IF(OR(O13="",P13=""),"",IF(R13<>"",1,IF(Q13="",0,MAX(0,MIN(1,(TODAY()-O13)/(P13-O13+1)))))) | U13: =IF(P13="","",P13-TODAY()) | W13: =IF(V13="","",_xlfn.TRANSLATE(V13,"","vi")) | X13: =IF(V13="","",_xlfn.TRANSLATE(V13,"","ja")) | Y13: =IF(V13="","",_xlfn.TRANSLATE(V13,"","zh-Hans"))
K14: =IF(J14="","",_xlfn.TRANSLATE(J14,"","vi")) | L14: =IF(J14="","",_xlfn.TRANSLATE(J14,"","ja")) | M14: =IF(J14="","",_xlfn.TRANSLATE(J14,"","zh-Hans")) | S14: =IF(OR(O14="",P14=""),"",IF(R14<>"",1,IF(Q14="",0,MAX(0,MIN(1,(TODAY()-O14)/(P14-O14+1)))))) | U14: =IF(P14="","",P14-TODAY()) | W14: =IF(V14="","",_xlfn.TRANSLATE(V14,"","vi")) | X14: =IF(V14="","",_xlfn.TRANSLATE(V14,"","ja")) | Y14: =IF(V14="","",_xlfn.TRANSLATE(V14,"","zh-Hans"))
K15: =IF(J15="","",_xlfn.TRANSLATE(J15,"","vi")) | L15: =IF(J15="","",_xlfn.TRANSLATE(J15,"","ja")) | M15: =IF(J15="","",_xlfn.TRANSLATE(J15,"","zh-Hans")) | S15: =IF(OR(O15="",P15=""),"",IF(R15<>"",1,IF(Q15="",0,MAX(0,MIN(1,(TODAY()-O15)/(P15-O15+1)))))) | U15: =IF(P15="","",P15-TODAY()) | W15: =IF(V15="","",_xlfn.TRANSLATE(V15,"","vi")) | X15: =IF(V15="","",_xlfn.TRANSLATE(V15,"","ja")) | Y15: =IF(V15="","",_xlfn.TRANSLATE(V15,"","zh-Hans"))
K16: =IF(J16="","",_xlfn.TRANSLATE(J16,"","vi")) | L16: =IF(J16="","",_xlfn.TRANSLATE(J16,"","ja")) | M16: =IF(J16="","",_xlfn.TRANSLATE(J16,"","zh-Hans")) | S16: =IF(OR(O16="",P16=""),"",IF(R16<>"",1,IF(Q16="",0,MAX(0,MIN(1,(TODAY()-O16)/(P16-O16+1)))))) | U16: =IF(P16="","",P16-TODAY()) | W16: =IF(V16="","",_xlfn.TRANSLATE(V16,"","vi")) | X16: =IF(V16="","",_xlfn.TRANSLATE(V16,"","ja")) | Y16: =IF(V16="","",_xlfn.TRANSLATE(V16,"","zh-Hans"))
K17: =IF(J17="","",_xlfn.TRANSLATE(J17,"","vi")) | L17: =IF(J17="","",_xlfn.TRANSLATE(J17,"","ja")) | M17: =IF(J17="","",_xlfn.TRANSLATE(J17,"","zh-Hans")) | S17: =IF(OR(O17="",P17=""),"",IF(R17<>"",1,IF(Q17="",0,MAX(0,MIN(1,(TODAY()-O17)/(P17-O17+1)))))) | U17: =IF(P17="","",P17-TODAY()) | W17: =IF(V17="","",_xlfn.TRANSLATE(V17,"","vi")) | X17: =IF(V17="","",_xlfn.TRANSLATE(V17,"","ja")) | Y17: =IF(V17="","",_xlfn.TRANSLATE(V17,"","zh-Hans"))
K18: =IF(J18="","",_xlfn.TRANSLATE(J18,"","vi")) | L18: =IF(J18="","",_xlfn.TRANSLATE(J18,"","ja")) | M18: =IF(J18="","",_xlfn.TRANSLATE(J18,"","zh-Hans")) | S18: =IF(OR(O18="",P18=""),"",IF(R18<>"",1,IF(Q18="",0,MAX(0,MIN(1,(TODAY()-O18)/(P18-O18+1)))))) | U18: =IF(P18="","",P18-TODAY()) | W18: =IF(V18="","",_xlfn.TRANSLATE(V18,"","vi")) | X18: =IF(V18="","",_xlfn.TRANSLATE(V18,"","ja")) | Y18: =IF(V18="","",_xlfn.TRANSLATE(V18,"","zh-Hans"))
K19: =IF(J19="","",_xlfn.TRANSLATE(J19,"","vi")) | L19: =IF(J19="","",_xlfn.TRANSLATE(J19,"","ja")) | M19: =IF(J19="","",_xlfn.TRANSLATE(J19,"","zh-Hans")) | S19: =IF(OR(O19="",P19=""),"",IF(R19<>"",1,IF(Q19="",0,MAX(0,MIN(1,(TODAY()-O19)/(P19-O19+1)))))) | U19: =IF(P19="","",P19-TODAY()) | W19: =IF(V19="","",_xlfn.TRANSLATE(V19,"","vi")) | X19: =IF(V19="","",_xlfn.TRANSLATE(V19,"","ja")) | Y19: =IF(V19="","",_xlfn.TRANSLATE(V19,"","zh-Hans"))
K20: =IF(J20="","",_xlfn.TRANSLATE(J20,"","vi")) | L20: =IF(J20="","",_xlfn.TRANSLATE(J20,"","ja")) | M20: =IF(J20="","",_xlfn.TRANSLATE(J20,"","zh-Hans")) | S20: =IF(OR(O20="",P20=""),"",IF(R20<>"",1,IF(Q20="",0,MAX(0,MIN(1,(TODAY()-O20)/(P20-O20+1)))))) | U20: =IF(P20="","",P20-TODAY()) | W20: =IF(V20="","",_xlfn.TRANSLATE(V20,"","vi")) | X20: =IF(V20="","",_xlfn.TRANSLATE(V20,"","ja")) | Y20: =IF(V20="","",_xlfn.TRANSLATE(V20,"","zh-Hans"))
K21: =IF(J21="","",_xlfn.TRANSLATE(J21,"","vi")) | L21: =IF(J21="","",_xlfn.TRANSLATE(J21,"","ja")) | M21: =IF(J21="","",_xlfn.TRANSLATE(J21,"","zh-Hans")) | S21: =IF(OR(O21="",P21=""),"",IF(R21<>"",1,IF(Q21="",0,MAX(0,MIN(1,(TODAY()-O21)/(P21-O21+1)))))) | U21: =IF(P21="","",P21-TODAY()) | W21: =IF(V21="","",_xlfn.TRANSLATE(V21,"","vi")) | X21: =IF(V21="","",_xlfn.TRANSLATE(V21,"","ja")) | Y21: =IF(V21="","",_xlfn.TRANSLATE(V21,"","zh-Hans"))
K22: =IF(J22="","",_xlfn.TRANSLATE(J22,"","vi")) | L22: =IF(J22="","",_xlfn.TRANSLATE(J22,"","ja")) | M22: =IF(J22="","",_xlfn.TRANSLATE(J22,"","zh-Hans")) | S22: =IF(OR(O22="",P22=""),"",IF(R22<>"",1,IF(Q22="",0,MAX(0,MIN(1,(TODAY()-O22)/(P22-O22+1)))))) | U22: =IF(P22="","",P22-TODAY()) | W22: =IF(V22="","",_xlfn.TRANSLATE(V22,"","vi")) | X22: =IF(V22="","",_xlfn.TRANSLATE(V22,"","ja")) | Y22: =IF(V22="","",_xlfn.TRANSLATE(V22,"","zh-Hans"))
K23: =IF(J23="","",_xlfn.TRANSLATE(J23,"","vi")) | L23: =IF(J23="","",_xlfn.TRANSLATE(J23,"","ja")) | M23: =IF(J23="","",_xlfn.TRANSLATE(J23,"","zh-Hans")) | S23: =IF(OR(O23="",P23=""),"",IF(R23<>"",1,IF(Q23="",0,MAX(0,MIN(1,(TODAY()-O23)/(P23-O23+1)))))) | U23: =IF(P23="","",P23-TODAY()) | W23: =IF(V23="","",_xlfn.TRANSLATE(V23,"","vi")) | X23: =IF(V23="","",_xlfn.TRANSLATE(V23,"","ja")) | Y23: =IF(V23="","",_xlfn.TRANSLATE(V23,"","zh-Hans"))
K24: =IF(J24="","",_xlfn.TRANSLATE(J24,"","vi")) | L24: =IF(J24="","",_xlfn.TRANSLATE(J24,"","ja")) | M24: =IF(J24="","",_xlfn.TRANSLATE(J24,"","zh-Hans")) | S24: =IF(OR(O24="",P24=""),"",IF(R24<>"",1,IF(Q24="",0,MAX(0,MIN(1,(TODAY()-O24)/(P24-O24+1)))))) | U24: =IF(P24="","",P24-TODAY()) | W24: =IF(V24="","",_xlfn.TRANSLATE(V24,"","vi")) | X24: =IF(V24="","",_xlfn.TRANSLATE(V24,"","ja")) | Y24: =IF(V24="","",_xlfn.TRANSLATE(V24,"","zh-Hans"))
... K31: =IF(J31="","",_xlfn.TRANSLATE(J31,"","vi")) | L31: =IF(J31="","",_xlfn.TRANSLATE(J31,"","ja")) | M31: =IF(J31="","",_xlfn.TRANSLATE(J31,"","zh-Hans")) | S31: =IF(OR(O31="",P31=""),"",IF(R31<>"",1,IF(Q31="",0,MAX(0,MIN(1,(TODAY()-O31)/(P31-O31+1)))))) | U31: =IF(P31="","",P31-TODAY()) | W31: =IF(V31="","",_xlfn.TRANSLATE(V31,"","vi")) | X31: =IF(V31="","",_xlfn.TRANSLATE(V31,"","ja")) | Y31: =IF(V31="","",_xlfn.TRANSLATE(V31,"","zh-Hans"))
L32: =IF(J32="","",_xlfn.TRANSLATE(J32,"vi","ja")) | M32: =IF(J32="","",_xlfn.TRANSLATE(J32,"vi","zh-Hans")) | S32: =IF(OR(O32="",P32=""),"",IF(R32<>"",1,IF(Q32="",0,MAX(0,MIN(1,(TODAY()-O32)/(P32-O32+1)))))) | U32: =IF(P32="","",P32-TODAY()) | X32: =IF(V32="","",_xlfn.TRANSLATE(V32,"vi","ja")) | Y32: =IF(V32="","",_xlfn.TRANSLATE(V32,"vi","zh-Hans"))
L33: =IF(J33="","",_xlfn.TRANSLATE(J33,"vi","ja")) | M33: =IF(J33="","",_xlfn.TRANSLATE(J33,"vi","zh-Hans")) | S33: =IF(OR(O33="",P33=""),"",IF(R33<>"",1,IF(Q33="",0,MAX(0,MIN(1,(TODAY()-O33)/(P33-O33+1)))))) | U33: =IF(P33="","",P33-TODAY()) | X33: =IF(V33="","",_xlfn.TRANSLATE(V33,"vi","ja")) | Y33: =IF(V33="","",_xlfn.TRANSLATE(V33,"vi","zh-Hans"))
L34: =IF(J34="","",_xlfn.TRANSLATE(J34,"vi","ja")) | M34: =IF(J34="","",_xlfn.TRANSLATE(J34,"vi","zh-Hans")) | S34: =IF(OR(O34="",P34=""),"",IF(R34<>"",1,IF(Q34="",0,MAX(0,MIN(1,(TODAY()-O34)/(P34-O34+1)))))) | U34: =IF(P34="","",P34-TODAY()) | X34: =IF(V34="","",_xlfn.TRANSLATE(V34,"vi","ja")) | Y34: =IF(V34="","",_xlfn.TRANSLATE(V34,"vi","zh-Hans"))
L35: =IF(J35="","",_xlfn.TRANSLATE(J35,"vi","ja")) | M35: =IF(J35="","",_xlfn.TRANSLATE(J35,"vi","zh-Hans")) | S35: =IF(OR(O35="",P35=""),"",IF(R35<>"",1,IF(Q35="",0,MAX(0,MIN(1,(TODAY()-O35)/(P35-O35+1)))))) | U35: =IF(P35="","",P35-TODAY()) | X35: =IF(V35="","",_xlfn.TRANSLATE(V35,"vi","ja")) | Y35: =IF(V35="","",_xlfn.TRANSLATE(V35,"vi","zh-Hans"))
L36: =IF(J36="","",_xlfn.TRANSLATE(J36,"vi","ja")) | M36: =IF(J36="","",_xlfn.TRANSLATE(J36,"vi","zh-Hans")) | S36: =IF(OR(O36="",P36=""),"",IF(R36<>"",1,IF(Q36="",0,MAX(0,MIN(1,(TODAY()-O36)/(P36-O36+1)))))) | U36: =IF(P36="","",P36-TODAY()) | X36: =IF(V36="","",_xlfn.TRANSLATE(V36,"vi","ja")) | Y36: =IF(V36="","",_xlfn.TRANSLATE(V36,"vi","zh-Hans"))
L37: =IF(J37="","",_xlfn.TRANSLATE(J37,"vi","ja")) | M37: =IF(J37="","",_xlfn.TRANSLATE(J37,"vi","zh-Hans")) | S37: =IF(OR(O37="",P37=""),"",IF(R37<>"",1,IF(Q37="",0,MAX(0,MIN(1,(TODAY()-O37)/(P37-O37+1)))))) | U37: =IF(P37="","",P37-TODAY()) | X37: =IF(V37="","",_xlfn.TRANSLATE(V37,"vi","ja")) | Y37: =IF(V37="","",_xlfn.TRANSLATE(V37,"vi","zh-Hans"))
L38: =IF(J38="","",_xlfn.TRANSLATE(J38,"vi","ja")) | M38: =IF(J38="","",_xlfn.TRANSLATE(J38,"vi","zh-Hans")) | S38: =IF(OR(O38="",P38=""),"",IF(R38<>"",1,IF(Q38="",0,MAX(0,MIN(1,(TODAY()-O38)/(P38-O38+1)))))) | U38: =IF(P38="","",P38-TODAY()) | X38: =IF(V38="","",_xlfn.TRANSLATE(V38,"vi","ja")) | Y38: =IF(V38="","",_xlfn.TRANSLATE(V38,"vi","zh-Hans"))
L39: =IF(J39="","",_xlfn.TRANSLATE(J39,"vi","ja")) | M39: =IF(J39="","",_xlfn.TRANSLATE(J39,"vi","zh-Hans")) | S39: =IF(OR(O39="",P39=""),"",IF(R39<>"",1,IF(Q39="",0,MAX(0,MIN(1,(TODAY()-O39)/(P39-O39+1)))))) | U39: =IF(P39="","",P39-TODAY()) | X39: =IF(V39="","",_xlfn.TRANSLATE(V39,"vi","ja")) | Y39: =IF(V39="","",_xlfn.TRANSLATE(V39,"vi","zh-Hans"))
L40: =IF(J40="","",_xlfn.TRANSLATE(J40,"vi","ja")) | M40: =IF(J40="","",_xlfn.TRANSLATE(J40,"vi","zh-Hans")) | S40: =IF(OR(O40="",P40=""),"",IF(R40<>"",1,IF(Q40="",0,MAX(0,MIN(1,(TODAY()-O40)/(P40-O40+1)))))) | U40: =IF(P40="","",P40-TODAY()) | X40: =IF(V40="","",_xlfn.TRANSLATE(V40,"vi","ja")) | Y40: =IF(V40="","",_xlfn.TRANSLATE(V40,"vi","zh-Hans"))
L41: =IF(J41="","",_xlfn.TRANSLATE(J41,"vi","ja")) | M41: =IF(J41="","",_xlfn.TRANSLATE(J41,"vi","zh-Hans")) | S41: =IF(OR(O41="",P41=""),"",IF(R41<>"",1,IF(Q41="",0,MAX(0,MIN(1,(TODAY()-O41)/(P41-O41+1)))))) | U41: =IF(P41="","",P41-TODAY()) | X41: =IF(V41="","",_xlfn.TRANSLATE(V41,"vi","ja")) | Y41: =IF(V41="","",_xlfn.TRANSLATE(V41,"vi","zh-Hans"))
L42: =IF(J42="","",_xlfn.TRANSLATE(J42,"vi","ja")) | M42: =IF(J42="","",_xlfn.TRANSLATE(J42,"vi","zh-Hans")) | S42: =IF(OR(O42="",P42=""),"",IF(R42<>"",1,IF(Q42="",0,MAX(0,MIN(1,(TODAY()-O42)/(P42-O42+1)))))) | U42: =IF(P42="","",P42-TODAY()) | X42: =IF(V42="","",_xlfn.TRANSLATE(V42,"vi","ja")) | Y42: =IF(V42="","",_xlfn.TRANSLATE(V42,"vi","zh-Hans"))
L43: =IF(J43="","",_xlfn.TRANSLATE(J43,"vi","ja")) | M43: =IF(J43="","",_xlfn.TRANSLATE(J43,"vi","zh-Hans")) | S43: =IF(OR(O43="",P43=""),"",IF(R43<>"",1,IF(Q43="",0,MAX(0,MIN(1,(TODAY()-O43)/(P43-O43+1)))))) | U43: =IF(P43="","",P43-TODAY()) | X43: =IF(V43="","",_xlfn.TRANSLATE(V43,"vi","ja")) | Y43: =IF(V43="","",_xlfn.TRANSLATE(V43,"vi","zh-Hans"))
... L205: =IF(J205="","",_xlfn.TRANSLATE(J205,"vi","ja")) | M205: =IF(J205="","",_xlfn.TRANSLATE(J205,"vi","zh-Hans")) | S205: =IF(OR(O205="",P205=""),"",IF(R205<>"",1,IF(Q205="",0,MAX(0,MIN(1,(TODAY()-O205)/(P205-O205+1)))))) | U205: =IF(P205="","",P205-TODAY()) | X205: =IF(V205="","",_xlfn.TRANSLATE(V205,"vi","ja")) | Y205: =IF(V205="","",_xlfn.TRANSLATE(V205,"vi","zh-Hans"))

Sheet 04_課題ToDo
A1: =INDEX(_翻訳マスタ!$B$117:$D$247,MATCH("ISSUE_TITLE",_翻訳マスタ!$A$117:$A$247,0),MATCH(言語切替!$B$3,_翻訳マスタ!$B$1:$D$1,0)) -> Quản lý Vấn đề & ToDo
A2: =INDEX(_翻訳マスタ!$B$117:$D$247,MATCH("ISSUE_DESC",_翻訳マスタ!$A$117:$A$247,0),MATCH(言語切替!$B$3,_翻訳マスタ!$B$1:$D$1,0)) -> Quản lý tập trung vấn đề, ToDo, quyết định và rủi ro. Số ngày còn lại và cảnh báo được tính tự động. 4 dòng là ví dụ nhập liệu.
A3: =INDEX(_翻訳マスタ!$B$2:$D$300,MATCH("PARA_HOWTO",_翻訳マスタ!$A$2:$A$300,0),MATCH(言語切替!$B$3,_翻訳マスタ!$B$1:$D$1,0)) -> Quy tắc nhập: 【Tiêu đề VÀNG】= Được phép nhập / chọn dữ liệu (Gõ bất kỳ tiếng Việt/Nhật/Trung vào ô [Nhập]) 【Tiêu đề XANH DƯƠNG】= Cấm nhập (Tự động tính toán & dịch tự động 3 thứ tiếng).
A4: =INDEX(_翻訳マスタ!$B$117:$D$247,MATCH("ISSUE_COL_ID",_翻訳マスタ!$A$117:$A$247,0),MATCH(言語切替!$B$3,_翻訳マスタ!$B$1:$D$1,0)) -> ID | B4: =INDEX(_翻訳マスタ!$B$117:$D$247,MATCH("ISSUE_COL_TYPE",_翻訳マスタ!$A$117:$A$247,0),MATCH(言語切替!$B$3,_翻訳マスタ!$B$1:$D$1,0)) -> Phân loại | C4: =INDEX(_翻訳マスタ!$B$117:$D$247,MATCH("ISSUE_COL_WG",_翻訳マスタ!$A$117:$A$247,0),MATCH(言語切替!$B$3,_翻訳マスタ!$B$1:$D$1,0)) -> WG | D4: =INDEX(_翻訳マスタ!$B$117:$D$247,MATCH("ISSUE_COL_SITE",_翻訳マスタ!$A$117:$A$247,0),MATCH(言語切替!$B$3,_翻訳マスタ!$B$1:$D$1,0)) -> Đơn vị | E4: =INDEX(_翻訳マスタ!$B$2:$D$300,MATCH("WBS_TASK",_翻訳マスタ!$A$2:$A$300,0),MATCH(言語切替!$B$3,_翻訳マスタ!$B$1:$D$1,0))&INDEX(_翻訳マスタ!$B$2:$D$300,MATCH("NEW_INPUT_SUFFIX",_翻訳マスタ!$A$2:$A$300,0),MATCH(言語切替!$B$3,_翻訳マスタ!$B$1:$D$1,0)) -> Nhiệm vụ / Mục tiêu [Nhập: VI/JP/CN] | F4: =INDEX(_翻訳マスタ!$B$2:$D$300,MATCH("ISSUE_COL_TITLE",_翻訳マスタ!$A$2:$A$300,0),MATCH(言語切替!$B$3,_翻訳マスタ!$B$1:$D$1,0))&INDEX(_翻訳マスタ!$B$2:$D$300,MATCH("NEW_INPUT_SUFFIX",_翻訳マスタ!$A$2:$A$300,0),MATCH(言語切替!$B$3,_翻訳マスタ!$B$1:$D$1,0)) -> Tiêu đề [Nhập: VI/JP/CN] | G4: =INDEX(_翻訳マスタ!$B$2:$D$300,MATCH("ISSUE_COL_TITLE",_翻訳マスタ!$A$2:$A$300,0),MATCH(言語切替!$B$3,_翻訳マスタ!$B$1:$D$1,0))&INDEX(_翻訳マスタ!$B$2:$D$300,MATCH("NEW_VI_SUFFIX",_翻訳マスタ!$A$2:$A$300,0),MATCH(言語切替!$B$3,_翻訳マスタ!$B$1:$D$1,0)) -> Tiêu đề (VI) | H4: =INDEX(_翻訳マスタ!$B$2:$D$300,MATCH("ISSUE_COL_TITLE",_翻訳マスタ!$A$2:$A$300,0),MATCH(言語切替!$B$3,_翻訳マスタ!$B$1:$D$1,0))&INDEX(_翻訳マスタ!$B$2:$D$300,MATCH("NEW_JP_SUFFIX",_翻訳マスタ!$A$2:$A$300,0),MATCH(言語切替!$B$3,_翻訳マスタ!$B$1:$D$1,0)) -> Tiêu đề (JP) | I4: =INDEX(_翻訳マスタ!$B$2:$D$300,MATCH("ISSUE_COL_TITLE",_翻訳マスタ!$A$2:$A$300,0),MATCH(言語切替!$B$3,_翻訳マスタ!$B$1:$D$1,0))&INDEX(_翻訳マスタ!$B$2:$D$300,MATCH("NEW_CN_SUFFIX",_翻訳マスタ!$A$2:$A$300,0),MATCH(言語切替!$B$3,_翻訳マスタ!$B$1:$D$1,0)) -> Tiêu đề (CN) | J4: =INDEX(_翻訳マスタ!$B$2:$D$300,MATCH("ISSUE_COL_BG",_翻訳マスタ!$A$2:$A$300,0),MATCH(言語切替!$B$3,_翻訳マスタ!$B$1:$D$1,0))&INDEX(_翻訳マスタ!$B$2:$D$300,MATCH("NEW_INPUT_SUFFIX",_翻訳マスタ!$A$2:$A$300,0),MATCH(言語切替!$B$3,_翻訳マスタ!$B$1:$D$1,0)) -> Bối cảnh / Vấn đề [Nhập: VI/JP/CN] | K4: =INDEX(_翻訳マスタ!$B$2:$D$300,MATCH("ISSUE_COL_BG",_翻訳マスタ!$A$2:$A$300,0),MATCH(言語切替!$B$3,_翻訳マスタ!$B$1:$D$1,0))&INDEX(_翻訳マスタ!$B$2:$D$300,MATCH("NEW_VI_SUFFIX",_翻訳マスタ!$A$2:$A$300,0),MATCH(言語切替!$B$3,_翻訳マスタ!$B$1:$D$1,0)) -> Bối cảnh / Vấn đề (VI) | L4: =INDEX(_翻訳マスタ!$B$2:$D$300,MATCH("ISSUE_COL_BG",_翻訳マスタ!$A$2:$A$300,0),MATCH(言語切替!$B$3,_翻訳マスタ!$B$1:$D$1,0))&INDEX(_翻訳マスタ!$B$2:$D$300,MATCH("NEW_JP_SUFFIX",_翻訳マスタ!$A$2:$A$300,0),MATCH(言語切替!$B$3,_翻訳マスタ!$B$1:$D$1,0)) -> Bối cảnh / Vấn đề (JP) | M4: =INDEX(_翻訳マスタ!$B$2:$D$300,MATCH("ISSUE_COL_BG",_翻訳マスタ!$A$2:$A$300,0),MATCH(言語切替!$B$3,_翻訳マスタ!$B$1:$D$1,0))&INDEX(_翻訳マスタ!$B$2:$D$300,MATCH("NEW_CN_SUFFIX",_翻訳マスタ!$A$2:$A$300,0),MATCH(言語切替!$B$3,_翻訳マスタ!$B$1:$D$1,0)) -> Bối cảnh / Vấn đề (CN) | N4: =INDEX(_翻訳マスタ!$B$2:$D$300,MATCH("ISSUE_COL_ACTION",_翻訳マスタ!$A$2:$A$300,0),MATCH(言語切替!$B$3,_翻訳マスタ!$B$1:$D$1,0))&INDEX(_翻訳マスタ!$B$2:$D$300,MATCH("NEW_INPUT_SUFFIX",_翻訳マスタ!$A$2:$A$300,0),MATCH(言語切替!$B$3,_翻訳マスタ!$B$1:$D$1,0)) -> Hành động tiếp theo [Nhập: VI/JP/CN] | O4: =INDEX(_翻訳マスタ!$B$2:$D$300,MATCH("ISSUE_COL_ACTION",_翻訳マスタ!$A$2:$A$300,0),MATCH(言語切替!$B$3,_翻訳マスタ!$B$1:$D$1,0))&INDEX(_翻訳マスタ!$B$2:$D$300,MATCH("NEW_VI_SUFFIX",_翻訳マスタ!$A$2:$A$300,0),MATCH(言語切替!$B$3,_翻訳マスタ!$B$1:$D$1,0)) -> Hành động tiếp theo (VI) | P4: =INDEX(_翻訳マスタ!$B$2:$D$300,MATCH("ISSUE_COL_ACTION",_翻訳マスタ!$A$2:$A$300,0),MATCH(言語切替!$B$3,_翻訳マスタ!$B$1:$D$1,0))&INDEX(_翻訳マスタ!$B$2:$D$300,MATCH("NEW_JP_SUFFIX",_翻訳マスタ!$A$2:$A$300,0),MATCH(言語切替!$B$3,_翻訳マスタ!$B$1:$D$1,0)) -> Hành động tiếp theo (JP) | Q4: =INDEX(_翻訳マスタ!$B$2:$D$300,MATCH("ISSUE_COL_ACTION",_翻訳マスタ!$A$2:$A$300,0),MATCH(言語切替!$B$3,_翻訳マスタ!$B$1:$D$1,0))&INDEX(_翻訳マスタ!$B$2:$D$300,MATCH("NEW_CN_SUFFIX",_翻訳マスタ!$A$2:$A$300,0),MATCH(言語切替!$B$3,_翻訳マスタ!$B$1:$D$1,0)) -> Hành động tiếp theo (CN) | R4: =INDEX(_翻訳マスタ!$B$117:$D$247,MATCH("ISSUE_COL_OWNER",_翻訳マスタ!$A$117:$A$247,0),MATCH(言語切替!$B$3,_翻訳マスタ!$B$1:$D$1,0)) -> Người phụ trách | S4: =INDEX(_翻訳マスタ!$B$117:$D$247,MATCH("ISSUE_COL_COOP",_翻訳マスタ!$A$117:$A$247,0),MATCH(言語切替!$B$3,_翻訳マスタ!$B$1:$D$1,0)) -> Người phối hợp | T4: =INDEX(_翻訳マスタ!$B$117:$D$247,MATCH("ISSUE_COL_START",_翻訳マスタ!$A$117:$A$247,0),MATCH(言語切替!$B$3,_翻訳マスタ!$B$1:$D$1,0)) -> Ngày tạo | U4: =INDEX(_翻訳マスタ!$B$117:$D$247,MATCH("ISSUE_COL_DUE",_翻訳マスタ!$A$117:$A$247,0),MATCH(言語切替!$B$3,_翻訳マスタ!$B$1:$D$1,0)) -> Thời hạn | V4: =INDEX(_翻訳マスタ!$B$117:$D$247,MATCH("ISSUE_COL_PRIORITY",_翻訳マスタ!$A$117:$A$247,0),MATCH(言語切替!$B$3,_翻訳マスタ!$B$1:$D$1,0)) -> Mức ưu tiên | W4: =INDEX(_翻訳マスタ!$B$117:$D$247,MATCH("ISSUE_COL_STATUS",_翻訳マスタ!$A$117:$A$247,0),MATCH(言語切替!$B$3,_翻訳マスタ!$B$1:$D$1,0)) -> Trạng thái | X4: =INDEX(_翻訳マスタ!$B$117:$D$247,MATCH("ISSUE_COL_DEP",_翻訳マスタ!$A$117:$A$247,0),MATCH(言語切替!$B$3,_翻訳マスタ!$B$1:$D$1,0)) -> WG liên quan / Phụ thuộc | Y4: =INDEX(_翻訳マスタ!$B$2:$D$300,MATCH("ISSUE_COL_COND",_翻訳マスタ!$A$2:$A$300,0),MATCH(言語切替!$B$3,_翻訳マスタ!$B$1:$D$1,0))&INDEX(_翻訳マスタ!$B$2:$D$300,MATCH("NEW_INPUT_SUFFIX",_翻訳マスタ!$A$2:$A$300,0),MATCH(言語切替!$B$3,_翻訳マスタ!$B$1:$D$1,0)) -> Điều kiện hoàn thành [Nhập: VI/JP/CN] | Z4: =INDEX(_翻訳マスタ!$B$2:$D$300,MATCH("ISSUE_COL_COND",_翻訳マスタ!$A$2:$A$300,0),MATCH(言語切替!$B$3,_翻訳マスタ!$B$1:$D$1,0))&INDEX(_翻訳マスタ!$B$2:$D$300,MATCH("NEW_VI_SUFFIX",_翻訳マスタ!$A$2:$A$300,0),MATCH(言語切替!$B$3,_翻訳マスタ!$B$1:$D$1,0)) -> Điều kiện hoàn thành (VI) | AA4: =INDEX(_翻訳マスタ!$B$2:$D$300,MATCH("ISSUE_COL_COND",_翻訳マスタ!$A$2:$A$300,0),MATCH(言語切替!$B$3,_翻訳マスタ!$B$1:$D$1,0))&INDEX(_翻訳マスタ!$B$2:$D$300,MATCH("NEW_JP_SUFFIX",_翻訳マスタ!$A$2:$A$300,0),MATCH(言語切替!$B$3,_翻訳マスタ!$B$1:$D$1,0)) -> Điều kiện hoàn thành (JP) | AB4: =INDEX(_翻訳マスタ!$B$2:$D$300,MATCH("ISSUE_COL_COND",_翻訳マスタ!$A$2:$A$300,0),MATCH(言語切替!$B$3,_翻訳マスタ!$B$1:$D$1,0))&INDEX(_翻訳マスタ!$B$2:$D$300,MATCH("NEW_CN_SUFFIX",_翻訳マスタ!$A$2:$A$300,0),MATCH(言語切替!$B$3,_翻訳マスタ!$B$1:$D$1,0)) -> Điều kiện hoàn thành (CN) | AC4: =INDEX(_翻訳マスタ!$B$2:$D$300,MATCH("ISSUE_COL_RESULT",_翻訳マスタ!$A$2:$A$300,0),MATCH(言語切替!$B$3,_翻訳マスタ!$B$1:$D$1,0))&INDEX(_翻訳マスタ!$B$2:$D$300,MATCH("NEW_INPUT_SUFFIX",_翻訳マスタ!$A$2:$A$300,0),MATCH(言語切替!$B$3,_翻訳マスタ!$B$1:$D$1,0)) -> Tình trạng xử lý / Kết luận [Nhập: VI/JP/CN] | AD4: =INDEX(_翻訳マスタ!$B$2:$D$300,MATCH("ISSUE_COL_RESULT",_翻訳マスタ!$A$2:$A$300,0),MATCH(言語切替!$B$3,_翻訳マスタ!$B$1:$D$1,0))&INDEX(_翻訳マスタ!$B$2:$D$300,MATCH("NEW_VI_SUFFIX",_翻訳マスタ!$A$2:$A$300,0),MATCH(言語切替!$B$3,_翻訳マスタ!$B$1:$D$1,0)) -> Tình trạng xử lý / Kết luận (VI) | AE4: =INDEX(_翻訳マスタ!$B$2:$D$300,MATCH("ISSUE_COL_RESULT",_翻訳マスタ!$A$2:$A$300,0),MATCH(言語切替!$B$3,_翻訳マスタ!$B$1:$D$1,0))&INDEX(_翻訳マスタ!$B$2:$D$300,MATCH("NEW_JP_SUFFIX",_翻訳マスタ!$A$2:$A$300,0),MATCH(言語切替!$B$3,_翻訳マスタ!$B$1:$D$1,0)) -> Tình trạng xử lý / Kết luận (JP) | AF4: =INDEX(_翻訳マスタ!$B$2:$D$300,MATCH("ISSUE_COL_RESULT",_翻訳マスタ!$A$2:$A$300,0),MATCH(言語切替!$B$3,_翻訳マスタ!$B$1:$D$1,0))&INDEX(_翻訳マスタ!$B$2:$D$300,MATCH("NEW_CN_SUFFIX",_翻訳マスタ!$A$2:$A$300,0),MATCH(言語切替!$B$3,_翻訳マスタ!$B$1:$D$1,0)) -> Tình trạng xử lý / Kết luận (CN) | AG4: =INDEX(_翻訳マスタ!$B$117:$D$247,MATCH("ISSUE_COL_LINK",_翻訳マスタ!$A$117:$A$247,0),MATCH(言語切替!$B$3,_翻訳マスタ!$B$1:$D$1,0)) -> Liên kết liên quan | AH4: =INDEX(_翻訳マスタ!$B$117:$D$247,MATCH("ISSUE_COL_DAYS",_翻訳マスタ!$A$117:$A$247,0),MATCH(言語切替!$B$3,_翻訳マスタ!$B$1:$D$1,0)) -> Số ngày còn lại | AI4: =INDEX(_翻訳マスタ!$B$117:$D$247,MATCH("ISSUE_COL_ALERT",_翻訳マスタ!$A$117:$A$247,0),MATCH(言語切替!$B$3,_翻訳マスタ!$B$1:$D$1,0)) -> Cảnh báo | AJ4: =INDEX(_翻訳マスタ!$B$117:$D$247,MATCH("ISSUE_COL_UPDATED",_翻訳マスタ!$A$117:$A$247,0),MATCH(言語切替!$B$3,_翻訳マスタ!$B$1:$D$1,0)) -> Ngày cập nhật cuối
B5: ='02_マスタ'!$I$6 -> ToDo | C5: ='02_マスタ'!$A$5 -> Toàn bộ | D5: ='02_マスタ'!$C$5 -> Chung | G5: =IF(F5="","",_xlfn.TRANSLATE(F5,"","vi")) | H5: =IF(F5="","",_xlfn.TRANSLATE(F5,"","ja")) | I5: =IF(F5="","",_xlfn.TRANSLATE(F5,"","zh-Hans")) | J5: =INDEX(_翻訳マスタ!$D$2:$D$300,MATCH("ISSUE_EX1_BG",_翻訳マスタ!$A$2:$A$300,0)) -> Cần quy tắc chung trước khi khởi động WG | K5: =IF(J5="","",_xlfn.TRANSLATE(J5,"","vi")) -> Cần quy tắc chung trước khi khởi động WG | L5: =IF(J5="","",_xlfn.TRANSLATE(J5,"","ja")) -> WGを始める前に一般的なルールが必要です | M5: =IF(J5="","",_xlfn.TRANSLATE(J5,"","zh-Hans")) -> 在开始世界政府之前需要一个通用规则 | N5: =INDEX(_翻訳マスタ!$D$2:$D$300,MATCH("ISSUE_EX1_ACT",_翻訳マスタ!$A$2:$A$300,0)) -> Thống nhất các mục, trách nhiệm và thời hạn trong ban điều hành | O5: =IF(N5="","",_xlfn.TRANSLATE(N5,"","vi")) -> Thống nhất các mục, trách nhiệm và thời hạn trong ban điều hành | P5: =IF(N5="","",_xlfn.TRANSLATE(N5,"","ja")) -> 執行委員会で項目、責任、期限について合意してください | Q5: =IF(N5="","",_xlfn.TRANSLATE(N5,"","zh-Hans")) -> 在执行委员会中就事项、职责和截止日期达成一致 | R5: =INDEX(_翻訳マスタ!$B$117:$D$247,MATCH("ROLE_PMO",_翻訳マスタ!$A$117:$A$247,0),MATCH(言語切替!$B$3,_翻訳マスタ!$B$1:$D$1,0)) -> Ban điều hành | S5: =INDEX(_翻訳マスタ!$B$117:$D$247,MATCH("ROLE_ALL_LEADERS",_翻訳マスタ!$A$117:$A$247,0),MATCH(言語切替!$B$3,_翻訳マスタ!$B$1:$D$1,0)) -> Tất cả trưởng nhóm | T5: 46288 | U5: 46295 | V5: High | W5: ='02_マスタ'!$E$6 -> Đang xử lý | Y5: =INDEX(_翻訳マスタ!$D$2:$D$300,MATCH("ISSUE_EX1_COND",_翻訳マスタ!$A$2:$A$300,0)) -> Quy tắc vận hành được phê duyệt | Z5: =IF(Y5="","",_xlfn.TRANSLATE(Y5,"","vi")) -> Quy tắc vận hành được phê duyệt | AA5: =IF(Y5="","",_xlfn.TRANSLATE(Y5,"","ja")) -> 承認された運用規則 | AB5: =IF(Y5="","",_xlfn.TRANSLATE(Y5,"","zh-Hans")) -> 批准的操作规则 | AD5: =IF(AC5="","",_xlfn.TRANSLATE(AC5,"","vi")) | AE5: =IF(AC5="","",_xlfn.TRANSLATE(AC5,"","ja")) | AF5: =IF(AC5="","",_xlfn.TRANSLATE(AC5,"","zh-Hans")) | AH5: =IF(U5="","",U5-TODAY()) -> -9 | AI5: =IF(A5="","",IF(OR(W5='02_マスタ'!$E$10,W5='02_マスタ'!$E$12),"",IF(V5="High","High",IF(AND(U5<>"",U5<TODAY()),INDEX(_翻訳マスタ!$B$117:$D$247,MATCH("ALERT_OVERDUE",_翻訳マスタ!$A$117:$A$247,0),MATCH(言語切替!$B$3,_翻訳マスタ!$B$1:$D$1,0)),IF(AND(U5<>"",U5-TODAY()<=7),INDEX(_翻訳マスタ!$B$117:$D$247,MATCH("ALERT_APPROACHING",_翻訳マスタ!$A$117:$A$247,0),MATCH(言語切替!$B$3,_翻訳マスタ!$B$1:$D$1,0)),IF(OR(W5='02_マスタ'!$E$7,W5='02_マスタ'!$E$8),INDEX(_翻訳マスタ!$B$117:$D$247,MATCH("ALERT_CHECK",_翻訳マスタ!$A$117:$A$247,0),MATCH(言語切替!$B$3,_翻訳マスタ!$B$1:$D$1,0)),"")))))) | AJ5: 46288
B6: ='02_マスタ'!$I$5 -> Vấn đề | C6: ='02_マスタ'!$A$9 -> WG-4 | D6: ='02_マスタ'!$C$5 -> Chung | F6: ='03_WBS'!J6 -> Rà soát nghiệp vụ hiện tại | G6: =IF(F6="","",_xlfn.TRANSLATE(F6,"","vi")) -> Rà soát nghiệp vụ hiện tại | H6: =IF(F6="","",_xlfn.TRANSLATE(F6,"","ja")) -> 現在の作戦のレビュー | I6: =IF(F6="","",_xlfn.TRANSLATE(F6,"","zh-Hans")) -> 当前行动回顾 | J6: =INDEX(_翻訳マスタ!$D$2:$D$300,MATCH("ISSUE_EX2_BG",_翻訳マスタ!$A$2:$A$300,0)) -> Chưa định nghĩa vai trò sau khi tạo, phê duyệt và liên kết | K6: =IF(J6="","",_xlfn.TRANSLATE(J6,"","vi")) -> Chưa định nghĩa vai trò sau khi tạo, phê duyệt và liên kết | L6: =IF(J6="","",_xlfn.TRANSLATE(J6,"","ja")) -> 創設、承認、協会後に定義されない役割 | M6: =IF(J6="","",_xlfn.TRANSLATE(J6,"","zh-Hans")) -> 创建、批准和关联后未定义的角色 | N6: =INDEX(_翻訳マスタ!$D$2:$D$300,MATCH("ISSUE_EX2_ACT",_翻訳マスタ!$A$2:$A$300,0)) -> Rà soát nghiệp vụ hiện tại và phân công trách nhiệm | O6: =IF(N6="","",_xlfn.TRANSLATE(N6,"","vi")) -> Rà soát nghiệp vụ hiện tại và phân công trách nhiệm | P6: =IF(N6="","",_xlfn.TRANSLATE(N6,"","ja")) -> 現在の業務を見直し、責任を割り当てます | Q6: =IF(N6="","",_xlfn.TRANSLATE(N6,"","zh-Hans")) -> 审查当前运营并分配职责 | R6: WG Leader | S6: WG-8 | T6: 46294 | U6: 46311 | V6: High | W6: ='02_マスタ'!$E$5 -> Chưa bắt đầu | X6: =INDEX(_翻訳マスタ!$B$117:$D$247,MATCH("ISSUE_EX2_DEP",_翻訳マスタ!$A$117:$A$247,0),MATCH(言語切替!$B$3,_翻訳マスタ!$B$1:$D$1,0)) -> WG-8 Tích hợp hệ thống | Y6: =INDEX(_翻訳マスタ!$D$2:$D$300,MATCH("ISSUE_EX2_COND",_翻訳マスタ!$A$2:$A$300,0)) -> Thống nhất bảng RACI | Z6: =IF(Y6="","",_xlfn.TRANSLATE(Y6,"","vi")) -> Thống nhất bảng RACI | AA6: =IF(Y6="","",_xlfn.TRANSLATE(Y6,"","ja")) -> 統一RACI委員会 | AB6: =IF(Y6="","",_xlfn.TRANSLATE(Y6,"","zh-Hans")) -> 统一的RACI董事会 | AD6: =IF(AC6="","",_xlfn.TRANSLATE(AC6,"","vi")) | AE6: =IF(AC6="","",_xlfn.TRANSLATE(AC6,"","ja")) | AF6: =IF(AC6="","",_xlfn.TRANSLATE(AC6,"","zh-Hans")) | AH6: =IF(U6="","",U6-TODAY()) -> 7 | AI6: =IF(A6="","",IF(OR(W6='02_マスタ'!$E$10,W6='02_マスタ'!$E$12),"",IF(V6="High","High",IF(AND(U6<>"",U6<TODAY()),INDEX(_翻訳マスタ!$B$117:$D$247,MATCH("ALERT_OVERDUE",_翻訳マスタ!$A$117:$A$247,0),MATCH(言語切替!$B$3,_翻訳マスタ!$B$1:$D$1,0)),IF(AND(U6<>"",U6-TODAY()<=7),INDEX(_翻訳マスタ!$B$117:$D$247,MATCH("ALERT_APPROACHING",_翻訳マスタ!$A$117:$A$247,0),MATCH(言語切替!$B$3,_翻訳マスタ!$B$1:$D$1,0)),IF(OR(W6='02_マスタ'!$E$7,W6='02_マスタ'!$E$8),INDEX(_翻訳マスタ!$B$117:$D$247,MATCH("ALERT_CHECK",_翻訳マスタ!$A$117:$A$247,0),MATCH(言語切替!$B$3,_翻訳マスタ!$B$1:$D$1,0)),"")))))) | AJ6: 46288
B7: ='02_マスタ'!$I$5 -> Vấn đề | C7: ='02_マスタ'!$A$12 -> WG-7 | D7: KDTVN | F7: ='03_WBS'!J7 -> Sắp xếp vai trò hệ thống hiện hữu | G7: =IF(F7="","",_xlfn.TRANSLATE(F7,"","vi")) -> Sắp xếp vai trò hệ thống hiện hữu | H7: =IF(F7="","",_xlfn.TRANSLATE(F7,"","ja")) -> 既存のシステム役割の組織化 | I7: =IF(F7="","",_xlfn.TRANSLATE(F7,"","zh-Hans")) -> 组织现有系统角色 | J7: =INDEX(_翻訳マスタ!$D$2:$D$300,MATCH("ISSUE_EX3_BG",_翻訳マスタ!$A$2:$A$300,0)) -> Phạm vi logistics giao hàng rộng | K7: =IF(J7="","",_xlfn.TRANSLATE(J7,"","vi")) -> Phạm vi logistics giao hàng rộng | L7: =IF(J7="","",_xlfn.TRANSLATE(J7,"","ja")) -> 幅広い配送物流 | M7: =IF(J7="","",_xlfn.TRANSLATE(J7,"","zh-Hans")) -> 广泛的配送物流 | N7: =INDEX(_翻訳マスタ!$D$2:$D$300,MATCH("ISSUE_EX3_ACT",_翻訳マスタ!$A$2:$A$300,0)) -> Rà soát công chuẩn hiện tại và thống nhất chủ đề ưu tiên | O7: =IF(N7="","",_xlfn.TRANSLATE(N7,"","vi")) -> Rà soát công chuẩn hiện tại và thống nhất chủ đề ưu tiên | P7: =IF(N7="","",_xlfn.TRANSLATE(N7,"","ja")) -> 現在の基準を見直し、優先トピックについて合意しましょう | Q7: =IF(N7="","",_xlfn.TRANSLATE(N7,"","zh-Hans")) -> 审查现有标准并就优先议题达成共识 | R7: WG Leader | S7: =INDEX(_翻訳マスタ!$B$117:$D$247,MATCH("ROLE_PMO",_翻訳マスタ!$A$117:$A$247,0),MATCH(言語切替!$B$3,_翻訳マスタ!$B$1:$D$1,0)) -> Ban điều hành | T7: 46294 | U7: 46311 | V7: Middle | W7: ='02_マスタ'!$E$5 -> Chưa bắt đầu | Y7: =INDEX(_翻訳マスタ!$D$2:$D$300,MATCH("ISSUE_EX3_COND",_翻訳マスタ!$A$2:$A$300,0)) -> Phê duyệt phạm vi mục tiêu | Z7: =IF(Y7="","",_xlfn.TRANSLATE(Y7,"","vi")) -> Phê duyệt phạm vi mục tiêu | AA7: =IF(Y7="","",_xlfn.TRANSLATE(Y7,"","ja")) -> ターゲットスコープ承認 | AB7: =IF(Y7="","",_xlfn.TRANSLATE(Y7,"","zh-Hans")) -> 目标范围批准 | AD7: =IF(AC7="","",_xlfn.TRANSLATE(AC7,"","vi")) | AE7: =IF(AC7="","",_xlfn.TRANSLATE(AC7,"","ja")) | AF7: =IF(AC7="","",_xlfn.TRANSLATE(AC7,"","zh-Hans")) | AH7: =IF(U7="","",U7-TODAY()) -> 7 | AI7: =IF(A7="","",IF(OR(W7='02_マスタ'!$E$10,W7='02_マスタ'!$E$12),"",IF(V7="High","High",IF(AND(U7<>"",U7<TODAY()),INDEX(_翻訳マスタ!$B$117:$D$247,MATCH("ALERT_OVERDUE",_翻訳マスタ!$A$117:$A$247,0),MATCH(言語切替!$B$3,_翻訳マスタ!$B$1:$D$1,0)),IF(AND(U7<>"",U7-TODAY()<=7),INDEX(_翻訳マスタ!$B$117:$D$247,MATCH("ALERT_APPROACHING",_翻訳マスタ!$A$117:$A$247,0),MATCH(言語切替!$B$3,_翻訳マスタ!$B$1:$D$1,0)),IF(OR(W7='02_マスタ'!$E$7,W7='02_マスタ'!$E$8),INDEX(_翻訳マスタ!$B$117:$D$247,MATCH("ALERT_CHECK",_翻訳マスタ!$A$117:$A$247,0),MATCH(言語切替!$B$3,_翻訳マスタ!$B$1:$D$1,0)),"")))))) | AJ7: 46288
B8: ='02_マスタ'!$I$8 -> Rủi ro | C8: ='02_マスタ'!$A$14 -> WG-9 | D8: ='02_マスタ'!$C$5 -> Chung | F8: ='03_WBS'!J8 -> Xem xét phương pháp AMM lấy thùng HAN-CON | G8: =IF(F8="","",_xlfn.TRANSLATE(F8,"","vi")) -> Xem xét phương pháp AMM lấy thùng HAN-CON | H8: =IF(F8="","",_xlfn.TRANSLATE(F8,"","ja")) -> HAN-CONバレル取得AMM法を考えてみましょう | I8: =IF(F8="","",_xlfn.TRANSLATE(F8,"","zh-Hans")) -> 考虑汉康枪管采集反导法 | J8: =INDEX(_翻訳マスタ!$D$2:$D$300,MATCH("ISSUE_EX4_BG",_翻訳マスタ!$A$2:$A$300,0)) -> Chưa sắp xếp quy cách, chia sẻ chi phí và logistics thu hồi | K8: =IF(J8="","",_xlfn.TRANSLATE(J8,"","vi")) -> Chưa sắp xếp quy cách, chia sẻ chi phí và logistics thu hồi | L8: =IF(J8="","",_xlfn.TRANSLATE(J8,"","ja")) -> 仕様、費用分担、回収物流は手配されていません | M8: =IF(J8="","",_xlfn.TRANSLATE(J8,"","zh-Hans")) -> 规格、成本分摊和回收后勤尚未安排 | N8: =INDEX(_翻訳マスタ!$D$2:$D$300,MATCH("ISSUE_EX4_ACT",_翻訳マスタ!$A$2:$A$300,0)) -> Sắp xếp các yếu tố cản trở và vấn đề cần quyết định | O8: =IF(N8="","",_xlfn.TRANSLATE(N8,"","vi")) -> Sắp xếp các yếu tố cản trở và vấn đề cần quyết định | P8: =IF(N8="","",_xlfn.TRANSLATE(N8,"","ja")) -> 障害や問題を解決しなければなりません | Q8: =IF(N8="","",_xlfn.TRANSLATE(N8,"","zh-Hans")) -> 解决需要解决的障碍和问题 | R8: WG Leader | S8: =INDEX(_翻訳マスタ!$B$117:$D$247,MATCH("ROLE_MATERIALS",_翻訳マスタ!$A$117:$A$247,0),MATCH(言語切替!$B$3,_翻訳マスタ!$B$1:$D$1,0)) -> Vật tư | T8: 46294 | U8: 46318 | V8: Middle | W8: ='02_マスタ'!$E$5 -> Chưa bắt đầu | X8: =INDEX(_翻訳マスタ!$B$117:$D$247,MATCH("ISSUE_EX4_DEP",_翻訳マスタ!$A$117:$A$247,0),MATCH(言語切替!$B$3,_翻訳マスタ!$B$1:$D$1,0)) -> WG-1 Tiếp nhận linh kiện | Y8: =INDEX(_翻訳マスタ!$D$2:$D$300,MATCH("ISSUE_EX4_COND",_翻訳マスタ!$A$2:$A$300,0)) -> Thống nhất định hướng triển khai | Z8: =IF(Y8="","",_xlfn.TRANSLATE(Y8,"","vi")) -> Thống nhất định hướng triển khai | AA8: =IF(Y8="","",_xlfn.TRANSLATE(Y8,"","ja")) -> 実装志向の統一 | AB8: =IF(Y8="","",_xlfn.TRANSLATE(Y8,"","zh-Hans")) -> 实现方向的统一 | AD8: =IF(AC8="","",_xlfn.TRANSLATE(AC8,"","vi")) | AE8: =IF(AC8="","",_xlfn.TRANSLATE(AC8,"","ja")) | AF8: =IF(AC8="","",_xlfn.TRANSLATE(AC8,"","zh-Hans")) | AH8: =IF(U8="","",U8-TODAY()) -> 14 | AI8: =IF(A8="","",IF(OR(W8='02_マスタ'!$E$10,W8='02_マスタ'!$E$12),"",IF(V8="High","High",IF(AND(U8<>"",U8<TODAY()),INDEX(_翻訳マスタ!$B$117:$D$247,MATCH("ALERT_OVERDUE",_翻訳マスタ!$A$117:$A$247,0),MATCH(言語切替!$B$3,_翻訳マスタ!$B$1:$D$1,0)),IF(AND(U8<>"",U8-TODAY()<=7),INDEX(_翻訳マスタ!$B$117:$D$247,MATCH("ALERT_APPROACHING",_翻訳マスタ!$A$117:$A$247,0),MATCH(言語切替!$B$3,_翻訳マスタ!$B$1:$D$1,0)),IF(OR(W8='02_マスタ'!$E$7,W8='02_マスタ'!$E$8),INDEX(_翻訳マスタ!$B$117:$D$247,MATCH("ALERT_CHECK",_翻訳マスタ!$A$117:$A$247,0),MATCH(言語切替!$B$3,_翻訳マスタ!$B$1:$D$1,0)),"")))))) | AJ8: 46288
C9: WG-5 | E9: Xem xét phương pháp AMM lấy thùng HAN-CON | G9: =IF(F9="","",_xlfn.TRANSLATE(F9,"","vi")) | H9: =IF(F9="","",_xlfn.TRANSLATE(F9,"","ja")) | I9: =IF(F9="","",_xlfn.TRANSLATE(F9,"","zh-Hans")) | K9: =IF(J9="","",_xlfn.TRANSLATE(J9,"","vi")) | L9: =IF(J9="","",_xlfn.TRANSLATE(J9,"","ja")) | M9: =IF(J9="","",_xlfn.TRANSLATE(J9,"","zh-Hans")) | O9: =IF(N9="","",_xlfn.TRANSLATE(N9,"","vi")) | P9: =IF(N9="","",_xlfn.TRANSLATE(N9,"","ja")) | Q9: =IF(N9="","",_xlfn.TRANSLATE(N9,"","zh-Hans")) | Z9: =IF(Y9="","",_xlfn.TRANSLATE(Y9,"","vi")) | AA9: =IF(Y9="","",_xlfn.TRANSLATE(Y9,"","ja")) | AB9: =IF(Y9="","",_xlfn.TRANSLATE(Y9,"","zh-Hans")) | AD9: =IF(AC9="","",_xlfn.TRANSLATE(AC9,"","vi")) | AE9: =IF(AC9="","",_xlfn.TRANSLATE(AC9,"","ja")) | AF9: =IF(AC9="","",_xlfn.TRANSLATE(AC9,"","zh-Hans")) | AH9: =IF(U9="","",U9-TODAY()) | AI9: =IF(A9="","",IF(OR(W9='02_マスタ'!$E$10,W9='02_マスタ'!$E$12),"",IF(V9="High","High",IF(AND(U9<>"",U9<TODAY()),INDEX(_翻訳マスタ!$B$117:$D$247,MATCH("ALERT_OVERDUE",_翻訳マスタ!$A$117:$A$247,0),MATCH(言語切替!$B$3,_翻訳マスタ!$B$1:$D$1,0)),IF(AND(U9<>"",U9-TODAY()<=7),INDEX(_翻訳マスタ!$B$117:$D$247,MATCH("ALERT_APPROACHING",_翻訳マスタ!$A$117:$A$247,0),MATCH(言語切替!$B$3,_翻訳マスタ!$B$1:$D$1,0)),IF(OR(W9='02_マスタ'!$E$7,W9='02_マスタ'!$E$8),INDEX(_翻訳マスタ!$B$117:$D$247,MATCH("ALERT_CHECK",_翻訳マスタ!$A$117:$A$247,0),MATCH(言語切替!$B$3,_翻訳マスタ!$B$1:$D$1,0)),""))))))
G10: =IF(F10="","",_xlfn.TRANSLATE(F10,"","vi")) | H10: =IF(F10="","",_xlfn.TRANSLATE(F10,"","ja")) | I10: =IF(F10="","",_xlfn.TRANSLATE(F10,"","zh-Hans")) | K10: =IF(J10="","",_xlfn.TRANSLATE(J10,"","vi")) | L10: =IF(J10="","",_xlfn.TRANSLATE(J10,"","ja")) | M10: =IF(J10="","",_xlfn.TRANSLATE(J10,"","zh-Hans")) | O10: =IF(N10="","",_xlfn.TRANSLATE(N10,"","vi")) | P10: =IF(N10="","",_xlfn.TRANSLATE(N10,"","ja")) | Q10: =IF(N10="","",_xlfn.TRANSLATE(N10,"","zh-Hans")) | Z10: =IF(Y10="","",_xlfn.TRANSLATE(Y10,"","vi")) | AA10: =IF(Y10="","",_xlfn.TRANSLATE(Y10,"","ja")) | AB10: =IF(Y10="","",_xlfn.TRANSLATE(Y10,"","zh-Hans")) | AD10: =IF(AC10="","",_xlfn.TRANSLATE(AC10,"","vi")) | AE10: =IF(AC10="","",_xlfn.TRANSLATE(AC10,"","ja")) | AF10: =IF(AC10="","",_xlfn.TRANSLATE(AC10,"","zh-Hans")) | AH10: =IF(U10="","",U10-TODAY()) | AI10: =IF(A10="","",IF(OR(W10='02_マスタ'!$E$10,W10='02_マスタ'!$E$12),"",IF(V10="High","High",IF(AND(U10<>"",U10<TODAY()),INDEX(_翻訳マスタ!$B$117:$D$247,MATCH("ALERT_OVERDUE",_翻訳マスタ!$A$117:$A$247,0),MATCH(言語切替!$B$3,_翻訳マスタ!$B$1:$D$1,0)),IF(AND(U10<>"",U10-TODAY()<=7),INDEX(_翻訳マスタ!$B$117:$D$247,MATCH("ALERT_APPROACHING",_翻訳マスタ!$A$117:$A$247,0),MATCH(言語切替!$B$3,_翻訳マスタ!$B$1:$D$1,0)),IF(OR(W10='02_マスタ'!$E$7,W10='02_マスタ'!$E$8),INDEX(_翻訳マスタ!$B$117:$D$247,MATCH("ALERT_CHECK",_翻訳マスタ!$A$117:$A$247,0),MATCH(言語切替!$B$3,_翻訳マスタ!$B$1:$D$1,0)),""))))))
G11: =IF(F11="","",_xlfn.TRANSLATE(F11,"","vi")) | H11: =IF(F11="","",_xlfn.TRANSLATE(F11,"","ja")) | I11: =IF(F11="","",_xlfn.TRANSLATE(F11,"","zh-Hans")) | K11: =IF(J11="","",_xlfn.TRANSLATE(J11,"","vi")) | L11: =IF(J11="","",_xlfn.TRANSLATE(J11,"","ja")) | M11: =IF(J11="","",_xlfn.TRANSLATE(J11,"","zh-Hans")) | O11: =IF(N11="","",_xlfn.TRANSLATE(N11,"","vi")) | P11: =IF(N11="","",_xlfn.TRANSLATE(N11,"","ja")) | Q11: =IF(N11="","",_xlfn.TRANSLATE(N11,"","zh-Hans")) | Z11: =IF(Y11="","",_xlfn.TRANSLATE(Y11,"","vi")) | AA11: =IF(Y11="","",_xlfn.TRANSLATE(Y11,"","ja")) | AB11: =IF(Y11="","",_xlfn.TRANSLATE(Y11,"","zh-Hans")) | AD11: =IF(AC11="","",_xlfn.TRANSLATE(AC11,"","vi")) | AE11: =IF(AC11="","",_xlfn.TRANSLATE(AC11,"","ja")) | AF11: =IF(AC11="","",_xlfn.TRANSLATE(AC11,"","zh-Hans")) | AH11: =IF(U11="","",U11-TODAY()) | AI11: =IF(A11="","",IF(OR(W11='02_マスタ'!$E$10,W11='02_マスタ'!$E$12),"",IF(V11="High","High",IF(AND(U11<>"",U11<TODAY()),INDEX(_翻訳マスタ!$B$117:$D$247,MATCH("ALERT_OVERDUE",_翻訳マスタ!$A$117:$A$247,0),MATCH(言語切替!$B$3,_翻訳マスタ!$B$1:$D$1,0)),IF(AND(U11<>"",U11-TODAY()<=7),INDEX(_翻訳マスタ!$B$117:$D$247,MATCH("ALERT_APPROACHING",_翻訳マスタ!$A$117:$A$247,0),MATCH(言語切替!$B$3,_翻訳マスタ!$B$1:$D$1,0)),IF(OR(W11='02_マスタ'!$E$7,W11='02_マスタ'!$E$8),INDEX(_翻訳マスタ!$B$117:$D$247,MATCH("ALERT_CHECK",_翻訳マスタ!$A$117:$A$247,0),MATCH(言語切替!$B$3,_翻訳マスタ!$B$1:$D$1,0)),""))))))
G12: =IF(F12="","",_xlfn.TRANSLATE(F12,"","vi")) | H12: =IF(F12="","",_xlfn.TRANSLATE(F12,"","ja")) | I12: =IF(F12="","",_xlfn.TRANSLATE(F12,"","zh-Hans")) | K12: =IF(J12="","",_xlfn.TRANSLATE(J12,"","vi")) | L12: =IF(J12="","",_xlfn.TRANSLATE(J12,"","ja")) | M12: =IF(J12="","",_xlfn.TRANSLATE(J12,"","zh-Hans")) | O12: =IF(N12="","",_xlfn.TRANSLATE(N12,"","vi")) | P12: =IF(N12="","",_xlfn.TRANSLATE(N12,"","ja")) | Q12: =IF(N12="","",_xlfn.TRANSLATE(N12,"","zh-Hans")) | Z12: =IF(Y12="","",_xlfn.TRANSLATE(Y12,"","vi")) | AA12: =IF(Y12="","",_xlfn.TRANSLATE(Y12,"","ja")) | AB12: =IF(Y12="","",_xlfn.TRANSLATE(Y12,"","zh-Hans")) | AD12: =IF(AC12="","",_xlfn.TRANSLATE(AC12,"","vi")) | AE12: =IF(AC12="","",_xlfn.TRANSLATE(AC12,"","ja")) | AF12: =IF(AC12="","",_xlfn.TRANSLATE(AC12,"","zh-Hans")) | AH12: =IF(U12="","",U12-TODAY()) | AI12: =IF(A12="","",IF(OR(W12='02_マスタ'!$E$10,W12='02_マスタ'!$E$12),"",IF(V12="High","High",IF(AND(U12<>"",U12<TODAY()),INDEX(_翻訳マスタ!$B$117:$D$247,MATCH("ALERT_OVERDUE",_翻訳マスタ!$A$117:$A$247,0),MATCH(言語切替!$B$3,_翻訳マスタ!$B$1:$D$1,0)),IF(AND(U12<>"",U12-TODAY()<=7),INDEX(_翻訳マスタ!$B$117:$D$247,MATCH("ALERT_APPROACHING",_翻訳マスタ!$A$117:$A$247,0),MATCH(言語切替!$B$3,_翻訳マスタ!$B$1:$D$1,0)),IF(OR(W12='02_マスタ'!$E$7,W12='02_マスタ'!$E$8),INDEX(_翻訳マスタ!$B$117:$D$247,MATCH("ALERT_CHECK",_翻訳マスタ!$A$117:$A$247,0),MATCH(言語切替!$B$3,_翻訳マスタ!$B$1:$D$1,0)),""))))))
G13: =IF(F13="","",_xlfn.TRANSLATE(F13,"","vi")) | H13: =IF(F13="","",_xlfn.TRANSLATE(F13,"","ja")) | I13: =IF(F13="","",_xlfn.TRANSLATE(F13,"","zh-Hans")) | K13: =IF(J13="","",_xlfn.TRANSLATE(J13,"","vi")) | L13: =IF(J13="","",_xlfn.TRANSLATE(J13,"","ja")) | M13: =IF(J13="","",_xlfn.TRANSLATE(J13,"","zh-Hans")) | O13: =IF(N13="","",_xlfn.TRANSLATE(N13,"","vi")) | P13: =IF(N13="","",_xlfn.TRANSLATE(N13,"","ja")) | Q13: =IF(N13="","",_xlfn.TRANSLATE(N13,"","zh-Hans")) | Z13: =IF(Y13="","",_xlfn.TRANSLATE(Y13,"","vi")) | AA13: =IF(Y13="","",_xlfn.TRANSLATE(Y13,"","ja")) | AB13: =IF(Y13="","",_xlfn.TRANSLATE(Y13,"","zh-Hans")) | AD13: =IF(AC13="","",_xlfn.TRANSLATE(AC13,"","vi")) | AE13: =IF(AC13="","",_xlfn.TRANSLATE(AC13,"","ja")) | AF13: =IF(AC13="","",_xlfn.TRANSLATE(AC13,"","zh-Hans")) | AH13: =IF(U13="","",U13-TODAY()) | AI13: =IF(A13="","",IF(OR(W13='02_マスタ'!$E$10,W13='02_マスタ'!$E$12),"",IF(V13="High","High",IF(AND(U13<>"",U13<TODAY()),INDEX(_翻訳マスタ!$B$117:$D$247,MATCH("ALERT_OVERDUE",_翻訳マスタ!$A$117:$A$247,0),MATCH(言語切替!$B$3,_翻訳マスタ!$B$1:$D$1,0)),IF(AND(U13<>"",U13-TODAY()<=7),INDEX(_翻訳マスタ!$B$117:$D$247,MATCH("ALERT_APPROACHING",_翻訳マスタ!$A$117:$A$247,0),MATCH(言語切替!$B$3,_翻訳マスタ!$B$1:$D$1,0)),IF(OR(W13='02_マスタ'!$E$7,W13='02_マスタ'!$E$8),INDEX(_翻訳マスタ!$B$117:$D$247,MATCH("ALERT_CHECK",_翻訳マスタ!$A$117:$A$247,0),MATCH(言語切替!$B$3,_翻訳マスタ!$B$1:$D$1,0)),""))))))
G14: =IF(F14="","",_xlfn.TRANSLATE(F14,"","vi")) | H14: =IF(F14="","",_xlfn.TRANSLATE(F14,"","ja")) | I14: =IF(F14="","",_xlfn.TRANSLATE(F14,"","zh-Hans")) | K14: =IF(J14="","",_xlfn.TRANSLATE(J14,"","vi")) | L14: =IF(J14="","",_xlfn.TRANSLATE(J14,"","ja")) | M14: =IF(J14="","",_xlfn.TRANSLATE(J14,"","zh-Hans")) | O14: =IF(N14="","",_xlfn.TRANSLATE(N14,"","vi")) | P14: =IF(N14="","",_xlfn.TRANSLATE(N14,"","ja")) | Q14: =IF(N14="","",_xlfn.TRANSLATE(N14,"","zh-Hans")) | Z14: =IF(Y14="","",_xlfn.TRANSLATE(Y14,"","vi")) | AA14: =IF(Y14="","",_xlfn.TRANSLATE(Y14,"","ja")) | AB14: =IF(Y14="","",_xlfn.TRANSLATE(Y14,"","zh-Hans")) | AD14: =IF(AC14="","",_xlfn.TRANSLATE(AC14,"","vi")) | AE14: =IF(AC14="","",_xlfn.TRANSLATE(AC14,"","ja")) | AF14: =IF(AC14="","",_xlfn.TRANSLATE(AC14,"","zh-Hans")) | AH14: =IF(U14="","",U14-TODAY()) | AI14: =IF(A14="","",IF(OR(W14='02_マスタ'!$E$10,W14='02_マスタ'!$E$12),"",IF(V14="High","High",IF(AND(U14<>"",U14<TODAY()),INDEX(_翻訳マスタ!$B$117:$D$247,MATCH("ALERT_OVERDUE",_翻訳マスタ!$A$117:$A$247,0),MATCH(言語切替!$B$3,_翻訳マスタ!$B$1:$D$1,0)),IF(AND(U14<>"",U14-TODAY()<=7),INDEX(_翻訳マスタ!$B$117:$D$247,MATCH("ALERT_APPROACHING",_翻訳マスタ!$A$117:$A$247,0),MATCH(言語切替!$B$3,_翻訳マスタ!$B$1:$D$1,0)),IF(OR(W14='02_マスタ'!$E$7,W14='02_マスタ'!$E$8),INDEX(_翻訳マスタ!$B$117:$D$247,MATCH("ALERT_CHECK",_翻訳マスタ!$A$117:$A$247,0),MATCH(言語切替!$B$3,_翻訳マスタ!$B$1:$D$1,0)),""))))))
G15: =IF(F15="","",_xlfn.TRANSLATE(F15,"","vi")) | H15: =IF(F15="","",_xlfn.TRANSLATE(F15,"","ja")) | I15: =IF(F15="","",_xlfn.TRANSLATE(F15,"","zh-Hans")) | K15: =IF(J15="","",_xlfn.TRANSLATE(J15,"","vi")) | L15: =IF(J15="","",_xlfn.TRANSLATE(J15,"","ja")) | M15: =IF(J15="","",_xlfn.TRANSLATE(J15,"","zh-Hans")) | O15: =IF(N15="","",_xlfn.TRANSLATE(N15,"","vi")) | P15: =IF(N15="","",_xlfn.TRANSLATE(N15,"","ja")) | Q15: =IF(N15="","",_xlfn.TRANSLATE(N15,"","zh-Hans")) | Z15: =IF(Y15="","",_xlfn.TRANSLATE(Y15,"","vi")) | AA15: =IF(Y15="","",_xlfn.TRANSLATE(Y15,"","ja")) | AB15: =IF(Y15="","",_xlfn.TRANSLATE(Y15,"","zh-Hans")) | AD15: =IF(AC15="","",_xlfn.TRANSLATE(AC15,"","vi")) | AE15: =IF(AC15="","",_xlfn.TRANSLATE(AC15,"","ja")) | AF15: =IF(AC15="","",_xlfn.TRANSLATE(AC15,"","zh-Hans")) | AH15: =IF(U15="","",U15-TODAY()) | AI15: =IF(A15="","",IF(OR(W15='02_マスタ'!$E$10,W15='02_マスタ'!$E$12),"",IF(V15="High","High",IF(AND(U15<>"",U15<TODAY()),INDEX(_翻訳マスタ!$B$117:$D$247,MATCH("ALERT_OVERDUE",_翻訳マスタ!$A$117:$A$247,0),MATCH(言語切替!$B$3,_翻訳マスタ!$B$1:$D$1,0)),IF(AND(U15<>"",U15-TODAY()<=7),INDEX(_翻訳マスタ!$B$117:$D$247,MATCH("ALERT_APPROACHING",_翻訳マスタ!$A$117:$A$247,0),MATCH(言語切替!$B$3,_翻訳マスタ!$B$1:$D$1,0)),IF(OR(W15='02_マスタ'!$E$7,W15='02_マスタ'!$E$8),INDEX(_翻訳マスタ!$B$117:$D$247,MATCH("ALERT_CHECK",_翻訳マスタ!$A$117:$A$247,0),MATCH(言語切替!$B$3,_翻訳マスタ!$B$1:$D$1,0)),""))))))
G16: =IF(F16="","",_xlfn.TRANSLATE(F16,"","vi")) | H16: =IF(F16="","",_xlfn.TRANSLATE(F16,"","ja")) | I16: =IF(F16="","",_xlfn.TRANSLATE(F16,"","zh-Hans")) | K16: =IF(J16="","",_xlfn.TRANSLATE(J16,"","vi")) | L16: =IF(J16="","",_xlfn.TRANSLATE(J16,"","ja")) | M16: =IF(J16="","",_xlfn.TRANSLATE(J16,"","zh-Hans")) | O16: =IF(N16="","",_xlfn.TRANSLATE(N16,"","vi")) | P16: =IF(N16="","",_xlfn.TRANSLATE(N16,"","ja")) | Q16: =IF(N16="","",_xlfn.TRANSLATE(N16,"","zh-Hans")) | Z16: =IF(Y16="","",_xlfn.TRANSLATE(Y16,"","vi")) | AA16: =IF(Y16="","",_xlfn.TRANSLATE(Y16,"","ja")) | AB16: =IF(Y16="","",_xlfn.TRANSLATE(Y16,"","zh-Hans")) | AD16: =IF(AC16="","",_xlfn.TRANSLATE(AC16,"","vi")) | AE16: =IF(AC16="","",_xlfn.TRANSLATE(AC16,"","ja")) | AF16: =IF(AC16="","",_xlfn.TRANSLATE(AC16,"","zh-Hans")) | AH16: =IF(U16="","",U16-TODAY()) | AI16: =IF(A16="","",IF(OR(W16='02_マスタ'!$E$10,W16='02_マスタ'!$E$12),"",IF(V16="High","High",IF(AND(U16<>"",U16<TODAY()),INDEX(_翻訳マスタ!$B$117:$D$247,MATCH("ALERT_OVERDUE",_翻訳マスタ!$A$117:$A$247,0),MATCH(言語切替!$B$3,_翻訳マスタ!$B$1:$D$1,0)),IF(AND(U16<>"",U16-TODAY()<=7),INDEX(_翻訳マスタ!$B$117:$D$247,MATCH("ALERT_APPROACHING",_翻訳マスタ!$A$117:$A$247,0),MATCH(言語切替!$B$3,_翻訳マスタ!$B$1:$D$1,0)),IF(OR(W16='02_マスタ'!$E$7,W16='02_マスタ'!$E$8),INDEX(_翻訳マスタ!$B$117:$D$247,MATCH("ALERT_CHECK",_翻訳マスタ!$A$117:$A$247,0),MATCH(言語切替!$B$3,_翻訳マスタ!$B$1:$D$1,0)),""))))))
G17: =IF(F17="","",_xlfn.TRANSLATE(F17,"","vi")) | H17: =IF(F17="","",_xlfn.TRANSLATE(F17,"","ja")) | I17: =IF(F17="","",_xlfn.TRANSLATE(F17,"","zh-Hans")) | K17: =IF(J17="","",_xlfn.TRANSLATE(J17,"","vi")) | L17: =IF(J17="","",_xlfn.TRANSLATE(J17,"","ja")) | M17: =IF(J17="","",_xlfn.TRANSLATE(J17,"","zh-Hans")) | O17: =IF(N17="","",_xlfn.TRANSLATE(N17,"","vi")) | P17: =IF(N17="","",_xlfn.TRANSLATE(N17,"","ja")) | Q17: =IF(N17="","",_xlfn.TRANSLATE(N17,"","zh-Hans")) | Z17: =IF(Y17="","",_xlfn.TRANSLATE(Y17,"","vi")) | AA17: =IF(Y17="","",_xlfn.TRANSLATE(Y17,"","ja")) | AB17: =IF(Y17="","",_xlfn.TRANSLATE(Y17,"","zh-Hans")) | AD17: =IF(AC17="","",_xlfn.TRANSLATE(AC17,"","vi")) | AE17: =IF(AC17="","",_xlfn.TRANSLATE(AC17,"","ja")) | AF17: =IF(AC17="","",_xlfn.TRANSLATE(AC17,"","zh-Hans")) | AH17: =IF(U17="","",U17-TODAY()) | AI17: =IF(A17="","",IF(OR(W17='02_マスタ'!$E$10,W17='02_マスタ'!$E$12),"",IF(V17="High","High",IF(AND(U17<>"",U17<TODAY()),INDEX(_翻訳マスタ!$B$117:$D$247,MATCH("ALERT_OVERDUE",_翻訳マスタ!$A$117:$A$247,0),MATCH(言語切替!$B$3,_翻訳マスタ!$B$1:$D$1,0)),IF(AND(U17<>"",U17-TODAY()<=7),INDEX(_翻訳マスタ!$B$117:$D$247,MATCH("ALERT_APPROACHING",_翻訳マスタ!$A$117:$A$247,0),MATCH(言語切替!$B$3,_翻訳マスタ!$B$1:$D$1,0)),IF(OR(W17='02_マスタ'!$E$7,W17='02_マスタ'!$E$8),INDEX(_翻訳マスタ!$B$117:$D$247,MATCH("ALERT_CHECK",_翻訳マスタ!$A$117:$A$247,0),MATCH(言語切替!$B$3,_翻訳マスタ!$B$1:$D$1,0)),""))))))
G18: =IF(F18="","",_xlfn.TRANSLATE(F18,"","vi")) | H18: =IF(F18="","",_xlfn.TRANSLATE(F18,"","ja")) | I18: =IF(F18="","",_xlfn.TRANSLATE(F18,"","zh-Hans")) | K18: =IF(J18="","",_xlfn.TRANSLATE(J18,"","vi")) | L18: =IF(J18="","",_xlfn.TRANSLATE(J18,"","ja")) | M18: =IF(J18="","",_xlfn.TRANSLATE(J18,"","zh-Hans")) | O18: =IF(N18="","",_xlfn.TRANSLATE(N18,"","vi")) | P18: =IF(N18="","",_xlfn.TRANSLATE(N18,"","ja")) | Q18: =IF(N18="","",_xlfn.TRANSLATE(N18,"","zh-Hans")) | Z18: =IF(Y18="","",_xlfn.TRANSLATE(Y18,"","vi")) | AA18: =IF(Y18="","",_xlfn.TRANSLATE(Y18,"","ja")) | AB18: =IF(Y18="","",_xlfn.TRANSLATE(Y18,"","zh-Hans")) | AD18: =IF(AC18="","",_xlfn.TRANSLATE(AC18,"","vi")) | AE18: =IF(AC18="","",_xlfn.TRANSLATE(AC18,"","ja")) | AF18: =IF(AC18="","",_xlfn.TRANSLATE(AC18,"","zh-Hans")) | AH18: =IF(U18="","",U18-TODAY()) | AI18: =IF(A18="","",IF(OR(W18='02_マスタ'!$E$10,W18='02_マスタ'!$E$12),"",IF(V18="High","High",IF(AND(U18<>"",U18<TODAY()),INDEX(_翻訳マスタ!$B$117:$D$247,MATCH("ALERT_OVERDUE",_翻訳マスタ!$A$117:$A$247,0),MATCH(言語切替!$B$3,_翻訳マスタ!$B$1:$D$1,0)),IF(AND(U18<>"",U18-TODAY()<=7),INDEX(_翻訳マスタ!$B$117:$D$247,MATCH("ALERT_APPROACHING",_翻訳マスタ!$A$117:$A$247,0),MATCH(言語切替!$B$3,_翻訳マスタ!$B$1:$D$1,0)),IF(OR(W18='02_マスタ'!$E$7,W18='02_マスタ'!$E$8),INDEX(_翻訳マスタ!$B$117:$D$247,MATCH("ALERT_CHECK",_翻訳マスタ!$A$117:$A$247,0),MATCH(言語切替!$B$3,_翻訳マスタ!$B$1:$D$1,0)),""))))))
G19: =IF(F19="","",_xlfn.TRANSLATE(F19,"","vi")) | H19: =IF(F19="","",_xlfn.TRANSLATE(F19,"","ja")) | I19: =IF(F19="","",_xlfn.TRANSLATE(F19,"","zh-Hans")) | K19: =IF(J19="","",_xlfn.TRANSLATE(J19,"","vi")) | L19: =IF(J19="","",_xlfn.TRANSLATE(J19,"","ja")) | M19: =IF(J19="","",_xlfn.TRANSLATE(J19,"","zh-Hans")) | O19: =IF(N19="","",_xlfn.TRANSLATE(N19,"","vi")) | P19: =IF(N19="","",_xlfn.TRANSLATE(N19,"","ja")) | Q19: =IF(N19="","",_xlfn.TRANSLATE(N19,"","zh-Hans")) | Z19: =IF(Y19="","",_xlfn.TRANSLATE(Y19,"","vi")) | AA19: =IF(Y19="","",_xlfn.TRANSLATE(Y19,"","ja")) | AB19: =IF(Y19="","",_xlfn.TRANSLATE(Y19,"","zh-Hans")) | AD19: =IF(AC19="","",_xlfn.TRANSLATE(AC19,"","vi")) | AE19: =IF(AC19="","",_xlfn.TRANSLATE(AC19,"","ja")) | AF19: =IF(AC19="","",_xlfn.TRANSLATE(AC19,"","zh-Hans")) | AH19: =IF(U19="","",U19-TODAY()) | AI19: =IF(A19="","",IF(OR(W19='02_マスタ'!$E$10,W19='02_マスタ'!$E$12),"",IF(V19="High","High",IF(AND(U19<>"",U19<TODAY()),INDEX(_翻訳マスタ!$B$117:$D$247,MATCH("ALERT_OVERDUE",_翻訳マスタ!$A$117:$A$247,0),MATCH(言語切替!$B$3,_翻訳マスタ!$B$1:$D$1,0)),IF(AND(U19<>"",U19-TODAY()<=7),INDEX(_翻訳マスタ!$B$117:$D$247,MATCH("ALERT_APPROACHING",_翻訳マスタ!$A$117:$A$247,0),MATCH(言語切替!$B$3,_翻訳マスタ!$B$1:$D$1,0)),IF(OR(W19='02_マスタ'!$E$7,W19='02_マスタ'!$E$8),INDEX(_翻訳マスタ!$B$117:$D$247,MATCH("ALERT_CHECK",_翻訳マスタ!$A$117:$A$247,0),MATCH(言語切替!$B$3,_翻訳マスタ!$B$1:$D$1,0)),""))))))
G20: =IF(F20="","",_xlfn.TRANSLATE(F20,"","vi")) | H20: =IF(F20="","",_xlfn.TRANSLATE(F20,"","ja")) | I20: =IF(F20="","",_xlfn.TRANSLATE(F20,"","zh-Hans")) | K20: =IF(J20="","",_xlfn.TRANSLATE(J20,"","vi")) | L20: =IF(J20="","",_xlfn.TRANSLATE(J20,"","ja")) | M20: =IF(J20="","",_xlfn.TRANSLATE(J20,"","zh-Hans")) | O20: =IF(N20="","",_xlfn.TRANSLATE(N20,"","vi")) | P20: =IF(N20="","",_xlfn.TRANSLATE(N20,"","ja")) | Q20: =IF(N20="","",_xlfn.TRANSLATE(N20,"","zh-Hans")) | Z20: =IF(Y20="","",_xlfn.TRANSLATE(Y20,"","vi")) | AA20: =IF(Y20="","",_xlfn.TRANSLATE(Y20,"","ja")) | AB20: =IF(Y20="","",_xlfn.TRANSLATE(Y20,"","zh-Hans")) | AD20: =IF(AC20="","",_xlfn.TRANSLATE(AC20,"","vi")) | AE20: =IF(AC20="","",_xlfn.TRANSLATE(AC20,"","ja")) | AF20: =IF(AC20="","",_xlfn.TRANSLATE(AC20,"","zh-Hans")) | AH20: =IF(U20="","",U20-TODAY()) | AI20: =IF(A20="","",IF(OR(W20='02_マスタ'!$E$10,W20='02_マスタ'!$E$12),"",IF(V20="High","High",IF(AND(U20<>"",U20<TODAY()),INDEX(_翻訳マスタ!$B$117:$D$247,MATCH("ALERT_OVERDUE",_翻訳マスタ!$A$117:$A$247,0),MATCH(言語切替!$B$3,_翻訳マスタ!$B$1:$D$1,0)),IF(AND(U20<>"",U20-TODAY()<=7),INDEX(_翻訳マスタ!$B$117:$D$247,MATCH("ALERT_APPROACHING",_翻訳マスタ!$A$117:$A$247,0),MATCH(言語切替!$B$3,_翻訳マスタ!$B$1:$D$1,0)),IF(OR(W20='02_マスタ'!$E$7,W20='02_マスタ'!$E$8),INDEX(_翻訳マスタ!$B$117:$D$247,MATCH("ALERT_CHECK",_翻訳マスタ!$A$117:$A$247,0),MATCH(言語切替!$B$3,_翻訳マスタ!$B$1:$D$1,0)),""))))))
G21: =IF(F21="","",_xlfn.TRANSLATE(F21,"","vi")) | H21: =IF(F21="","",_xlfn.TRANSLATE(F21,"","ja")) | I21: =IF(F21="","",_xlfn.TRANSLATE(F21,"","zh-Hans")) | K21: =IF(J21="","",_xlfn.TRANSLATE(J21,"","vi")) | L21: =IF(J21="","",_xlfn.TRANSLATE(J21,"","ja")) | M21: =IF(J21="","",_xlfn.TRANSLATE(J21,"","zh-Hans")) | O21: =IF(N21="","",_xlfn.TRANSLATE(N21,"","vi")) | P21: =IF(N21="","",_xlfn.TRANSLATE(N21,"","ja")) | Q21: =IF(N21="","",_xlfn.TRANSLATE(N21,"","zh-Hans")) | Z21: =IF(Y21="","",_xlfn.TRANSLATE(Y21,"","vi")) | AA21: =IF(Y21="","",_xlfn.TRANSLATE(Y21,"","ja")) | AB21: =IF(Y21="","",_xlfn.TRANSLATE(Y21,"","zh-Hans")) | AD21: =IF(AC21="","",_xlfn.TRANSLATE(AC21,"","vi")) | AE21: =IF(AC21="","",_xlfn.TRANSLATE(AC21,"","ja")) | AF21: =IF(AC21="","",_xlfn.TRANSLATE(AC21,"","zh-Hans")) | AH21: =IF(U21="","",U21-TODAY()) | AI21: =IF(A21="","",IF(OR(W21='02_マスタ'!$E$10,W21='02_マスタ'!$E$12),"",IF(V21="High","High",IF(AND(U21<>"",U21<TODAY()),INDEX(_翻訳マスタ!$B$117:$D$247,MATCH("ALERT_OVERDUE",_翻訳マスタ!$A$117:$A$247,0),MATCH(言語切替!$B$3,_翻訳マスタ!$B$1:$D$1,0)),IF(AND(U21<>"",U21-TODAY()<=7),INDEX(_翻訳マスタ!$B$117:$D$247,MATCH("ALERT_APPROACHING",_翻訳マスタ!$A$117:$A$247,0),MATCH(言語切替!$B$3,_翻訳マスタ!$B$1:$D$1,0)),IF(OR(W21='02_マスタ'!$E$7,W21='02_マスタ'!$E$8),INDEX(_翻訳マスタ!$B$117:$D$247,MATCH("ALERT_CHECK",_翻訳マスタ!$A$117:$A$247,0),MATCH(言語切替!$B$3,_翻訳マスタ!$B$1:$D$1,0)),""))))))
... G30: =IF(F30="","",_xlfn.TRANSLATE(F30,"","vi")) | H30: =IF(F30="","",_xlfn.TRANSLATE(F30,"","ja")) | I30: =IF(F30="","",_xlfn.TRANSLATE(F30,"","zh-Hans")) | K30: =IF(J30="","",_xlfn.TRANSLATE(J30,"","vi")) | L30: =IF(J30="","",_xlfn.TRANSLATE(J30,"","ja")) | M30: =IF(J30="","",_xlfn.TRANSLATE(J30,"","zh-Hans")) | O30: =IF(N30="","",_xlfn.TRANSLATE(N30,"","vi")) | P30: =IF(N30="","",_xlfn.TRANSLATE(N30,"","ja")) | Q30: =IF(N30="","",_xlfn.TRANSLATE(N30,"","zh-Hans")) | Z30: =IF(Y30="","",_xlfn.TRANSLATE(Y30,"","vi")) | AA30: =IF(Y30="","",_xlfn.TRANSLATE(Y30,"","ja")) | AB30: =IF(Y30="","",_xlfn.TRANSLATE(Y30,"","zh-Hans")) | AD30: =IF(AC30="","",_xlfn.TRANSLATE(AC30,"","vi")) | AE30: =IF(AC30="","",_xlfn.TRANSLATE(AC30,"","ja")) | AF30: =IF(AC30="","",_xlfn.TRANSLATE(AC30,"","zh-Hans")) | AH30: =IF(U30="","",U30-TODAY()) | AI30: =IF(A30="","",IF(OR(W30='02_マスタ'!$E$10,W30='02_マスタ'!$E$12),"",IF(V30="High","High",IF(AND(U30<>"",U30<TODAY()),INDEX(_翻訳マスタ!$B$117:$D$247,MATCH("ALERT_OVERDUE",_翻訳マスタ!$A$117:$A$247,0),MATCH(言語切替!$B$3,_翻訳マスタ!$B$1:$D$1,0)),IF(AND(U30<>"",U30-TODAY()<=7),INDEX(_翻訳マスタ!$B$117:$D$247,MATCH("ALERT_APPROACHING",_翻訳マスタ!$A$117:$A$247,0),MATCH(言語切替!$B$3,_翻訳マスタ!$B$1:$D$1,0)),IF(OR(W30='02_マスタ'!$E$7,W30='02_マスタ'!$E$8),INDEX(_翻訳マスタ!$B$117:$D$247,MATCH("ALERT_CHECK",_翻訳マスタ!$A$117:$A$247,0),MATCH(言語切替!$B$3,_翻訳マスタ!$B$1:$D$1,0)),""))))))
H31: =IF(F31="","",_xlfn.TRANSLATE(F31,"vi","ja")) | I31: =IF(F31="","",_xlfn.TRANSLATE(F31,"vi","zh-Hans")) | L31: =IF(J31="","",_xlfn.TRANSLATE(J31,"vi","ja")) | M31: =IF(J31="","",_xlfn.TRANSLATE(J31,"vi","zh-Hans")) | P31: =IF(N31="","",_xlfn.TRANSLATE(N31,"vi","ja")) | Q31: =IF(N31="","",_xlfn.TRANSLATE(N31,"vi","zh-Hans")) | AA31: =IF(Y31="","",_xlfn.TRANSLATE(Y31,"vi","ja")) | AB31: =IF(Y31="","",_xlfn.TRANSLATE(Y31,"vi","zh-Hans")) | AE31: =IF(AC31="","",_xlfn.TRANSLATE(AC31,"vi","ja")) | AF31: =IF(AC31="","",_xlfn.TRANSLATE(AC31,"vi","zh-Hans")) | AH31: =IF(U31="","",U31-TODAY()) | AI31: =IF(A31="","",IF(OR(W31='02_マスタ'!$E$10,W31='02_マスタ'!$E$12),"",IF(V31="High","High",IF(AND(U31<>"",U31<TODAY()),INDEX(_翻訳マスタ!$B$117:$D$247,MATCH("ALERT_OVERDUE",_翻訳マスタ!$A$117:$A$247,0),MATCH(言語切替!$B$3,_翻訳マスタ!$B$1:$D$1,0)),IF(AND(U31<>"",U31-TODAY()<=7),INDEX(_翻訳マスタ!$B$117:$D$247,MATCH("ALERT_APPROACHING",_翻訳マスタ!$A$117:$A$247,0),MATCH(言語切替!$B$3,_翻訳マスタ!$B$1:$D$1,0)),IF(OR(W31='02_マスタ'!$E$7,W31='02_マスタ'!$E$8),INDEX(_翻訳マスタ!$B$117:$D$247,MATCH("ALERT_CHECK",_翻訳マスタ!$A$117:$A$247,0),MATCH(言語切替!$B$3,_翻訳マスタ!$B$1:$D$1,0)),""))))))
H32: =IF(F32="","",_xlfn.TRANSLATE(F32,"vi","ja")) | I32: =IF(F32="","",_xlfn.TRANSLATE(F32,"vi","zh-Hans")) | L32: =IF(J32="","",_xlfn.TRANSLATE(J32,"vi","ja")) | M32: =IF(J32="","",_xlfn.TRANSLATE(J32,"vi","zh-Hans")) | P32: =IF(N32="","",_xlfn.TRANSLATE(N32,"vi","ja")) | Q32: =IF(N32="","",_xlfn.TRANSLATE(N32,"vi","zh-Hans")) | AA32: =IF(Y32="","",_xlfn.TRANSLATE(Y32,"vi","ja")) | AB32: =IF(Y32="","",_xlfn.TRANSLATE(Y32,"vi","zh-Hans")) | AE32: =IF(AC32="","",_xlfn.TRANSLATE(AC32,"vi","ja")) | AF32: =IF(AC32="","",_xlfn.TRANSLATE(AC32,"vi","zh-Hans")) | AH32: =IF(U32="","",U32-TODAY()) | AI32: =IF(A32="","",IF(OR(W32='02_マスタ'!$E$10,W32='02_マスタ'!$E$12),"",IF(V32="High","High",IF(AND(U32<>"",U32<TODAY()),INDEX(_翻訳マスタ!$B$117:$D$247,MATCH("ALERT_OVERDUE",_翻訳マスタ!$A$117:$A$247,0),MATCH(言語切替!$B$3,_翻訳マスタ!$B$1:$D$1,0)),IF(AND(U32<>"",U32-TODAY()<=7),INDEX(_翻訳マスタ!$B$117:$D$247,MATCH("ALERT_APPROACHING",_翻訳マスタ!$A$117:$A$247,0),MATCH(言語切替!$B$3,_翻訳マスタ!$B$1:$D$1,0)),IF(OR(W32='02_マスタ'!$E$7,W32='02_マスタ'!$E$8),INDEX(_翻訳マスタ!$B$117:$D$247,MATCH("ALERT_CHECK",_翻訳マスタ!$A$117:$A$247,0),MATCH(言語切替!$B$3,_翻訳マスタ!$B$1:$D$1,0)),""))))))
H33: =IF(F33="","",_xlfn.TRANSLATE(F33,"vi","ja")) | I33: =IF(F33="","",_xlfn.TRANSLATE(F33,"vi","zh-Hans")) | L33: =IF(J33="","",_xlfn.TRANSLATE(J33,"vi","ja")) | M33: =IF(J33="","",_xlfn.TRANSLATE(J33,"vi","zh-Hans")) | P33: =IF(N33="","",_xlfn.TRANSLATE(N33,"vi","ja")) | Q33: =IF(N33="","",_xlfn.TRANSLATE(N33,"vi","zh-Hans")) | AA33: =IF(Y33="","",_xlfn.TRANSLATE(Y33,"vi","ja")) | AB33: =IF(Y33="","",_xlfn.TRANSLATE(Y33,"vi","zh-Hans")) | AE33: =IF(AC33="","",_xlfn.TRANSLATE(AC33,"vi","ja")) | AF33: =IF(AC33="","",_xlfn.TRANSLATE(AC33,"vi","zh-Hans")) | AH33: =IF(U33="","",U33-TODAY()) | AI33: =IF(A33="","",IF(OR(W33='02_マスタ'!$E$10,W33='02_マスタ'!$E$12),"",IF(V33="High","High",IF(AND(U33<>"",U33<TODAY()),INDEX(_翻訳マスタ!$B$117:$D$247,MATCH("ALERT_OVERDUE",_翻訳マスタ!$A$117:$A$247,0),MATCH(言語切替!$B$3,_翻訳マスタ!$B$1:$D$1,0)),IF(AND(U33<>"",U33-TODAY()<=7),INDEX(_翻訳マスタ!$B$117:$D$247,MATCH("ALERT_APPROACHING",_翻訳マスタ!$A$117:$A$247,0),MATCH(言語切替!$B$3,_翻訳マスタ!$B$1:$D$1,0)),IF(OR(W33='02_マスタ'!$E$7,W33='02_マスタ'!$E$8),INDEX(_翻訳マスタ!$B$117:$D$247,MATCH("ALERT_CHECK",_翻訳マスタ!$A$117:$A$247,0),MATCH(言語切替!$B$3,_翻訳マスタ!$B$1:$D$1,0)),""))))))
H34: =IF(F34="","",_xlfn.TRANSLATE(F34,"vi","ja")) | I34: =IF(F34="","",_xlfn.TRANSLATE(F34,"vi","zh-Hans")) | L34: =IF(J34="","",_xlfn.TRANSLATE(J34,"vi","ja")) | M34: =IF(J34="","",_xlfn.TRANSLATE(J34,"vi","zh-Hans")) | P34: =IF(N34="","",_xlfn.TRANSLATE(N34,"vi","ja")) | Q34: =IF(N34="","",_xlfn.TRANSLATE(N34,"vi","zh-Hans")) | AA34: =IF(Y34="","",_xlfn.TRANSLATE(Y34,"vi","ja")) | AB34: =IF(Y34="","",_xlfn.TRANSLATE(Y34,"vi","zh-Hans")) | AE34: =IF(AC34="","",_xlfn.TRANSLATE(AC34,"vi","ja")) | AF34: =IF(AC34="","",_xlfn.TRANSLATE(AC34,"vi","zh-Hans")) | AH34: =IF(U34="","",U34-TODAY()) | AI34: =IF(A34="","",IF(OR(W34='02_マスタ'!$E$10,W34='02_マスタ'!$E$12),"",IF(V34="High","High",IF(AND(U34<>"",U34<TODAY()),INDEX(_翻訳マスタ!$B$117:$D$247,MATCH("ALERT_OVERDUE",_翻訳マスタ!$A$117:$A$247,0),MATCH(言語切替!$B$3,_翻訳マスタ!$B$1:$D$1,0)),IF(AND(U34<>"",U34-TODAY()<=7),INDEX(_翻訳マスタ!$B$117:$D$247,MATCH("ALERT_APPROACHING",_翻訳マスタ!$A$117:$A$247,0),MATCH(言語切替!$B$3,_翻訳マスタ!$B$1:$D$1,0)),IF(OR(W34='02_マスタ'!$E$7,W34='02_マスタ'!$E$8),INDEX(_翻訳マスタ!$B$117:$D$247,MATCH("ALERT_CHECK",_翻訳マスタ!$A$117:$A$247,0),MATCH(言語切替!$B$3,_翻訳マスタ!$B$1:$D$1,0)),""))))))
H35: =IF(F35="","",_xlfn.TRANSLATE(F35,"vi","ja")) | I35: =IF(F35="","",_xlfn.TRANSLATE(F35,"vi","zh-Hans")) | L35: =IF(J35="","",_xlfn.TRANSLATE(J35,"vi","ja")) | M35: =IF(J35="","",_xlfn.TRANSLATE(J35,"vi","zh-Hans")) | P35: =IF(N35="","",_xlfn.TRANSLATE(N35,"vi","ja")) | Q35: =IF(N35="","",_xlfn.TRANSLATE(N35,"vi","zh-Hans")) | AA35: =IF(Y35="","",_xlfn.TRANSLATE(Y35,"vi","ja")) | AB35: =IF(Y35="","",_xlfn.TRANSLATE(Y35,"vi","zh-Hans")) | AE35: =IF(AC35="","",_xlfn.TRANSLATE(AC35,"vi","ja")) | AF35: =IF(AC35="","",_xlfn.TRANSLATE(AC35,"vi","zh-Hans")) | AH35: =IF(U35="","",U35-TODAY()) | AI35: =IF(A35="","",IF(OR(W35='02_マスタ'!$E$10,W35='02_マスタ'!$E$12),"",IF(V35="High","High",IF(AND(U35<>"",U35<TODAY()),INDEX(_翻訳マスタ!$B$117:$D$247,MATCH("ALERT_OVERDUE",_翻訳マスタ!$A$117:$A$247,0),MATCH(言語切替!$B$3,_翻訳マスタ!$B$1:$D$1,0)),IF(AND(U35<>"",U35-TODAY()<=7),INDEX(_翻訳マスタ!$B$117:$D$247,MATCH("ALERT_APPROACHING",_翻訳マスタ!$A$117:$A$247,0),MATCH(言語切替!$B$3,_翻訳マスタ!$B$1:$D$1,0)),IF(OR(W35='02_マスタ'!$E$7,W35='02_マスタ'!$E$8),INDEX(_翻訳マスタ!$B$117:$D$247,MATCH("ALERT_CHECK",_翻訳マスタ!$A$117:$A$247,0),MATCH(言語切替!$B$3,_翻訳マスタ!$B$1:$D$1,0)),""))))))
H36: =IF(F36="","",_xlfn.TRANSLATE(F36,"vi","ja")) | I36: =IF(F36="","",_xlfn.TRANSLATE(F36,"vi","zh-Hans")) | L36: =IF(J36="","",_xlfn.TRANSLATE(J36,"vi","ja")) | M36: =IF(J36="","",_xlfn.TRANSLATE(J36,"vi","zh-Hans")) | P36: =IF(N36="","",_xlfn.TRANSLATE(N36,"vi","ja")) | Q36: =IF(N36="","",_xlfn.TRANSLATE(N36,"vi","zh-Hans")) | AA36: =IF(Y36="","",_xlfn.TRANSLATE(Y36,"vi","ja")) | AB36: =IF(Y36="","",_xlfn.TRANSLATE(Y36,"vi","zh-Hans")) | AE36: =IF(AC36="","",_xlfn.TRANSLATE(AC36,"vi","ja")) | AF36: =IF(AC36="","",_xlfn.TRANSLATE(AC36,"vi","zh-Hans")) | AH36: =IF(U36="","",U36-TODAY()) | AI36: =IF(A36="","",IF(OR(W36='02_マスタ'!$E$10,W36='02_マスタ'!$E$12),"",IF(V36="High","High",IF(AND(U36<>"",U36<TODAY()),INDEX(_翻訳マスタ!$B$117:$D$247,MATCH("ALERT_OVERDUE",_翻訳マスタ!$A$117:$A$247,0),MATCH(言語切替!$B$3,_翻訳マスタ!$B$1:$D$1,0)),IF(AND(U36<>"",U36-TODAY()<=7),INDEX(_翻訳マスタ!$B$117:$D$247,MATCH("ALERT_APPROACHING",_翻訳マスタ!$A$117:$A$247,0),MATCH(言語切替!$B$3,_翻訳マスタ!$B$1:$D$1,0)),IF(OR(W36='02_マスタ'!$E$7,W36='02_マスタ'!$E$8),INDEX(_翻訳マスタ!$B$117:$D$247,MATCH("ALERT_CHECK",_翻訳マスタ!$A$117:$A$247,0),MATCH(言語切替!$B$3,_翻訳マスタ!$B$1:$D$1,0)),""))))))
H37: =IF(F37="","",_xlfn.TRANSLATE(F37,"vi","ja")) | I37: =IF(F37="","",_xlfn.TRANSLATE(F37,"vi","zh-Hans")) | L37: =IF(J37="","",_xlfn.TRANSLATE(J37,"vi","ja")) | M37: =IF(J37="","",_xlfn.TRANSLATE(J37,"vi","zh-Hans")) | P37: =IF(N37="","",_xlfn.TRANSLATE(N37,"vi","ja")) | Q37: =IF(N37="","",_xlfn.TRANSLATE(N37,"vi","zh-Hans")) | AA37: =IF(Y37="","",_xlfn.TRANSLATE(Y37,"vi","ja")) | AB37: =IF(Y37="","",_xlfn.TRANSLATE(Y37,"vi","zh-Hans")) | AE37: =IF(AC37="","",_xlfn.TRANSLATE(AC37,"vi","ja")) | AF37: =IF(AC37="","",_xlfn.TRANSLATE(AC37,"vi","zh-Hans")) | AH37: =IF(U37="","",U37-TODAY()) | AI37: =IF(A37="","",IF(OR(W37='02_マスタ'!$E$10,W37='02_マスタ'!$E$12),"",IF(V37="High","High",IF(AND(U37<>"",U37<TODAY()),INDEX(_翻訳マスタ!$B$117:$D$247,MATCH("ALERT_OVERDUE",_翻訳マスタ!$A$117:$A$247,0),MATCH(言語切替!$B$3,_翻訳マスタ!$B$1:$D$1,0)),IF(AND(U37<>"",U37-TODAY()<=7),INDEX(_翻訳マスタ!$B$117:$D$247,MATCH("ALERT_APPROACHING",_翻訳マスタ!$A$117:$A$247,0),MATCH(言語切替!$B$3,_翻訳マスタ!$B$1:$D$1,0)),IF(OR(W37='02_マスタ'!$E$7,W37='02_マスタ'!$E$8),INDEX(_翻訳マスタ!$B$117:$D$247,MATCH("ALERT_CHECK",_翻訳マスタ!$A$117:$A$247,0),MATCH(言語切替!$B$3,_翻訳マスタ!$B$1:$D$1,0)),""))))))
H38: =IF(F38="","",_xlfn.TRANSLATE(F38,"vi","ja")) | I38: =IF(F38="","",_xlfn.TRANSLATE(F38,"vi","zh-Hans")) | L38: =IF(J38="","",_xlfn.TRANSLATE(J38,"vi","ja")) | M38: =IF(J38="","",_xlfn.TRANSLATE(J38,"vi","zh-Hans")) | P38: =IF(N38="","",_xlfn.TRANSLATE(N38,"vi","ja")) | Q38: =IF(N38="","",_xlfn.TRANSLATE(N38,"vi","zh-Hans")) | AA38: =IF(Y38="","",_xlfn.TRANSLATE(Y38,"vi","ja")) | AB38: =IF(Y38="","",_xlfn.TRANSLATE(Y38,"vi","zh-Hans")) | AE38: =IF(AC38="","",_xlfn.TRANSLATE(AC38,"vi","ja")) | AF38: =IF(AC38="","",_xlfn.TRANSLATE(AC38,"vi","zh-Hans")) | AH38: =IF(U38="","",U38-TODAY()) | AI38: =IF(A38="","",IF(OR(W38='02_マスタ'!$E$10,W38='02_マスタ'!$E$12),"",IF(V38="High","High",IF(AND(U38<>"",U38<TODAY()),INDEX(_翻訳マスタ!$B$117:$D$247,MATCH("ALERT_OVERDUE",_翻訳マスタ!$A$117:$A$247,0),MATCH(言語切替!$B$3,_翻訳マスタ!$B$1:$D$1,0)),IF(AND(U38<>"",U38-TODAY()<=7),INDEX(_翻訳マスタ!$B$117:$D$247,MATCH("ALERT_APPROACHING",_翻訳マスタ!$A$117:$A$247,0),MATCH(言語切替!$B$3,_翻訳マスタ!$B$1:$D$1,0)),IF(OR(W38='02_マスタ'!$E$7,W38='02_マスタ'!$E$8),INDEX(_翻訳マスタ!$B$117:$D$247,MATCH("ALERT_CHECK",_翻訳マスタ!$A$117:$A$247,0),MATCH(言語切替!$B$3,_翻訳マスタ!$B$1:$D$1,0)),""))))))
H39: =IF(F39="","",_xlfn.TRANSLATE(F39,"vi","ja")) | I39: =IF(F39="","",_xlfn.TRANSLATE(F39,"vi","zh-Hans")) | L39: =IF(J39="","",_xlfn.TRANSLATE(J39,"vi","ja")) | M39: =IF(J39="","",_xlfn.TRANSLATE(J39,"vi","zh-Hans")) | P39: =IF(N39="","",_xlfn.TRANSLATE(N39,"vi","ja")) | Q39: =IF(N39="","",_xlfn.TRANSLATE(N39,"vi","zh-Hans")) | AA39: =IF(Y39="","",_xlfn.TRANSLATE(Y39,"vi","ja")) | AB39: =IF(Y39="","",_xlfn.TRANSLATE(Y39,"vi","zh-Hans")) | AE39: =IF(AC39="","",_xlfn.TRANSLATE(AC39,"vi","ja")) | AF39: =IF(AC39="","",_xlfn.TRANSLATE(AC39,"vi","zh-Hans")) | AH39: =IF(U39="","",U39-TODAY()) | AI39: =IF(A39="","",IF(OR(W39='02_マスタ'!$E$10,W39='02_マスタ'!$E$12),"",IF(V39="High","High",IF(AND(U39<>"",U39<TODAY()),INDEX(_翻訳マスタ!$B$117:$D$247,MATCH("ALERT_OVERDUE",_翻訳マスタ!$A$117:$A$247,0),MATCH(言語切替!$B$3,_翻訳マスタ!$B$1:$D$1,0)),IF(AND(U39<>"",U39-TODAY()<=7),INDEX(_翻訳マスタ!$B$117:$D$247,MATCH("ALERT_APPROACHING",_翻訳マスタ!$A$117:$A$247,0),MATCH(言語切替!$B$3,_翻訳マスタ!$B$1:$D$1,0)),IF(OR(W39='02_マスタ'!$E$7,W39='02_マスタ'!$E$8),INDEX(_翻訳マスタ!$B$117:$D$247,MATCH("ALERT_CHECK",_翻訳マスタ!$A$117:$A$247,0),MATCH(言語切替!$B$3,_翻訳マスタ!$B$1:$D$1,0)),""))))))
H40: =IF(F40="","",_xlfn.TRANSLATE(F40,"vi","ja")) | I40: =IF(F40="","",_xlfn.TRANSLATE(F40,"vi","zh-Hans")) | L40: =IF(J40="","",_xlfn.TRANSLATE(J40,"vi","ja")) | M40: =IF(J40="","",_xlfn.TRANSLATE(J40,"vi","zh-Hans")) | P40: =IF(N40="","",_xlfn.TRANSLATE(N40,"vi","ja")) | Q40: =IF(N40="","",_xlfn.TRANSLATE(N40,"vi","zh-Hans")) | AA40: =IF(Y40="","",_xlfn.TRANSLATE(Y40,"vi","ja")) | AB40: =IF(Y40="","",_xlfn.TRANSLATE(Y40,"vi","zh-Hans")) | AE40: =IF(AC40="","",_xlfn.TRANSLATE(AC40,"vi","ja")) | AF40: =IF(AC40="","",_xlfn.TRANSLATE(AC40,"vi","zh-Hans")) | AH40: =IF(U40="","",U40-TODAY()) | AI40: =IF(A40="","",IF(OR(W40='02_マスタ'!$E$10,W40='02_マスタ'!$E$12),"",IF(V40="High","High",IF(AND(U40<>"",U40<TODAY()),INDEX(_翻訳マスタ!$B$117:$D$247,MATCH("ALERT_OVERDUE",_翻訳マスタ!$A$117:$A$247,0),MATCH(言語切替!$B$3,_翻訳マスタ!$B$1:$D$1,0)),IF(AND(U40<>"",U40-TODAY()<=7),INDEX(_翻訳マスタ!$B$117:$D$247,MATCH("ALERT_APPROACHING",_翻訳マスタ!$A$117:$A$247,0),MATCH(言語切替!$B$3,_翻訳マスタ!$B$1:$D$1,0)),IF(OR(W40='02_マスタ'!$E$7,W40='02_マスタ'!$E$8),INDEX(_翻訳マスタ!$B$117:$D$247,MATCH("ALERT_CHECK",_翻訳マスタ!$A$117:$A$247,0),MATCH(言語切替!$B$3,_翻訳マスタ!$B$1:$D$1,0)),""))))))
H41: =IF(F41="","",_xlfn.TRANSLATE(F41,"vi","ja")) | I41: =IF(F41="","",_xlfn.TRANSLATE(F41,"vi","zh-Hans")) | L41: =IF(J41="","",_xlfn.TRANSLATE(J41,"vi","ja")) | M41: =IF(J41="","",_xlfn.TRANSLATE(J41,"vi","zh-Hans")) | P41: =IF(N41="","",_xlfn.TRANSLATE(N41,"vi","ja")) | Q41: =IF(N41="","",_xlfn.TRANSLATE(N41,"vi","zh-Hans")) | AA41: =IF(Y41="","",_xlfn.TRANSLATE(Y41,"vi","ja")) | AB41: =IF(Y41="","",_xlfn.TRANSLATE(Y41,"vi","zh-Hans")) | AE41: =IF(AC41="","",_xlfn.TRANSLATE(AC41,"vi","ja")) | AF41: =IF(AC41="","",_xlfn.TRANSLATE(AC41,"vi","zh-Hans")) | AH41: =IF(U41="","",U41-TODAY()) | AI41: =IF(A41="","",IF(OR(W41='02_マスタ'!$E$10,W41='02_マスタ'!$E$12),"",IF(V41="High","High",IF(AND(U41<>"",U41<TODAY()),INDEX(_翻訳マスタ!$B$117:$D$247,MATCH("ALERT_OVERDUE",_翻訳マスタ!$A$117:$A$247,0),MATCH(言語切替!$B$3,_翻訳マスタ!$B$1:$D$1,0)),IF(AND(U41<>"",U41-TODAY()<=7),INDEX(_翻訳マスタ!$B$117:$D$247,MATCH("ALERT_APPROACHING",_翻訳マスタ!$A$117:$A$247,0),MATCH(言語切替!$B$3,_翻訳マスタ!$B$1:$D$1,0)),IF(OR(W41='02_マスタ'!$E$7,W41='02_マスタ'!$E$8),INDEX(_翻訳マスタ!$B$117:$D$247,MATCH("ALERT_CHECK",_翻訳マスタ!$A$117:$A$247,0),MATCH(言語切替!$B$3,_翻訳マスタ!$B$1:$D$1,0)),""))))))
H42: =IF(F42="","",_xlfn.TRANSLATE(F42,"vi","ja")) | I42: =IF(F42="","",_xlfn.TRANSLATE(F42,"vi","zh-Hans")) | L42: =IF(J42="","",_xlfn.TRANSLATE(J42,"vi","ja")) | M42: =IF(J42="","",_xlfn.TRANSLATE(J42,"vi","zh-Hans")) | P42: =IF(N42="","",_xlfn.TRANSLATE(N42,"vi","ja")) | Q42: =IF(N42="","",_xlfn.TRANSLATE(N42,"vi","zh-Hans")) | AA42: =IF(Y42="","",_xlfn.TRANSLATE(Y42,"vi","ja")) | AB42: =IF(Y42="","",_xlfn.TRANSLATE(Y42,"vi","zh-Hans")) | AE42: =IF(AC42="","",_xlfn.TRANSLATE(AC42,"vi","ja")) | AF42: =IF(AC42="","",_xlfn.TRANSLATE(AC42,"vi","zh-Hans")) | AH42: =IF(U42="","",U42-TODAY()) | AI42: =IF(A42="","",IF(OR(W42='02_マスタ'!$E$10,W42='02_マスタ'!$E$12),"",IF(V42="High","High",IF(AND(U42<>"",U42<TODAY()),INDEX(_翻訳マスタ!$B$117:$D$247,MATCH("ALERT_OVERDUE",_翻訳マスタ!$A$117:$A$247,0),MATCH(言語切替!$B$3,_翻訳マスタ!$B$1:$D$1,0)),IF(AND(U42<>"",U42-TODAY()<=7),INDEX(_翻訳マスタ!$B$117:$D$247,MATCH("ALERT_APPROACHING",_翻訳マスタ!$A$117:$A$247,0),MATCH(言語切替!$B$3,_翻訳マスタ!$B$1:$D$1,0)),IF(OR(W42='02_マスタ'!$E$7,W42='02_マスタ'!$E$8),INDEX(_翻訳マスタ!$B$117:$D$247,MATCH("ALERT_CHECK",_翻訳マスタ!$A$117:$A$247,0),MATCH(言語切替!$B$3,_翻訳マスタ!$B$1:$D$1,0)),""))))))
... H304: =IF(F304="","",_xlfn.TRANSLATE(F304,"vi","ja")) | I304: =IF(F304="","",_xlfn.TRANSLATE(F304,"vi","zh-Hans")) | L304: =IF(J304="","",_xlfn.TRANSLATE(J304,"vi","ja")) | M304: =IF(J304="","",_xlfn.TRANSLATE(J304,"vi","zh-Hans")) | P304: =IF(N304="","",_xlfn.TRANSLATE(N304,"vi","ja")) | Q304: =IF(N304="","",_xlfn.TRANSLATE(N304,"vi","zh-Hans")) | AA304: =IF(Y304="","",_xlfn.TRANSLATE(Y304,"vi","ja")) | AB304: =IF(Y304="","",_xlfn.TRANSLATE(Y304,"vi","zh-Hans")) | AE304: =IF(AC304="","",_xlfn.TRANSLATE(AC304,"vi","ja")) | AF304: =IF(AC304="","",_xlfn.TRANSLATE(AC304,"vi","zh-Hans")) | AH304: =IF(U304="","",U304-TODAY()) | AI304: =IF(A304="","",IF(OR(W304='02_マスタ'!$E$10,W304='02_マスタ'!$E$12),"",IF(V304="High","High",IF(AND(U304<>"",U304<TODAY()),INDEX(_翻訳マスタ!$B$117:$D$247,MATCH("ALERT_OVERDUE",_翻訳マスタ!$A$117:$A$247,0),MATCH(言語切替!$B$3,_翻訳マスタ!$B$1:$D$1,0)),IF(AND(U304<>"",U304-TODAY()<=7),INDEX(_翻訳マスタ!$B$117:$D$247,MATCH("ALERT_APPROACHING",_翻訳マスタ!$A$117:$A$247,0),MATCH(言語切替!$B$3,_翻訳マスタ!$B$1:$D$1,0)),IF(OR(W304='02_マスタ'!$E$7,W304='02_マスタ'!$E$8),INDEX(_翻訳マスタ!$B$117:$D$247,MATCH("ALERT_CHECK",_翻訳マスタ!$A$117:$A$247,0),MATCH(言語切替!$B$3,_翻訳マスタ!$B$1:$D$1,0)),""))))))

Sheet 05_決定事項
A1: =INDEX(_翻訳マスタ!$B$117:$D$247,MATCH("DEC_TITLE",_翻訳マスタ!$A$117:$A$247,0),MATCH(言語切替!$B$3,_翻訳マスタ!$B$1:$D$1,0)) -> Nhật ký quyết định
A2: =INDEX(_翻訳マスタ!$B$117:$D$247,MATCH("DEC_DESC",_翻訳マスタ!$A$117:$A$247,0),MATCH(言語切替!$B$3,_翻訳マスタ!$B$1:$D$1,0)) -> Ghi lại nội dung quyết định trong cuộc họp và phạm vi ảnh hưởng. Giúp theo dõi lại lý do đưa ra quyết định.
A3: =INDEX(_翻訳マスタ!$B$2:$D$300,MATCH("PARA_HOWTO",_翻訳マスタ!$A$2:$A$300,0),MATCH(言語切替!$B$3,_翻訳マスタ!$B$1:$D$1,0)) -> Quy tắc nhập: 【Tiêu đề VÀNG】= Được phép nhập / chọn dữ liệu (Gõ bất kỳ tiếng Việt/Nhật/Trung vào ô [Nhập]) 【Tiêu đề XANH DƯƠNG】= Cấm nhập (Tự động tính toán & dịch tự động 3 thứ tiếng).
A4: =INDEX(_翻訳マスタ!$B$117:$D$247,MATCH("DEC_COL_ID",_翻訳マスタ!$A$117:$A$247,0),MATCH(言語切替!$B$3,_翻訳マスタ!$B$1:$D$1,0)) -> Mã quyết định | B4: =INDEX(_翻訳マスタ!$B$117:$D$247,MATCH("DEC_COL_DATE",_翻訳マスタ!$A$117:$A$247,0),MATCH(言語切替!$B$3,_翻訳マスタ!$B$1:$D$1,0)) -> Ngày quyết định | C4: =INDEX(_翻訳マスタ!$B$117:$D$247,MATCH("DEC_COL_FORUM",_翻訳マスタ!$A$117:$A$247,0),MATCH(言語切替!$B$3,_翻訳マスタ!$B$1:$D$1,0)) -> Cuộc họp / Diễn đàn | D4: =INDEX(_翻訳マスタ!$B$2:$D$300,MATCH("DEC_COL_TITLE",_翻訳マスタ!$A$2:$A$300,0),MATCH(言語切替!$B$3,_翻訳マスタ!$B$1:$D$1,0))&INDEX(_翻訳マスタ!$B$2:$D$300,MATCH("NEW_INPUT_SUFFIX",_翻訳マスタ!$A$2:$A$300,0),MATCH(言語切替!$B$3,_翻訳マスタ!$B$1:$D$1,0)) -> Tiêu đề [Nhập: VI/JP/CN] | E4: =INDEX(_翻訳マスタ!$B$2:$D$300,MATCH("DEC_COL_TITLE",_翻訳マスタ!$A$2:$A$300,0),MATCH(言語切替!$B$3,_翻訳マスタ!$B$1:$D$1,0))&INDEX(_翻訳マスタ!$B$2:$D$300,MATCH("NEW_VI_SUFFIX",_翻訳マスタ!$A$2:$A$300,0),MATCH(言語切替!$B$3,_翻訳マスタ!$B$1:$D$1,0)) -> Tiêu đề (VI) | F4: =INDEX(_翻訳マスタ!$B$2:$D$300,MATCH("DEC_COL_TITLE",_翻訳マスタ!$A$2:$A$300,0),MATCH(言語切替!$B$3,_翻訳マスタ!$B$1:$D$1,0))&INDEX(_翻訳マスタ!$B$2:$D$300,MATCH("NEW_JP_SUFFIX",_翻訳マスタ!$A$2:$A$300,0),MATCH(言語切替!$B$3,_翻訳マスタ!$B$1:$D$1,0)) -> Tiêu đề (JP) | G4: =INDEX(_翻訳マスタ!$B$2:$D$300,MATCH("DEC_COL_TITLE",_翻訳マスタ!$A$2:$A$300,0),MATCH(言語切替!$B$3,_翻訳マスタ!$B$1:$D$1,0))&INDEX(_翻訳マスタ!$B$2:$D$300,MATCH("NEW_CN_SUFFIX",_翻訳マスタ!$A$2:$A$300,0),MATCH(言語切替!$B$3,_翻訳マスタ!$B$1:$D$1,0)) -> Tiêu đề (CN) | H4: =INDEX(_翻訳マスタ!$B$2:$D$300,MATCH("DEC_COL_CONTENT",_翻訳マスタ!$A$2:$A$300,0),MATCH(言語切替!$B$3,_翻訳マスタ!$B$1:$D$1,0))&INDEX(_翻訳マスタ!$B$2:$D$300,MATCH("NEW_INPUT_SUFFIX",_翻訳マスタ!$A$2:$A$300,0),MATCH(言語切替!$B$3,_翻訳マスタ!$B$1:$D$1,0)) -> Nội dung quyết định [Nhập: VI/JP/CN] | I4: =INDEX(_翻訳マスタ!$B$2:$D$300,MATCH("DEC_COL_CONTENT",_翻訳マスタ!$A$2:$A$300,0),MATCH(言語切替!$B$3,_翻訳マスタ!$B$1:$D$1,0))&INDEX(_翻訳マスタ!$B$2:$D$300,MATCH("NEW_VI_SUFFIX",_翻訳マスタ!$A$2:$A$300,0),MATCH(言語切替!$B$3,_翻訳マスタ!$B$1:$D$1,0)) -> Nội dung quyết định (VI) | J4: =INDEX(_翻訳マスタ!$B$2:$D$300,MATCH("DEC_COL_CONTENT",_翻訳マスタ!$A$2:$A$300,0),MATCH(言語切替!$B$3,_翻訳マスタ!$B$1:$D$1,0))&INDEX(_翻訳マスタ!$B$2:$D$300,MATCH("NEW_JP_SUFFIX",_翻訳マスタ!$A$2:$A$300,0),MATCH(言語切替!$B$3,_翻訳マスタ!$B$1:$D$1,0)) -> Nội dung quyết định (JP) | K4: =INDEX(_翻訳マスタ!$B$2:$D$300,MATCH("DEC_COL_CONTENT",_翻訳マスタ!$A$2:$A$300,0),MATCH(言語切替!$B$3,_翻訳マスタ!$B$1:$D$1,0))&INDEX(_翻訳マスタ!$B$2:$D$300,MATCH("NEW_CN_SUFFIX",_翻訳マスタ!$A$2:$A$300,0),MATCH(言語切替!$B$3,_翻訳マスタ!$B$1:$D$1,0)) -> Nội dung quyết định (CN) | L4: =INDEX(_翻訳マスタ!$B$2:$D$300,MATCH("DEC_COL_REASON",_翻訳マスタ!$A$2:$A$300,0),MATCH(言語切替!$B$3,_翻訳マスタ!$B$1:$D$1,0))&INDEX(_翻訳マスタ!$B$2:$D$300,MATCH("NEW_INPUT_SUFFIX",_翻訳マスタ!$A$2:$A$300,0),MATCH(言語切替!$B$3,_翻訳マスタ!$B$1:$D$1,0)) -> Lý do quyết định [Nhập: VI/JP/CN] | M4: =INDEX(_翻訳マスタ!$B$2:$D$300,MATCH("DEC_COL_REASON",_翻訳マスタ!$A$2:$A$300,0),MATCH(言語切替!$B$3,_翻訳マスタ!$B$1:$D$1,0))&INDEX(_翻訳マスタ!$B$2:$D$300,MATCH("NEW_VI_SUFFIX",_翻訳マスタ!$A$2:$A$300,0),MATCH(言語切替!$B$3,_翻訳マスタ!$B$1:$D$1,0)) -> Lý do quyết định (VI) | N4: =INDEX(_翻訳マスタ!$B$2:$D$300,MATCH("DEC_COL_REASON",_翻訳マスタ!$A$2:$A$300,0),MATCH(言語切替!$B$3,_翻訳マスタ!$B$1:$D$1,0))&INDEX(_翻訳マスタ!$B$2:$D$300,MATCH("NEW_JP_SUFFIX",_翻訳マスタ!$A$2:$A$300,0),MATCH(言語切替!$B$3,_翻訳マスタ!$B$1:$D$1,0)) -> Lý do quyết định (JP) | O4: =INDEX(_翻訳マスタ!$B$2:$D$300,MATCH("DEC_COL_REASON",_翻訳マスタ!$A$2:$A$300,0),MATCH(言語切替!$B$3,_翻訳マスタ!$B$1:$D$1,0))&INDEX(_翻訳マスタ!$B$2:$D$300,MATCH("NEW_CN_SUFFIX",_翻訳マスタ!$A$2:$A$300,0),MATCH(言語切替!$B$3,_翻訳マスタ!$B$1:$D$1,0)) -> Lý do quyết định (CN) | P4: =INDEX(_翻訳マスタ!$B$117:$D$247,MATCH("DEC_COL_DECIDER",_翻訳マスタ!$A$117:$A$247,0),MATCH(言語切替!$B$3,_翻訳マスタ!$B$1:$D$1,0)) -> Người quyết định | Q4: =INDEX(_翻訳マスタ!$B$117:$D$247,MATCH("DEC_COL_WG",_翻訳マスタ!$A$117:$A$247,0),MATCH(言語切替!$B$3,_翻訳マスタ!$B$1:$D$1,0)) -> WG áp dụng | R4: =INDEX(_翻訳マスタ!$B$117:$D$247,MATCH("DEC_COL_SITE",_翻訳マスタ!$A$117:$A$247,0),MATCH(言語切替!$B$3,_翻訳マスタ!$B$1:$D$1,0)) -> Đơn vị áp dụng | S4: =INDEX(_翻訳マスタ!$B$2:$D$300,MATCH("DEC_COL_SCOPE",_翻訳マスタ!$A$2:$A$300,0),MATCH(言語切替!$B$3,_翻訳マスタ!$B$1:$D$1,0))&INDEX(_翻訳マスタ!$B$2:$D$300,MATCH("NEW_INPUT_SUFFIX",_翻訳マスタ!$A$2:$A$300,0),MATCH(言語切替!$B$3,_翻訳マスタ!$B$1:$D$1,0)) -> Phạm vi ảnh hưởng [Nhập: VI/JP/CN] | T4: =INDEX(_翻訳マスタ!$B$2:$D$300,MATCH("DEC_COL_SCOPE",_翻訳マスタ!$A$2:$A$300,0),MATCH(言語切替!$B$3,_翻訳マスタ!$B$1:$D$1,0))&INDEX(_翻訳マスタ!$B$2:$D$300,MATCH("NEW_VI_SUFFIX",_翻訳マスタ!$A$2:$A$300,0),MATCH(言語切替!$B$3,_翻訳マスタ!$B$1:$D$1,0)) -> Phạm vi ảnh hưởng (VI) | U4: =INDEX(_翻訳マスタ!$B$2:$D$300,MATCH("DEC_COL_SCOPE",_翻訳マスタ!$A$2:$A$300,0),MATCH(言語切替!$B$3,_翻訳マスタ!$B$1:$D$1,0))&INDEX(_翻訳マスタ!$B$2:$D$300,MATCH("NEW_JP_SUFFIX",_翻訳マスタ!$A$2:$A$300,0),MATCH(言語切替!$B$3,_翻訳マスタ!$B$1:$D$1,0)) -> Phạm vi ảnh hưởng (JP) | V4: =INDEX(_翻訳マスタ!$B$2:$D$300,MATCH("DEC_COL_SCOPE",_翻訳マスタ!$A$2:$A$300,0),MATCH(言語切替!$B$3,_翻訳マスタ!$B$1:$D$1,0))&INDEX(_翻訳マスタ!$B$2:$D$300,MATCH("NEW_CN_SUFFIX",_翻訳マスタ!$A$2:$A$300,0),MATCH(言語切替!$B$3,_翻訳マスタ!$B$1:$D$1,0)) -> Phạm vi ảnh hưởng (CN) | W4: =INDEX(_翻訳マスタ!$B$117:$D$247,MATCH("DEC_COL_LEAD",_翻訳マスタ!$A$117:$A$247,0),MATCH(言語切替!$B$3,_翻訳マスタ!$B$1:$D$1,0)) -> Người chịu trách nhiệm thực hiện | X4: =INDEX(_翻訳マスタ!$B$117:$D$247,MATCH("DEC_COL_DUE",_翻訳マスタ!$A$117:$A$247,0),MATCH(言語切替!$B$3,_翻訳マスタ!$B$1:$D$1,0)) -> Thời hạn áp dụng | Y4: =INDEX(_翻訳マスタ!$B$117:$D$247,MATCH("DEC_COL_ISSUE_ID",_翻訳マスタ!$A$117:$A$247,0),MATCH(言語切替!$B$3,_翻訳マスタ!$B$1:$D$1,0)) -> Mã vấn đề liên quan | Z4: =INDEX(_翻訳マスタ!$B$117:$D$247,MATCH("DEC_COL_LINK",_翻訳マスタ!$A$117:$A$247,0),MATCH(言語切替!$B$3,_翻訳マスタ!$B$1:$D$1,0)) -> Liên kết tài liệu liên quan | AA4: =INDEX(_翻訳マスタ!$B$2:$D$300,MATCH("DEC_COL_NOTE",_翻訳マスタ!$A$2:$A$300,0),MATCH(言語切替!$B$3,_翻訳マスタ!$B$1:$D$1,0))&INDEX(_翻訳マスタ!$B$2:$D$300,MATCH("NEW_INPUT_SUFFIX",_翻訳マスタ!$A$2:$A$300,0),MATCH(言語切替!$B$3,_翻訳マスタ!$B$1:$D$1,0)) -> Ghi chú [Nhập: VI/JP/CN] | AB4: =INDEX(_翻訳マスタ!$B$2:$D$300,MATCH("DEC_COL_NOTE",_翻訳マスタ!$A$2:$A$300,0),MATCH(言語切替!$B$3,_翻訳マスタ!$B$1:$D$1,0))&INDEX(_翻訳マスタ!$B$2:$D$300,MATCH("NEW_VI_SUFFIX",_翻訳マスタ!$A$2:$A$300,0),MATCH(言語切替!$B$3,_翻訳マスタ!$B$1:$D$1,0)) -> Ghi chú (VI) | AC4: =INDEX(_翻訳マスタ!$B$2:$D$300,MATCH("DEC_COL_NOTE",_翻訳マスタ!$A$2:$A$300,0),MATCH(言語切替!$B$3,_翻訳マスタ!$B$1:$D$1,0))&INDEX(_翻訳マスタ!$B$2:$D$300,MATCH("NEW_JP_SUFFIX",_翻訳マスタ!$A$2:$A$300,0),MATCH(言語切替!$B$3,_翻訳マスタ!$B$1:$D$1,0)) -> Ghi chú (JP) | AD4: =INDEX(_翻訳マスタ!$B$2:$D$300,MATCH("DEC_COL_NOTE",_翻訳マスタ!$A$2:$A$300,0),MATCH(言語切替!$B$3,_翻訳マスタ!$B$1:$D$1,0))&INDEX(_翻訳マスタ!$B$2:$D$300,MATCH("NEW_CN_SUFFIX",_翻訳マスタ!$A$2:$A$300,0),MATCH(言語切替!$B$3,_翻訳マスタ!$B$1:$D$1,0)) -> Ghi chú (CN)
A5: DC-001 | B5: 46288 | C5: =INDEX(_翻訳マスタ!$B$117:$D$247,MATCH("DEC_EX1_FORUM",_翻訳マスタ!$A$117:$A$247,0),MATCH(言語切替!$B$3,_翻訳マスタ!$B$1:$D$1,0)) -> Họp ban điều hành | D5: =INDEX(_翻訳マスタ!$D$2:$D$300,MATCH("DEC_EX1_TITLE",_翻訳マスタ!$A$2:$A$300,0)) -> Bản đầu tiên công cụ quản lý | E5: =IF(D5="","",_xlfn.TRANSLATE(D5,"","vi")) -> Bản đầu tiên công cụ quản lý | F5: =IF(D5="","",_xlfn.TRANSLATE(D5,"","ja")) -> 管理ツールの最初のバージョン | G5: =IF(D5="","",_xlfn.TRANSLATE(D5,"","zh-Hans")) -> 管理工具的第一个版本 | H5: =INDEX(_翻訳マスタ!$D$2:$D$300,MATCH("DEC_EX1_CONTENT",_翻訳マスタ!$A$2:$A$300,0)) -> Đưa phương án quản lý tập trung bằng Excel vào rà soát nội bộ ban điều hành | I5: =IF(H5="","",_xlfn.TRANSLATE(H5,"","vi")) -> Đưa phương án quản lý tập trung bằng Excel vào rà soát nội bộ ban điều hành | J5: =IF(H5="","",_xlfn.TRANSLATE(H5,"","ja")) -> Excelを用いた中央集権的な経営計画を執行委員会の内部レビューに持ち込むこと | K5: =IF(H5="","",_xlfn.TRANSLATE(H5,"","zh-Hans")) -> 将使用Excel的集中管理计划引入执行委员会内部审查 | L5: =INDEX(_翻訳マスタ!$D$2:$D$300,MATCH("DEC_EX1_REASON",_翻訳マスタ!$A$2:$A$300,0)) -> Để củng cố các quy tắc chung trước tiên | M5: =IF(L5="","",_xlfn.TRANSLATE(L5,"","vi")) -> Để củng cố các quy tắc chung trước tiên | N5: =IF(L5="","",_xlfn.TRANSLATE(L5,"","ja")) -> まずは一般的なルールを強化する | O5: =IF(L5="","",_xlfn.TRANSLATE(L5,"","zh-Hans")) -> 先强调一般规则 | P5: =INDEX(_翻訳マスタ!$B$117:$D$247,MATCH("ROLE_SUBLEADER",_翻訳マスタ!$A$117:$A$247,0),MATCH(言語切替!$B$3,_翻訳マスタ!$B$1:$D$1,0)) -> Trưởng tiểu ban | Q5: ='02_マスタ'!$A$5 -> Toàn bộ | R5: ='02_マスタ'!$C$5 -> Chung | S5: =INDEX(_翻訳マスタ!$D$2:$D$300,MATCH("COMMON_ALL_WG",_翻訳マスタ!$A$2:$A$300,0)) -> Tất cả WG | T5: =IF(S5="","",_xlfn.TRANSLATE(S5,"","vi")) -> Tất cả WG | U5: =IF(S5="","",_xlfn.TRANSLATE(S5,"","ja")) -> 全WG | V5: =IF(S5="","",_xlfn.TRANSLATE(S5,"","zh-Hans")) -> 所有世界政府 | W5: =INDEX(_翻訳マスタ!$B$117:$D$247,MATCH("ROLE_PMO",_翻訳マスタ!$A$117:$A$247,0),MATCH(言語切替!$B$3,_翻訳マスタ!$B$1:$D$1,0)) -> Ban điều hành | X5: 46295 | Y5: IT-001 | AA5: =INDEX(_翻訳マスタ!$D$2:$D$300,MATCH("COMMON_EXAMPLE",_翻訳マスタ!$A$2:$A$300,0)) -> Ví dụ nhập liệu | AB5: =IF(AA5="","",_xlfn.TRANSLATE(AA5,"","vi")) -> Ví dụ nhập liệu | AC5: =IF(AA5="","",_xlfn.TRANSLATE(AA5,"","ja")) -> データ入力の例 | AD5: =IF(AA5="","",_xlfn.TRANSLATE(AA5,"","zh-Hans")) -> 数据录入示例
E6: =IF(D6="","",_xlfn.TRANSLATE(D6,"","vi")) | F6: =IF(D6="","",_xlfn.TRANSLATE(D6,"","ja")) | G6: =IF(D6="","",_xlfn.TRANSLATE(D6,"","zh-Hans")) | I6: =IF(H6="","",_xlfn.TRANSLATE(H6,"","vi")) | J6: =IF(H6="","",_xlfn.TRANSLATE(H6,"","ja")) | K6: =IF(H6="","",_xlfn.TRANSLATE(H6,"","zh-Hans")) | M6: =IF(L6="","",_xlfn.TRANSLATE(L6,"","vi")) | N6: =IF(L6="","",_xlfn.TRANSLATE(L6,"","ja")) | O6: =IF(L6="","",_xlfn.TRANSLATE(L6,"","zh-Hans")) | T6: =IF(S6="","",_xlfn.TRANSLATE(S6,"","vi")) | U6: =IF(S6="","",_xlfn.TRANSLATE(S6,"","ja")) | V6: =IF(S6="","",_xlfn.TRANSLATE(S6,"","zh-Hans")) | AB6: =IF(AA6="","",_xlfn.TRANSLATE(AA6,"","vi")) | AC6: =IF(AA6="","",_xlfn.TRANSLATE(AA6,"","ja")) | AD6: =IF(AA6="","",_xlfn.TRANSLATE(AA6,"","zh-Hans"))
E7: =IF(D7="","",_xlfn.TRANSLATE(D7,"","vi")) | F7: =IF(D7="","",_xlfn.TRANSLATE(D7,"","ja")) | G7: =IF(D7="","",_xlfn.TRANSLATE(D7,"","zh-Hans")) | I7: =IF(H7="","",_xlfn.TRANSLATE(H7,"","vi")) | J7: =IF(H7="","",_xlfn.TRANSLATE(H7,"","ja")) | K7: =IF(H7="","",_xlfn.TRANSLATE(H7,"","zh-Hans")) | M7: =IF(L7="","",_xlfn.TRANSLATE(L7,"","vi")) | N7: =IF(L7="","",_xlfn.TRANSLATE(L7,"","ja")) | O7: =IF(L7="","",_xlfn.TRANSLATE(L7,"","zh-Hans")) | T7: =IF(S7="","",_xlfn.TRANSLATE(S7,"","vi")) | U7: =IF(S7="","",_xlfn.TRANSLATE(S7,"","ja")) | V7: =IF(S7="","",_xlfn.TRANSLATE(S7,"","zh-Hans")) | AB7: =IF(AA7="","",_xlfn.TRANSLATE(AA7,"","vi")) | AC7: =IF(AA7="","",_xlfn.TRANSLATE(AA7,"","ja")) | AD7: =IF(AA7="","",_xlfn.TRANSLATE(AA7,"","zh-Hans"))
E8: =IF(D8="","",_xlfn.TRANSLATE(D8,"","vi")) | F8: =IF(D8="","",_xlfn.TRANSLATE(D8,"","ja")) | G8: =IF(D8="","",_xlfn.TRANSLATE(D8,"","zh-Hans")) | I8: =IF(H8="","",_xlfn.TRANSLATE(H8,"","vi")) | J8: =IF(H8="","",_xlfn.TRANSLATE(H8,"","ja")) | K8: =IF(H8="","",_xlfn.TRANSLATE(H8,"","zh-Hans")) | M8: =IF(L8="","",_xlfn.TRANSLATE(L8,"","vi")) | N8: =IF(L8="","",_xlfn.TRANSLATE(L8,"","ja")) | O8: =IF(L8="","",_xlfn.TRANSLATE(L8,"","zh-Hans")) | T8: =IF(S8="","",_xlfn.TRANSLATE(S8,"","vi")) | U8: =IF(S8="","",_xlfn.TRANSLATE(S8,"","ja")) | V8: =IF(S8="","",_xlfn.TRANSLATE(S8,"","zh-Hans")) | AB8: =IF(AA8="","",_xlfn.TRANSLATE(AA8,"","vi")) | AC8: =IF(AA8="","",_xlfn.TRANSLATE(AA8,"","ja")) | AD8: =IF(AA8="","",_xlfn.TRANSLATE(AA8,"","zh-Hans"))
E9: =IF(D9="","",_xlfn.TRANSLATE(D9,"","vi")) | F9: =IF(D9="","",_xlfn.TRANSLATE(D9,"","ja")) | G9: =IF(D9="","",_xlfn.TRANSLATE(D9,"","zh-Hans")) | I9: =IF(H9="","",_xlfn.TRANSLATE(H9,"","vi")) | J9: =IF(H9="","",_xlfn.TRANSLATE(H9,"","ja")) | K9: =IF(H9="","",_xlfn.TRANSLATE(H9,"","zh-Hans")) | M9: =IF(L9="","",_xlfn.TRANSLATE(L9,"","vi")) | N9: =IF(L9="","",_xlfn.TRANSLATE(L9,"","ja")) | O9: =IF(L9="","",_xlfn.TRANSLATE(L9,"","zh-Hans")) | T9: =IF(S9="","",_xlfn.TRANSLATE(S9,"","vi")) | U9: =IF(S9="","",_xlfn.TRANSLATE(S9,"","ja")) | V9: =IF(S9="","",_xlfn.TRANSLATE(S9,"","zh-Hans")) | AB9: =IF(AA9="","",_xlfn.TRANSLATE(AA9,"","vi")) | AC9: =IF(AA9="","",_xlfn.TRANSLATE(AA9,"","ja")) | AD9: =IF(AA9="","",_xlfn.TRANSLATE(AA9,"","zh-Hans"))
E10: =IF(D10="","",_xlfn.TRANSLATE(D10,"","vi")) | F10: =IF(D10="","",_xlfn.TRANSLATE(D10,"","ja")) | G10: =IF(D10="","",_xlfn.TRANSLATE(D10,"","zh-Hans")) | I10: =IF(H10="","",_xlfn.TRANSLATE(H10,"","vi")) | J10: =IF(H10="","",_xlfn.TRANSLATE(H10,"","ja")) | K10: =IF(H10="","",_xlfn.TRANSLATE(H10,"","zh-Hans")) | M10: =IF(L10="","",_xlfn.TRANSLATE(L10,"","vi")) | N10: =IF(L10="","",_xlfn.TRANSLATE(L10,"","ja")) | O10: =IF(L10="","",_xlfn.TRANSLATE(L10,"","zh-Hans")) | T10: =IF(S10="","",_xlfn.TRANSLATE(S10,"","vi")) | U10: =IF(S10="","",_xlfn.TRANSLATE(S10,"","ja")) | V10: =IF(S10="","",_xlfn.TRANSLATE(S10,"","zh-Hans")) | AB10: =IF(AA10="","",_xlfn.TRANSLATE(AA10,"","vi")) | AC10: =IF(AA10="","",_xlfn.TRANSLATE(AA10,"","ja")) | AD10: =IF(AA10="","",_xlfn.TRANSLATE(AA10,"","zh-Hans"))
E11: =IF(D11="","",_xlfn.TRANSLATE(D11,"","vi")) | F11: =IF(D11="","",_xlfn.TRANSLATE(D11,"","ja")) | G11: =IF(D11="","",_xlfn.TRANSLATE(D11,"","zh-Hans")) | I11: =IF(H11="","",_xlfn.TRANSLATE(H11,"","vi")) | J11: =IF(H11="","",_xlfn.TRANSLATE(H11,"","ja")) | K11: =IF(H11="","",_xlfn.TRANSLATE(H11,"","zh-Hans")) | M11: =IF(L11="","",_xlfn.TRANSLATE(L11,"","vi")) | N11: =IF(L11="","",_xlfn.TRANSLATE(L11,"","ja")) | O11: =IF(L11="","",_xlfn.TRANSLATE(L11,"","zh-Hans")) | T11: =IF(S11="","",_xlfn.TRANSLATE(S11,"","vi")) | U11: =IF(S11="","",_xlfn.TRANSLATE(S11,"","ja")) | V11: =IF(S11="","",_xlfn.TRANSLATE(S11,"","zh-Hans")) | AB11: =IF(AA11="","",_xlfn.TRANSLATE(AA11,"","vi")) | AC11: =IF(AA11="","",_xlfn.TRANSLATE(AA11,"","ja")) | AD11: =IF(AA11="","",_xlfn.TRANSLATE(AA11,"","zh-Hans"))
E12: =IF(D12="","",_xlfn.TRANSLATE(D12,"","vi")) | F12: =IF(D12="","",_xlfn.TRANSLATE(D12,"","ja")) | G12: =IF(D12="","",_xlfn.TRANSLATE(D12,"","zh-Hans")) | I12: =IF(H12="","",_xlfn.TRANSLATE(H12,"","vi")) | J12: =IF(H12="","",_xlfn.TRANSLATE(H12,"","ja")) | K12: =IF(H12="","",_xlfn.TRANSLATE(H12,"","zh-Hans")) | M12: =IF(L12="","",_xlfn.TRANSLATE(L12,"","vi")) | N12: =IF(L12="","",_xlfn.TRANSLATE(L12,"","ja")) | O12: =IF(L12="","",_xlfn.TRANSLATE(L12,"","zh-Hans")) | T12: =IF(S12="","",_xlfn.TRANSLATE(S12,"","vi")) | U12: =IF(S12="","",_xlfn.TRANSLATE(S12,"","ja")) | V12: =IF(S12="","",_xlfn.TRANSLATE(S12,"","zh-Hans")) | AB12: =IF(AA12="","",_xlfn.TRANSLATE(AA12,"","vi")) | AC12: =IF(AA12="","",_xlfn.TRANSLATE(AA12,"","ja")) | AD12: =IF(AA12="","",_xlfn.TRANSLATE(AA12,"","zh-Hans"))
E13: =IF(D13="","",_xlfn.TRANSLATE(D13,"","vi")) | F13: =IF(D13="","",_xlfn.TRANSLATE(D13,"","ja")) | G13: =IF(D13="","",_xlfn.TRANSLATE(D13,"","zh-Hans")) | I13: =IF(H13="","",_xlfn.TRANSLATE(H13,"","vi")) | J13: =IF(H13="","",_xlfn.TRANSLATE(H13,"","ja")) | K13: =IF(H13="","",_xlfn.TRANSLATE(H13,"","zh-Hans")) | M13: =IF(L13="","",_xlfn.TRANSLATE(L13,"","vi")) | N13: =IF(L13="","",_xlfn.TRANSLATE(L13,"","ja")) | O13: =IF(L13="","",_xlfn.TRANSLATE(L13,"","zh-Hans")) | T13: =IF(S13="","",_xlfn.TRANSLATE(S13,"","vi")) | U13: =IF(S13="","",_xlfn.TRANSLATE(S13,"","ja")) | V13: =IF(S13="","",_xlfn.TRANSLATE(S13,"","zh-Hans")) | AB13: =IF(AA13="","",_xlfn.TRANSLATE(AA13,"","vi")) | AC13: =IF(AA13="","",_xlfn.TRANSLATE(AA13,"","ja")) | AD13: =IF(AA13="","",_xlfn.TRANSLATE(AA13,"","zh-Hans"))
E14: =IF(D14="","",_xlfn.TRANSLATE(D14,"","vi")) | F14: =IF(D14="","",_xlfn.TRANSLATE(D14,"","ja")) | G14: =IF(D14="","",_xlfn.TRANSLATE(D14,"","zh-Hans")) | I14: =IF(H14="","",_xlfn.TRANSLATE(H14,"","vi")) | J14: =IF(H14="","",_xlfn.TRANSLATE(H14,"","ja")) | K14: =IF(H14="","",_xlfn.TRANSLATE(H14,"","zh-Hans")) | M14: =IF(L14="","",_xlfn.TRANSLATE(L14,"","vi")) | N14: =IF(L14="","",_xlfn.TRANSLATE(L14,"","ja")) | O14: =IF(L14="","",_xlfn.TRANSLATE(L14,"","zh-Hans")) | T14: =IF(S14="","",_xlfn.TRANSLATE(S14,"","vi")) | U14: =IF(S14="","",_xlfn.TRANSLATE(S14,"","ja")) | V14: =IF(S14="","",_xlfn.TRANSLATE(S14,"","zh-Hans")) | AB14: =IF(AA14="","",_xlfn.TRANSLATE(AA14,"","vi")) | AC14: =IF(AA14="","",_xlfn.TRANSLATE(AA14,"","ja")) | AD14: =IF(AA14="","",_xlfn.TRANSLATE(AA14,"","zh-Hans"))
E15: =IF(D15="","",_xlfn.TRANSLATE(D15,"","vi")) | F15: =IF(D15="","",_xlfn.TRANSLATE(D15,"","ja")) | G15: =IF(D15="","",_xlfn.TRANSLATE(D15,"","zh-Hans")) | I15: =IF(H15="","",_xlfn.TRANSLATE(H15,"","vi")) | J15: =IF(H15="","",_xlfn.TRANSLATE(H15,"","ja")) | K15: =IF(H15="","",_xlfn.TRANSLATE(H15,"","zh-Hans")) | M15: =IF(L15="","",_xlfn.TRANSLATE(L15,"","vi")) | N15: =IF(L15="","",_xlfn.TRANSLATE(L15,"","ja")) | O15: =IF(L15="","",_xlfn.TRANSLATE(L15,"","zh-Hans")) | T15: =IF(S15="","",_xlfn.TRANSLATE(S15,"","vi")) | U15: =IF(S15="","",_xlfn.TRANSLATE(S15,"","ja")) | V15: =IF(S15="","",_xlfn.TRANSLATE(S15,"","zh-Hans")) | AB15: =IF(AA15="","",_xlfn.TRANSLATE(AA15,"","vi")) | AC15: =IF(AA15="","",_xlfn.TRANSLATE(AA15,"","ja")) | AD15: =IF(AA15="","",_xlfn.TRANSLATE(AA15,"","zh-Hans"))
E16: =IF(D16="","",_xlfn.TRANSLATE(D16,"","vi")) | F16: =IF(D16="","",_xlfn.TRANSLATE(D16,"","ja")) | G16: =IF(D16="","",_xlfn.TRANSLATE(D16,"","zh-Hans")) | I16: =IF(H16="","",_xlfn.TRANSLATE(H16,"","vi")) | J16: =IF(H16="","",_xlfn.TRANSLATE(H16,"","ja")) | K16: =IF(H16="","",_xlfn.TRANSLATE(H16,"","zh-Hans")) | M16: =IF(L16="","",_xlfn.TRANSLATE(L16,"","vi")) | N16: =IF(L16="","",_xlfn.TRANSLATE(L16,"","ja")) | O16: =IF(L16="","",_xlfn.TRANSLATE(L16,"","zh-Hans")) | T16: =IF(S16="","",_xlfn.TRANSLATE(S16,"","vi")) | U16: =IF(S16="","",_xlfn.TRANSLATE(S16,"","ja")) | V16: =IF(S16="","",_xlfn.TRANSLATE(S16,"","zh-Hans")) | AB16: =IF(AA16="","",_xlfn.TRANSLATE(AA16,"","vi")) | AC16: =IF(AA16="","",_xlfn.TRANSLATE(AA16,"","ja")) | AD16: =IF(AA16="","",_xlfn.TRANSLATE(AA16,"","zh-Hans"))
E17: =IF(D17="","",_xlfn.TRANSLATE(D17,"","vi")) | F17: =IF(D17="","",_xlfn.TRANSLATE(D17,"","ja")) | G17: =IF(D17="","",_xlfn.TRANSLATE(D17,"","zh-Hans")) | I17: =IF(H17="","",_xlfn.TRANSLATE(H17,"","vi")) | J17: =IF(H17="","",_xlfn.TRANSLATE(H17,"","ja")) | K17: =IF(H17="","",_xlfn.TRANSLATE(H17,"","zh-Hans")) | M17: =IF(L17="","",_xlfn.TRANSLATE(L17,"","vi")) | N17: =IF(L17="","",_xlfn.TRANSLATE(L17,"","ja")) | O17: =IF(L17="","",_xlfn.TRANSLATE(L17,"","zh-Hans")) | T17: =IF(S17="","",_xlfn.TRANSLATE(S17,"","vi")) | U17: =IF(S17="","",_xlfn.TRANSLATE(S17,"","ja")) | V17: =IF(S17="","",_xlfn.TRANSLATE(S17,"","zh-Hans")) | AB17: =IF(AA17="","",_xlfn.TRANSLATE(AA17,"","vi")) | AC17: =IF(AA17="","",_xlfn.TRANSLATE(AA17,"","ja")) | AD17: =IF(AA17="","",_xlfn.TRANSLATE(AA17,"","zh-Hans"))
... E30: =IF(D30="","",_xlfn.TRANSLATE(D30,"","vi")) | F30: =IF(D30="","",_xlfn.TRANSLATE(D30,"","ja")) | G30: =IF(D30="","",_xlfn.TRANSLATE(D30,"","zh-Hans")) | I30: =IF(H30="","",_xlfn.TRANSLATE(H30,"","vi")) | J30: =IF(H30="","",_xlfn.TRANSLATE(H30,"","ja")) | K30: =IF(H30="","",_xlfn.TRANSLATE(H30,"","zh-Hans")) | M30: =IF(L30="","",_xlfn.TRANSLATE(L30,"","vi")) | N30: =IF(L30="","",_xlfn.TRANSLATE(L30,"","ja")) | O30: =IF(L30="","",_xlfn.TRANSLATE(L30,"","zh-Hans")) | T30: =IF(S30="","",_xlfn.TRANSLATE(S30,"","vi")) | U30: =IF(S30="","",_xlfn.TRANSLATE(S30,"","ja")) | V30: =IF(S30="","",_xlfn.TRANSLATE(S30,"","zh-Hans")) | AB30: =IF(AA30="","",_xlfn.TRANSLATE(AA30,"","vi")) | AC30: =IF(AA30="","",_xlfn.TRANSLATE(AA30,"","ja")) | AD30: =IF(AA30="","",_xlfn.TRANSLATE(AA30,"","zh-Hans"))
F31: =IF(D31="","",_xlfn.TRANSLATE(D31,"vi","ja")) | G31: =IF(D31="","",_xlfn.TRANSLATE(D31,"vi","zh-Hans")) | J31: =IF(H31="","",_xlfn.TRANSLATE(H31,"vi","ja")) | K31: =IF(H31="","",_xlfn.TRANSLATE(H31,"vi","zh-Hans")) | N31: =IF(L31="","",_xlfn.TRANSLATE(L31,"vi","ja")) | O31: =IF(L31="","",_xlfn.TRANSLATE(L31,"vi","zh-Hans")) | U31: =IF(S31="","",_xlfn.TRANSLATE(S31,"vi","ja")) | V31: =IF(S31="","",_xlfn.TRANSLATE(S31,"vi","zh-Hans")) | AC31: =IF(AA31="","",_xlfn.TRANSLATE(AA31,"vi","ja")) | AD31: =IF(AA31="","",_xlfn.TRANSLATE(AA31,"vi","zh-Hans"))
F32: =IF(D32="","",_xlfn.TRANSLATE(D32,"vi","ja")) | G32: =IF(D32="","",_xlfn.TRANSLATE(D32,"vi","zh-Hans")) | J32: =IF(H32="","",_xlfn.TRANSLATE(H32,"vi","ja")) | K32: =IF(H32="","",_xlfn.TRANSLATE(H32,"vi","zh-Hans")) | N32: =IF(L32="","",_xlfn.TRANSLATE(L32,"vi","ja")) | O32: =IF(L32="","",_xlfn.TRANSLATE(L32,"vi","zh-Hans")) | U32: =IF(S32="","",_xlfn.TRANSLATE(S32,"vi","ja")) | V32: =IF(S32="","",_xlfn.TRANSLATE(S32,"vi","zh-Hans")) | AC32: =IF(AA32="","",_xlfn.TRANSLATE(AA32,"vi","ja")) | AD32: =IF(AA32="","",_xlfn.TRANSLATE(AA32,"vi","zh-Hans"))
F33: =IF(D33="","",_xlfn.TRANSLATE(D33,"vi","ja")) | G33: =IF(D33="","",_xlfn.TRANSLATE(D33,"vi","zh-Hans")) | J33: =IF(H33="","",_xlfn.TRANSLATE(H33,"vi","ja")) | K33: =IF(H33="","",_xlfn.TRANSLATE(H33,"vi","zh-Hans")) | N33: =IF(L33="","",_xlfn.TRANSLATE(L33,"vi","ja")) | O33: =IF(L33="","",_xlfn.TRANSLATE(L33,"vi","zh-Hans")) | U33: =IF(S33="","",_xlfn.TRANSLATE(S33,"vi","ja")) | V33: =IF(S33="","",_xlfn.TRANSLATE(S33,"vi","zh-Hans")) | AC33: =IF(AA33="","",_xlfn.TRANSLATE(AA33,"vi","ja")) | AD33: =IF(AA33="","",_xlfn.TRANSLATE(AA33,"vi","zh-Hans"))
F34: =IF(D34="","",_xlfn.TRANSLATE(D34,"vi","ja")) | G34: =IF(D34="","",_xlfn.TRANSLATE(D34,"vi","zh-Hans")) | J34: =IF(H34="","",_xlfn.TRANSLATE(H34,"vi","ja")) | K34: =IF(H34="","",_xlfn.TRANSLATE(H34,"vi","zh-Hans")) | N34: =IF(L34="","",_xlfn.TRANSLATE(L34,"vi","ja")) | O34: =IF(L34="","",_xlfn.TRANSLATE(L34,"vi","zh-Hans")) | U34: =IF(S34="","",_xlfn.TRANSLATE(S34,"vi","ja")) | V34: =IF(S34="","",_xlfn.TRANSLATE(S34,"vi","zh-Hans")) | AC34: =IF(AA34="","",_xlfn.TRANSLATE(AA34,"vi","ja")) | AD34: =IF(AA34="","",_xlfn.TRANSLATE(AA34,"vi","zh-Hans"))
F35: =IF(D35="","",_xlfn.TRANSLATE(D35,"vi","ja")) | G35: =IF(D35="","",_xlfn.TRANSLATE(D35,"vi","zh-Hans")) | J35: =IF(H35="","",_xlfn.TRANSLATE(H35,"vi","ja")) | K35: =IF(H35="","",_xlfn.TRANSLATE(H35,"vi","zh-Hans")) | N35: =IF(L35="","",_xlfn.TRANSLATE(L35,"vi","ja")) | O35: =IF(L35="","",_xlfn.TRANSLATE(L35,"vi","zh-Hans")) | U35: =IF(S35="","",_xlfn.TRANSLATE(S35,"vi","ja")) | V35: =IF(S35="","",_xlfn.TRANSLATE(S35,"vi","zh-Hans")) | AC35: =IF(AA35="","",_xlfn.TRANSLATE(AA35,"vi","ja")) | AD35: =IF(AA35="","",_xlfn.TRANSLATE(AA35,"vi","zh-Hans"))
F36: =IF(D36="","",_xlfn.TRANSLATE(D36,"vi","ja")) | G36: =IF(D36="","",_xlfn.TRANSLATE(D36,"vi","zh-Hans")) | J36: =IF(H36="","",_xlfn.TRANSLATE(H36,"vi","ja")) | K36: =IF(H36="","",_xlfn.TRANSLATE(H36,"vi","zh-Hans")) | N36: =IF(L36="","",_xlfn.TRANSLATE(L36,"vi","ja")) | O36: =IF(L36="","",_xlfn.TRANSLATE(L36,"vi","zh-Hans")) | U36: =IF(S36="","",_xlfn.TRANSLATE(S36,"vi","ja")) | V36: =IF(S36="","",_xlfn.TRANSLATE(S36,"vi","zh-Hans")) | AC36: =IF(AA36="","",_xlfn.TRANSLATE(AA36,"vi","ja")) | AD36: =IF(AA36="","",_xlfn.TRANSLATE(AA36,"vi","zh-Hans"))
F37: =IF(D37="","",_xlfn.TRANSLATE(D37,"vi","ja")) | G37: =IF(D37="","",_xlfn.TRANSLATE(D37,"vi","zh-Hans")) | J37: =IF(H37="","",_xlfn.TRANSLATE(H37,"vi","ja")) | K37: =IF(H37="","",_xlfn.TRANSLATE(H37,"vi","zh-Hans")) | N37: =IF(L37="","",_xlfn.TRANSLATE(L37,"vi","ja")) | O37: =IF(L37="","",_xlfn.TRANSLATE(L37,"vi","zh-Hans")) | U37: =IF(S37="","",_xlfn.TRANSLATE(S37,"vi","ja")) | V37: =IF(S37="","",_xlfn.TRANSLATE(S37,"vi","zh-Hans")) | AC37: =IF(AA37="","",_xlfn.TRANSLATE(AA37,"vi","ja")) | AD37: =IF(AA37="","",_xlfn.TRANSLATE(AA37,"vi","zh-Hans"))
F38: =IF(D38="","",_xlfn.TRANSLATE(D38,"vi","ja")) | G38: =IF(D38="","",_xlfn.TRANSLATE(D38,"vi","zh-Hans")) | J38: =IF(H38="","",_xlfn.TRANSLATE(H38,"vi","ja")) | K38: =IF(H38="","",_xlfn.TRANSLATE(H38,"vi","zh-Hans")) | N38: =IF(L38="","",_xlfn.TRANSLATE(L38,"vi","ja")) | O38: =IF(L38="","",_xlfn.TRANSLATE(L38,"vi","zh-Hans")) | U38: =IF(S38="","",_xlfn.TRANSLATE(S38,"vi","ja")) | V38: =IF(S38="","",_xlfn.TRANSLATE(S38,"vi","zh-Hans")) | AC38: =IF(AA38="","",_xlfn.TRANSLATE(AA38,"vi","ja")) | AD38: =IF(AA38="","",_xlfn.TRANSLATE(AA38,"vi","zh-Hans"))
F39: =IF(D39="","",_xlfn.TRANSLATE(D39,"vi","ja")) | G39: =IF(D39="","",_xlfn.TRANSLATE(D39,"vi","zh-Hans")) | J39: =IF(H39="","",_xlfn.TRANSLATE(H39,"vi","ja")) | K39: =IF(H39="","",_xlfn.TRANSLATE(H39,"vi","zh-Hans")) | N39: =IF(L39="","",_xlfn.TRANSLATE(L39,"vi","ja")) | O39: =IF(L39="","",_xlfn.TRANSLATE(L39,"vi","zh-Hans")) | U39: =IF(S39="","",_xlfn.TRANSLATE(S39,"vi","ja")) | V39: =IF(S39="","",_xlfn.TRANSLATE(S39,"vi","zh-Hans")) | AC39: =IF(AA39="","",_xlfn.TRANSLATE(AA39,"vi","ja")) | AD39: =IF(AA39="","",_xlfn.TRANSLATE(AA39,"vi","zh-Hans"))
F40: =IF(D40="","",_xlfn.TRANSLATE(D40,"vi","ja")) | G40: =IF(D40="","",_xlfn.TRANSLATE(D40,"vi","zh-Hans")) | J40: =IF(H40="","",_xlfn.TRANSLATE(H40,"vi","ja")) | K40: =IF(H40="","",_xlfn.TRANSLATE(H40,"vi","zh-Hans")) | N40: =IF(L40="","",_xlfn.TRANSLATE(L40,"vi","ja")) | O40: =IF(L40="","",_xlfn.TRANSLATE(L40,"vi","zh-Hans")) | U40: =IF(S40="","",_xlfn.TRANSLATE(S40,"vi","ja")) | V40: =IF(S40="","",_xlfn.TRANSLATE(S40,"vi","zh-Hans")) | AC40: =IF(AA40="","",_xlfn.TRANSLATE(AA40,"vi","ja")) | AD40: =IF(AA40="","",_xlfn.TRANSLATE(AA40,"vi","zh-Hans"))
F41: =IF(D41="","",_xlfn.TRANSLATE(D41,"vi","ja")) | G41: =IF(D41="","",_xlfn.TRANSLATE(D41,"vi","zh-Hans")) | J41: =IF(H41="","",_xlfn.TRANSLATE(H41,"vi","ja")) | K41: =IF(H41="","",_xlfn.TRANSLATE(H41,"vi","zh-Hans")) | N41: =IF(L41="","",_xlfn.TRANSLATE(L41,"vi","ja")) | O41: =IF(L41="","",_xlfn.TRANSLATE(L41,"vi","zh-Hans")) | U41: =IF(S41="","",_xlfn.TRANSLATE(S41,"vi","ja")) | V41: =IF(S41="","",_xlfn.TRANSLATE(S41,"vi","zh-Hans")) | AC41: =IF(AA41="","",_xlfn.TRANSLATE(AA41,"vi","ja")) | AD41: =IF(AA41="","",_xlfn.TRANSLATE(AA41,"vi","zh-Hans"))
F42: =IF(D42="","",_xlfn.TRANSLATE(D42,"vi","ja")) | G42: =IF(D42="","",_xlfn.TRANSLATE(D42,"vi","zh-Hans")) | J42: =IF(H42="","",_xlfn.TRANSLATE(H42,"vi","ja")) | K42: =IF(H42="","",_xlfn.TRANSLATE(H42,"vi","zh-Hans")) | N42: =IF(L42="","",_xlfn.TRANSLATE(L42,"vi","ja")) | O42: =IF(L42="","",_xlfn.TRANSLATE(L42,"vi","zh-Hans")) | U42: =IF(S42="","",_xlfn.TRANSLATE(S42,"vi","ja")) | V42: =IF(S42="","",_xlfn.TRANSLATE(S42,"vi","zh-Hans")) | AC42: =IF(AA42="","",_xlfn.TRANSLATE(AA42,"vi","ja")) | AD42: =IF(AA42="","",_xlfn.TRANSLATE(AA42,"vi","zh-Hans"))
... F204: =IF(D204="","",_xlfn.TRANSLATE(D204,"vi","ja")) | G204: =IF(D204="","",_xlfn.TRANSLATE(D204,"vi","zh-Hans")) | J204: =IF(H204="","",_xlfn.TRANSLATE(H204,"vi","ja")) | K204: =IF(H204="","",_xlfn.TRANSLATE(H204,"vi","zh-Hans")) | N204: =IF(L204="","",_xlfn.TRANSLATE(L204,"vi","ja")) | O204: =IF(L204="","",_xlfn.TRANSLATE(L204,"vi","zh-Hans")) | U204: =IF(S204="","",_xlfn.TRANSLATE(S204,"vi","ja")) | V204: =IF(S204="","",_xlfn.TRANSLATE(S204,"vi","zh-Hans")) | AC204: =IF(AA204="","",_xlfn.TRANSLATE(AA204,"vi","ja")) | AD204: =IF(AA204="","",_xlfn.TRANSLATE(AA204,"vi","zh-Hans"))

Sheet 06_KPI
A1: =INDEX(_翻訳マスタ!$B$117:$D$247,MATCH("KPI_TITLE",_翻訳マスタ!$A$117:$A$247,0),MATCH(言語切替!$B$3,_翻訳マスタ!$B$1:$D$1,0)) -> Quản lý KPI
A2: =INDEX(_翻訳マスタ!$B$117:$D$247,MATCH("KPI_DESC",_翻訳マスタ!$A$117:$A$247,0),MATCH(言語切替!$B$3,_翻訳マスタ!$B$1:$D$1,0)) -> KPI được quản lý theo thứ tự: 'Thiết lập nền tảng → Vận hành ổn định → Kết quả nghiệp vụ → Kết quả đầu tư'. Cập nhật giá trị cơ sở và mục tiêu theo kết quả kiểm chứng.
A3: =INDEX(_翻訳マスタ!$B$2:$D$300,MATCH("PARA_HOWTO",_翻訳マスタ!$A$2:$A$300,0),MATCH(言語切替!$B$3,_翻訳マスタ!$B$1:$D$1,0)) -> Quy tắc nhập: 【Tiêu đề VÀNG】= Được phép nhập / chọn dữ liệu (Gõ bất kỳ tiếng Việt/Nhật/Trung vào ô [Nhập]) 【Tiêu đề XANH DƯƠNG】= Cấm nhập (Tự động tính toán & dịch tự động 3 thứ tiếng).
A4: =INDEX(_翻訳マスタ!$B$117:$D$247,MATCH("KPI_COL_ID",_翻訳マスタ!$A$117:$A$247,0),MATCH(言語切替!$B$3,_翻訳マスタ!$B$1:$D$1,0)) -> Mã KPI | B4: =INDEX(_翻訳マスタ!$B$117:$D$247,MATCH("KPI_COL_WG",_翻訳マスタ!$A$117:$A$247,0),MATCH(言語切替!$B$3,_翻訳マスタ!$B$1:$D$1,0)) -> WG | C4: =INDEX(_翻訳マスタ!$B$117:$D$247,MATCH("KPI_COL_LEVEL",_翻訳マスタ!$A$117:$A$247,0),MATCH(言語切替!$B$3,_翻訳マスタ!$B$1:$D$1,0)) -> Cấp độ | D4: =INDEX(_翻訳マスタ!$B$2:$D$300,MATCH("KPI_COL_NAME",_翻訳マスタ!$A$2:$A$300,0),MATCH(言語切替!$B$3,_翻訳マスタ!$B$1:$D$1,0))&INDEX(_翻訳マスタ!$B$2:$D$300,MATCH("NEW_INPUT_SUFFIX",_翻訳マスタ!$A$2:$A$300,0),MATCH(言語切替!$B$3,_翻訳マスタ!$B$1:$D$1,0)) -> Tên KPI [Nhập: VI/JP/CN] | E4: =INDEX(_翻訳マスタ!$B$2:$D$300,MATCH("KPI_COL_NAME",_翻訳マスタ!$A$2:$A$300,0),MATCH(言語切替!$B$3,_翻訳マスタ!$B$1:$D$1,0))&INDEX(_翻訳マスタ!$B$2:$D$300,MATCH("NEW_VI_SUFFIX",_翻訳マスタ!$A$2:$A$300,0),MATCH(言語切替!$B$3,_翻訳マスタ!$B$1:$D$1,0)) -> Tên KPI (VI) | F4: =INDEX(_翻訳マスタ!$B$2:$D$300,MATCH("KPI_COL_NAME",_翻訳マスタ!$A$2:$A$300,0),MATCH(言語切替!$B$3,_翻訳マスタ!$B$1:$D$1,0))&INDEX(_翻訳マスタ!$B$2:$D$300,MATCH("NEW_JP_SUFFIX",_翻訳マスタ!$A$2:$A$300,0),MATCH(言語切替!$B$3,_翻訳マスタ!$B$1:$D$1,0)) -> Tên KPI (JP) | G4: =INDEX(_翻訳マスタ!$B$2:$D$300,MATCH("KPI_COL_NAME",_翻訳マスタ!$A$2:$A$300,0),MATCH(言語切替!$B$3,_翻訳マスタ!$B$1:$D$1,0))&INDEX(_翻訳マスタ!$B$2:$D$300,MATCH("NEW_CN_SUFFIX",_翻訳マスタ!$A$2:$A$300,0),MATCH(言語切替!$B$3,_翻訳マスタ!$B$1:$D$1,0)) -> Tên KPI (CN) | H4: =INDEX(_翻訳マスタ!$B$2:$D$300,MATCH("KPI_COL_PURPOSE",_翻訳マスタ!$A$2:$A$300,0),MATCH(言語切替!$B$3,_翻訳マスタ!$B$1:$D$1,0))&INDEX(_翻訳マスタ!$B$2:$D$300,MATCH("NEW_INPUT_SUFFIX",_翻訳マスタ!$A$2:$A$300,0),MATCH(言語切替!$B$3,_翻訳マスタ!$B$1:$D$1,0)) -> Mục đích [Nhập: VI/JP/CN] | I4: =INDEX(_翻訳マスタ!$B$2:$D$300,MATCH("KPI_COL_PURPOSE",_翻訳マスタ!$A$2:$A$300,0),MATCH(言語切替!$B$3,_翻訳マスタ!$B$1:$D$1,0))&INDEX(_翻訳マスタ!$B$2:$D$300,MATCH("NEW_VI_SUFFIX",_翻訳マスタ!$A$2:$A$300,0),MATCH(言語切替!$B$3,_翻訳マスタ!$B$1:$D$1,0)) -> Mục đích (VI) | J4: =INDEX(_翻訳マスタ!$B$2:$D$300,MATCH("KPI_COL_PURPOSE",_翻訳マスタ!$A$2:$A$300,0),MATCH(言語切替!$B$3,_翻訳マスタ!$B$1:$D$1,0))&INDEX(_翻訳マスタ!$B$2:$D$300,MATCH("NEW_JP_SUFFIX",_翻訳マスタ!$A$2:$A$300,0),MATCH(言語切替!$B$3,_翻訳マスタ!$B$1:$D$1,0)) -> Mục đích (JP) | K4: =INDEX(_翻訳マスタ!$B$2:$D$300,MATCH("KPI_COL_PURPOSE",_翻訳マスタ!$A$2:$A$300,0),MATCH(言語切替!$B$3,_翻訳マスタ!$B$1:$D$1,0))&INDEX(_翻訳マスタ!$B$2:$D$300,MATCH("NEW_CN_SUFFIX",_翻訳マスタ!$A$2:$A$300,0),MATCH(言語切替!$B$3,_翻訳マスタ!$B$1:$D$1,0)) -> Mục đích (CN) | L4: =INDEX(_翻訳マスタ!$B$2:$D$300,MATCH("KPI_COL_FORMULA",_翻訳マスタ!$A$2:$A$300,0),MATCH(言語切替!$B$3,_翻訳マスタ!$B$1:$D$1,0))&INDEX(_翻訳マスタ!$B$2:$D$300,MATCH("NEW_INPUT_SUFFIX",_翻訳マスタ!$A$2:$A$300,0),MATCH(言語切替!$B$3,_翻訳マスタ!$B$1:$D$1,0)) -> Định nghĩa / Công thức [Nhập: VI/JP/CN] | M4: =INDEX(_翻訳マスタ!$B$2:$D$300,MATCH("KPI_COL_FORMULA",_翻訳マスタ!$A$2:$A$300,0),MATCH(言語切替!$B$3,_翻訳マスタ!$B$1:$D$1,0))&INDEX(_翻訳マスタ!$B$2:$D$300,MATCH("NEW_VI_SUFFIX",_翻訳マスタ!$A$2:$A$300,0),MATCH(言語切替!$B$3,_翻訳マスタ!$B$1:$D$1,0)) -> Định nghĩa / Công thức (VI) | N4: =INDEX(_翻訳マスタ!$B$2:$D$300,MATCH("KPI_COL_FORMULA",_翻訳マスタ!$A$2:$A$300,0),MATCH(言語切替!$B$3,_翻訳マスタ!$B$1:$D$1,0))&INDEX(_翻訳マスタ!$B$2:$D$300,MATCH("NEW_JP_SUFFIX",_翻訳マスタ!$A$2:$A$300,0),MATCH(言語切替!$B$3,_翻訳マスタ!$B$1:$D$1,0)) -> Định nghĩa / Công thức (JP) | O4: =INDEX(_翻訳マスタ!$B$2:$D$300,MATCH("KPI_COL_FORMULA",_翻訳マスタ!$A$2:$A$300,0),MATCH(言語切替!$B$3,_翻訳マスタ!$B$1:$D$1,0))&INDEX(_翻訳マスタ!$B$2:$D$300,MATCH("NEW_CN_SUFFIX",_翻訳マスタ!$A$2:$A$300,0),MATCH(言語切替!$B$3,_翻訳マスタ!$B$1:$D$1,0)) -> Định nghĩa / Công thức (CN) | P4: =INDEX(_翻訳マスタ!$B$117:$D$247,MATCH("KPI_COL_UNIT",_翻訳マスタ!$A$117:$A$247,0),MATCH(言語切替!$B$3,_翻訳マスタ!$B$1:$D$1,0)) -> Đơn vị tính | Q4: =INDEX(_翻訳マスタ!$B$117:$D$247,MATCH("KPI_COL_FREQ",_翻訳マスタ!$A$117:$A$247,0),MATCH(言語切替!$B$3,_翻訳マスタ!$B$1:$D$1,0)) -> Tần suất đo lường | R4: =INDEX(_翻訳マスタ!$B$117:$D$247,MATCH("KPI_COL_SOURCE",_翻訳マスタ!$A$117:$A$247,0),MATCH(言語切替!$B$3,_翻訳マスタ!$B$1:$D$1,0)) -> Nguồn dữ liệu | S4: =INDEX(_翻訳マスタ!$B$117:$D$247,MATCH("KPI_COL_OWNER",_翻訳マスタ!$A$117:$A$247,0),MATCH(言語切替!$B$3,_翻訳マスタ!$B$1:$D$1,0)) -> Người phụ trách | T4: =INDEX(_翻訳マスタ!$B$117:$D$247,MATCH("KPI_COL_BASE",_翻訳マスタ!$A$117:$A$247,0),MATCH(言語切替!$B$3,_翻訳マスタ!$B$1:$D$1,0)) -> Giá trị cơ sở | U4: =INDEX(_翻訳マスタ!$B$117:$D$247,MATCH("KPI_COL_TARGET",_翻訳マスタ!$A$117:$A$247,0),MATCH(言語切替!$B$3,_翻訳マスタ!$B$1:$D$1,0)) -> Giá trị mục tiêu | V4: =INDEX(_翻訳マスタ!$B$117:$D$247,MATCH("KPI_COL_ACTUAL",_翻訳マスタ!$A$117:$A$247,0),MATCH(言語切替!$B$3,_翻訳マスタ!$B$1:$D$1,0)) -> Giá trị thực tế | W4: =INDEX(_翻訳マスタ!$B$117:$D$247,MATCH("KPI_COL_RATE",_翻訳マスタ!$A$117:$A$247,0),MATCH(言語切替!$B$3,_翻訳マスタ!$B$1:$D$1,0)) -> Tỷ lệ đạt | X4: =INDEX(_翻訳マスタ!$B$117:$D$247,MATCH("KPI_COL_JUDGE",_翻訳マスタ!$A$117:$A$247,0),MATCH(言語切替!$B$3,_翻訳マスタ!$B$1:$D$1,0)) -> Đánh giá | Y4: =INDEX(_翻訳マスタ!$B$117:$D$247,MATCH("KPI_COL_DATE",_翻訳マスタ!$A$117:$A$247,0),MATCH(言語切替!$B$3,_翻訳マスタ!$B$1:$D$1,0)) -> Ngày đo | Z4: =INDEX(_翻訳マスタ!$B$2:$D$300,MATCH("KPI_COL_ACTION",_翻訳マスタ!$A$2:$A$300,0),MATCH(言語切替!$B$3,_翻訳マスタ!$B$1:$D$1,0))&INDEX(_翻訳マスタ!$B$2:$D$300,MATCH("NEW_INPUT_SUFFIX",_翻訳マスタ!$A$2:$A$300,0),MATCH(言語切替!$B$3,_翻訳マスタ!$B$1:$D$1,0)) -> Hành động tiếp theo [Nhập: VI/JP/CN] | AA4: =INDEX(_翻訳マスタ!$B$2:$D$300,MATCH("KPI_COL_ACTION",_翻訳マスタ!$A$2:$A$300,0),MATCH(言語切替!$B$3,_翻訳マスタ!$B$1:$D$1,0))&INDEX(_翻訳マスタ!$B$2:$D$300,MATCH("NEW_VI_SUFFIX",_翻訳マスタ!$A$2:$A$300,0),MATCH(言語切替!$B$3,_翻訳マスタ!$B$1:$D$1,0)) -> Hành động tiếp theo (VI) | AB4: =INDEX(_翻訳マスタ!$B$2:$D$300,MATCH("KPI_COL_ACTION",_翻訳マスタ!$A$2:$A$300,0),MATCH(言語切替!$B$3,_翻訳マスタ!$B$1:$D$1,0))&INDEX(_翻訳マスタ!$B$2:$D$300,MATCH("NEW_JP_SUFFIX",_翻訳マスタ!$A$2:$A$300,0),MATCH(言語切替!$B$3,_翻訳マスタ!$B$1:$D$1,0)) -> Hành động tiếp theo (JP) | AC4: =INDEX(_翻訳マスタ!$B$2:$D$300,MATCH("KPI_COL_ACTION",_翻訳マスタ!$A$2:$A$300,0),MATCH(言語切替!$B$3,_翻訳マスタ!$B$1:$D$1,0))&INDEX(_翻訳マスタ!$B$2:$D$300,MATCH("NEW_CN_SUFFIX",_翻訳マスタ!$A$2:$A$300,0),MATCH(言語切替!$B$3,_翻訳マスタ!$B$1:$D$1,0)) -> Hành động tiếp theo (CN) | AD4: =INDEX(_翻訳マスタ!$B$2:$D$300,MATCH("KPI_COL_NOTE",_翻訳マスタ!$A$2:$A$300,0),MATCH(言語切替!$B$3,_翻訳マスタ!$B$1:$D$1,0))&INDEX(_翻訳マスタ!$B$2:$D$300,MATCH("NEW_INPUT_SUFFIX",_翻訳マスタ!$A$2:$A$300,0),MATCH(言語切替!$B$3,_翻訳マスタ!$B$1:$D$1,0)) -> Ghi chú [Nhập: VI/JP/CN] | AE4: =INDEX(_翻訳マスタ!$B$2:$D$300,MATCH("KPI_COL_NOTE",_翻訳マスタ!$A$2:$A$300,0),MATCH(言語切替!$B$3,_翻訳マスタ!$B$1:$D$1,0))&INDEX(_翻訳マスタ!$B$2:$D$300,MATCH("NEW_VI_SUFFIX",_翻訳マスタ!$A$2:$A$300,0),MATCH(言語切替!$B$3,_翻訳マスタ!$B$1:$D$1,0)) -> Ghi chú (VI) | AF4: =INDEX(_翻訳マスタ!$B$2:$D$300,MATCH("KPI_COL_NOTE",_翻訳マスタ!$A$2:$A$300,0),MATCH(言語切替!$B$3,_翻訳マスタ!$B$1:$D$1,0))&INDEX(_翻訳マスタ!$B$2:$D$300,MATCH("NEW_JP_SUFFIX",_翻訳マスタ!$A$2:$A$300,0),MATCH(言語切替!$B$3,_翻訳マスタ!$B$1:$D$1,0)) -> Ghi chú (JP) | AG4: =INDEX(_翻訳マスタ!$B$2:$D$300,MATCH("KPI_COL_NOTE",_翻訳マスタ!$A$2:$A$300,0),MATCH(言語切替!$B$3,_翻訳マスタ!$B$1:$D$1,0))&INDEX(_翻訳マスタ!$B$2:$D$300,MATCH("NEW_CN_SUFFIX",_翻訳マスタ!$A$2:$A$300,0),MATCH(言語切替!$B$3,_翻訳マスタ!$B$1:$D$1,0)) -> Ghi chú (CN)
A5: KPI-001 | B5: ='02_マスタ'!$A$9 -> WG-4 | C5: ='02_マスタ'!$K$5 -> Thiết lập nền tảng | D5: =INDEX(_翻訳マスタ!$D$2:$D$300,MATCH("KPI_EX1_NAME",_翻訳マスタ!$A$2:$A$300,0)) -> Tỷ lệ hoàn thiện BOP | E5: =IF(D5="","",_xlfn.TRANSLATE(D5,"","vi")) -> Tỷ lệ hoàn thiện BOP | F5: =IF(D5="","",_xlfn.TRANSLATE(D5,"","ja")) -> BOP完了率 | G5: =IF(D5="","",_xlfn.TRANSLATE(D5,"","zh-Hans")) -> 防弹执行完成率 | H5: =INDEX(_翻訳マスタ!$D$2:$D$300,MATCH("KPI_EX1_PURPOSE",_翻訳マスタ!$A$2:$A$300,0)) -> Thiết lập nền tảng chỉ dẫn công việc | I5: =IF(H5="","",_xlfn.TRANSLATE(H5,"","vi")) -> Thiết lập nền tảng chỉ dẫn công việc | J5: =IF(H5="","",_xlfn.TRANSLATE(H5,"","ja")) -> ジョブガイダンスプラットフォームの立ち上げ | K5: =IF(H5="","",_xlfn.TRANSLATE(H5,"","zh-Hans")) -> 建立职业指导平台 | L5: =INDEX(_翻訳マスタ!$D$2:$D$300,MATCH("KPI_EX1_FORMULA",_翻訳マスタ!$A$2:$A$300,0)) -> Số BOP hợp lệ ÷ Số linh kiện mục tiêu | M5: =IF(L5="","",_xlfn.TRANSLATE(L5,"","vi")) -> Số BOP hợp lệ ÷ Số linh kiện mục tiêu | N5: =IF(L5="","",_xlfn.TRANSLATE(L5,"","ja")) -> 有効なBOP番号÷ターゲットコンポーネント番号 | O5: =IF(L5="","",_xlfn.TRANSLATE(L5,"","zh-Hans")) -> 有效的BOP编号÷目标组件编号 | P5: % | Q5: =INDEX(_翻訳マスタ!$B$117:$D$247,MATCH("KPI_FREQ_MONTH",_翻訳マスタ!$A$117:$A$247,0),MATCH(言語切替!$B$3,_翻訳マスタ!$B$1:$D$1,0)) -> Hàng tháng | R5: PLM | S5: WG Leader | W5: =IF(OR(U5="",V5=""),"",IF(U5=0,"",V5/U5)) | X5: =IF(A5="","",IF(W5="",INDEX(_翻訳マスタ!$B$89:$D$89,1,MATCH(言語切替!$B$3,_翻訳マスタ!$B$1:$D$1,0)),IF(W5>=1,INDEX(_翻訳マスタ!$B$93:$D$93,1,MATCH(言語切替!$B$3,_翻訳マスタ!$B$1:$D$1,0)),IF(W5>=0.8,INDEX(_翻訳マスタ!$B$91:$D$91,1,MATCH(言語切替!$B$3,_翻訳マスタ!$B$1:$D$1,0)),INDEX(_翻訳マスタ!$B$94:$D$94,1,MATCH(言語切替!$B$3,_翻訳マスタ!$B$1:$D$1,0)))))) -> Chưa thiết lập | Z5: =INDEX(_翻訳マスタ!$D$2:$D$300,MATCH("KPI_EX1_ACTION",_翻訳マスタ!$A$2:$A$300,0)) -> Xác định định nghĩa và phạm vi mục tiêu | AA5: =IF(Z5="","",_xlfn.TRANSLATE(Z5,"","vi")) -> Xác định định nghĩa và phạm vi mục tiêu | AB5: =IF(Z5="","",_xlfn.TRANSLATE(Z5,"","ja")) -> 対象の定義と範囲を定義してください | AC5: =IF(Z5="","",_xlfn.TRANSLATE(Z5,"","zh-Hans")) -> 定义目标的定义和范围 | AD5: =INDEX(_翻訳マスタ!$D$2:$D$300,MATCH("COMMON_EXAMPLE",_翻訳マスタ!$A$2:$A$300,0)) -> Ví dụ nhập liệu | AE5: =IF(AD5="","",_xlfn.TRANSLATE(AD5,"","vi")) -> Ví dụ nhập liệu | AF5: =IF(AD5="","",_xlfn.TRANSLATE(AD5,"","ja")) -> データ入力の例 | AG5: =IF(AD5="","",_xlfn.TRANSLATE(AD5,"","zh-Hans")) -> 数据录入示例
A6: KPI-002 | B6: ='02_マスタ'!$A$10 -> WG-5 | C6: ='02_マスタ'!$K$6 -> Vận hành ổn định | D6: =INDEX(_翻訳マスタ!$D$2:$D$300,MATCH("KPI_EX2_NAME",_翻訳マスタ!$A$2:$A$300,0)) -> Tỷ lệ chỉnh sửa thủ công | E6: =IF(D6="","",_xlfn.TRANSLATE(D6,"","vi")) -> Tỷ lệ chỉnh sửa thủ công | F6: =IF(D6="","",_xlfn.TRANSLATE(D6,"","ja")) -> 手動編集速度 | G6: =IF(D6="","",_xlfn.TRANSLATE(D6,"","zh-Hans")) -> 手动编辑速率 | H6: =INDEX(_翻訳マスタ!$D$2:$D$300,MATCH("KPI_EX2_PURPOSE",_翻訳マスタ!$A$2:$A$300,0)) -> Xác nhận độ ổn định vận hành | I6: =IF(H6="","",_xlfn.TRANSLATE(H6,"","vi")) -> Xác nhận độ ổn định vận hành | J6: =IF(H6="","",_xlfn.TRANSLATE(H6,"","ja")) -> 運用安定性を確認 | K6: =IF(H6="","",_xlfn.TRANSLATE(H6,"","zh-Hans")) -> 确认作战稳定性 | L6: =INDEX(_翻訳マスタ!$D$2:$D$300,MATCH("KPI_EX2_FORMULA",_翻訳マスタ!$A$2:$A$300,0)) -> Số lượt chỉnh sửa thủ công ÷ Tổng số lượt thực hiện | M6: =IF(L6="","",_xlfn.TRANSLATE(L6,"","vi")) -> Số lượt chỉnh sửa thủ công ÷ Tổng số lượt thực hiện | N6: =IF(L6="","",_xlfn.TRANSLATE(L6,"","ja")) -> 手動編集÷トータルアクション | O6: =IF(L6="","",_xlfn.TRANSLATE(L6,"","zh-Hans")) -> 手动编辑÷全行动 | P6: % | Q6: =INDEX(_翻訳マスタ!$B$117:$D$247,MATCH("KPI_FREQ_MONTH",_翻訳マスタ!$A$117:$A$247,0),MATCH(言語切替!$B$3,_翻訳マスタ!$B$1:$D$1,0)) -> Hàng tháng | R6: MOM | S6: WG Leader | W6: =IF(OR(U6="",V6=""),"",IF(U6=0,"",V6/U6)) | X6: =IF(A6="","",IF(W6="",INDEX(_翻訳マスタ!$B$89:$D$89,1,MATCH(言語切替!$B$3,_翻訳マスタ!$B$1:$D$1,0)),IF(W6>=1,INDEX(_翻訳マスタ!$B$93:$D$93,1,MATCH(言語切替!$B$3,_翻訳マスタ!$B$1:$D$1,0)),IF(W6>=0.8,INDEX(_翻訳マスタ!$B$91:$D$91,1,MATCH(言語切替!$B$3,_翻訳マスタ!$B$1:$D$1,0)),INDEX(_翻訳マスタ!$B$94:$D$94,1,MATCH(言語切替!$B$3,_翻訳マスタ!$B$1:$D$1,0)))))) -> Chưa thiết lập | Z6: =INDEX(_翻訳マスタ!$D$2:$D$300,MATCH("KPI_EX2_ACTION",_翻訳マスタ!$A$2:$A$300,0)) -> Xác định phương pháp đo lường | AA6: =IF(Z6="","",_xlfn.TRANSLATE(Z6,"","vi")) -> Xác định phương pháp đo lường | AB6: =IF(Z6="","",_xlfn.TRANSLATE(Z6,"","ja")) -> 測定方法の決定 | AC6: =IF(Z6="","",_xlfn.TRANSLATE(Z6,"","zh-Hans")) -> 测量方法的确定 | AD6: =INDEX(_翻訳マスタ!$D$2:$D$300,MATCH("COMMON_EXAMPLE",_翻訳マスタ!$A$2:$A$300,0)) -> Ví dụ nhập liệu | AE6: =IF(AD6="","",_xlfn.TRANSLATE(AD6,"","vi")) -> Ví dụ nhập liệu | AF6: =IF(AD6="","",_xlfn.TRANSLATE(AD6,"","ja")) -> データ入力の例 | AG6: =IF(AD6="","",_xlfn.TRANSLATE(AD6,"","zh-Hans")) -> 数据录入示例
A7: KPI-003 | B7: ='02_マスタ'!$A$12 -> WG-7 | C7: ='02_マスタ'!$K$7 -> Kết quả nghiệp vụ | D7: =INDEX(_翻訳マスタ!$D$2:$D$300,MATCH("KPI_EX3_NAME",_翻訳マスタ!$A$2:$A$300,0)) -> Thời gian chuẩn bị giao hàng (LT) | E7: =IF(D7="","",_xlfn.TRANSLATE(D7,"","vi")) -> Thời gian chuẩn bị giao hàng (LT) | F7: =IF(D7="","",_xlfn.TRANSLATE(D7,"","ja")) -> 出産準備の時間(LT) | G7: =IF(D7="","",_xlfn.TRANSLATE(D7,"","zh-Hans")) -> 准备分娩（LT） | H7: =INDEX(_翻訳マスタ!$D$2:$D$300,MATCH("KPI_EX3_PURPOSE",_翻訳マスタ!$A$2:$A$300,0)) -> Cải thiện hiệu quả nghiệp vụ giao hàng | I7: =IF(H7="","",_xlfn.TRANSLATE(H7,"","vi")) -> Cải thiện hiệu quả nghiệp vụ giao hàng | J7: =IF(H7="","",_xlfn.TRANSLATE(H7,"","ja")) -> 配送効率の向上 | K7: =IF(H7="","",_xlfn.TRANSLATE(H7,"","zh-Hans")) -> 提高配送效率 | L7: =INDEX(_翻訳マスタ!$D$2:$D$300,MATCH("KPI_EX3_FORMULA",_翻訳マスタ!$A$2:$A$300,0)) -> Trung vị thời gian từ khi hoàn thành đến khi xuất hàng | M7: =IF(L7="","",_xlfn.TRANSLATE(L7,"","vi")) -> Trung vị thời gian từ khi hoàn thành đến khi xuất hàng | N7: =IF(L7="","",_xlfn.TRANSLATE(L7,"","ja")) -> 完成から出荷までの中央値時間 | O7: =IF(L7="","",_xlfn.TRANSLATE(L7,"","zh-Hans")) -> 从完成到发货的中位时间 | P7: =INDEX(_翻訳マスタ!$B$117:$D$247,MATCH("KPI_UNIT_TIME",_翻訳マスタ!$A$117:$A$247,0),MATCH(言語切替!$B$3,_翻訳マスタ!$B$1:$D$1,0)) -> Giờ | Q7: =INDEX(_翻訳マスタ!$B$117:$D$247,MATCH("KPI_FREQ_MONTH",_翻訳マスタ!$A$117:$A$247,0),MATCH(言語切替!$B$3,_翻訳マスタ!$B$1:$D$1,0)) -> Hàng tháng | R7: =INDEX(_翻訳マスタ!$B$117:$D$247,MATCH("KPI_SRC_ACTUAL",_翻訳マスタ!$A$117:$A$247,0),MATCH(言語切替!$B$3,_翻訳マスタ!$B$1:$D$1,0)) -> Thực tế hiện trường | S7: WG Leader | W7: =IF(OR(U7="",V7=""),"",IF(U7=0,"",V7/U7)) | X7: =IF(A7="","",IF(W7="",INDEX(_翻訳マスタ!$B$89:$D$89,1,MATCH(言語切替!$B$3,_翻訳マスタ!$B$1:$D$1,0)),IF(W7>=1,INDEX(_翻訳マスタ!$B$93:$D$93,1,MATCH(言語切替!$B$3,_翻訳マスタ!$B$1:$D$1,0)),IF(W7>=0.8,INDEX(_翻訳マスタ!$B$91:$D$91,1,MATCH(言語切替!$B$3,_翻訳マスタ!$B$1:$D$1,0)),INDEX(_翻訳マスタ!$B$94:$D$94,1,MATCH(言語切替!$B$3,_翻訳マスタ!$B$1:$D$1,0)))))) -> Chưa thiết lập | Z7: =INDEX(_翻訳マスタ!$D$2:$D$300,MATCH("KPI_EX3_ACTION",_翻訳マスタ!$A$2:$A$300,0)) -> Thu thập giá trị hiện tại | AA7: =IF(Z7="","",_xlfn.TRANSLATE(Z7,"","vi")) -> Thu thập giá trị hiện tại | AB7: =IF(Z7="","",_xlfn.TRANSLATE(Z7,"","ja")) -> 現在の価値を回収する | AC7: =IF(Z7="","",_xlfn.TRANSLATE(Z7,"","zh-Hans")) -> 收集当前价值 | AD7: =INDEX(_翻訳マスタ!$D$2:$D$300,MATCH("COMMON_EXAMPLE",_翻訳マスタ!$A$2:$A$300,0)) -> Ví dụ nhập liệu | AE7: =IF(AD7="","",_xlfn.TRANSLATE(AD7,"","vi")) -> Ví dụ nhập liệu | AF7: =IF(AD7="","",_xlfn.TRANSLATE(AD7,"","ja")) -> データ入力の例 | AG7: =IF(AD7="","",_xlfn.TRANSLATE(AD7,"","zh-Hans")) -> 数据录入示例
A8: KPI-004 | B8: ='02_マスタ'!$A$5 -> Toàn bộ | C8: ='02_マスタ'!$K$8 -> Kết quả đầu tư | D8: =INDEX(_翻訳マスタ!$D$2:$D$300,MATCH("KPI_EX4_NAME",_翻訳マスタ!$A$2:$A$300,0)) -> Giá trị hiệu quả ròng hàng năm | E8: =IF(D8="","",_xlfn.TRANSLATE(D8,"","vi")) -> Giá trị hiệu quả ròng hàng năm | F8: =IF(D8="","",_xlfn.TRANSLATE(D8,"","ja")) -> 年間純実効価値 | G8: =IF(D8="","",_xlfn.TRANSLATE(D8,"","zh-Hans")) -> 年度净有效价值 | H8: =INDEX(_翻訳マスタ!$D$2:$D$300,MATCH("KPI_EX4_PURPOSE",_翻訳マスタ!$A$2:$A$300,0)) -> Đánh giá quyết định đầu tư | I8: =IF(H8="","",_xlfn.TRANSLATE(H8,"","vi")) -> Đánh giá quyết định đầu tư | J8: =IF(H8="","",_xlfn.TRANSLATE(H8,"","ja")) -> 投資判断の評価 | K8: =IF(H8="","",_xlfn.TRANSLATE(H8,"","zh-Hans")) -> 投资决策评估 | L8: =INDEX(_翻訳マスタ!$D$2:$D$300,MATCH("KPI_EX4_FORMULA",_翻訳マスタ!$A$2:$A$300,0)) -> Hiệu quả nhân công + chất lượng + tồn kho + tránh dừng máy - chi phí duy trì hàng năm | M8: =IF(L8="","",_xlfn.TRANSLATE(L8,"","vi")) -> Hiệu quả nhân công + chất lượng + tồn kho + tránh dừng máy - chi phí duy trì hàng năm | N8: =IF(L8="","",_xlfn.TRANSLATE(L8,"","ja")) -> 労働効率+品質+在庫+ダウンタイム回避-年間メンテナンスコスト | O8: =IF(L8="","",_xlfn.TRANSLATE(L8,"","zh-Hans")) -> 劳动效率 + 质量 + 库存 + 避免停机 - 年度维护成本 | P8: =INDEX(_翻訳マスタ!$B$117:$D$247,MATCH("KPI_UNIT_MONEY",_翻訳マスタ!$A$117:$A$247,0),MATCH(言語切替!$B$3,_翻訳マスタ!$B$1:$D$1,0)) -> Số tiền | Q8: =INDEX(_翻訳マスタ!$B$117:$D$247,MATCH("KPI_FREQ_QUARTER",_翻訳マスタ!$A$117:$A$247,0),MATCH(言語切替!$B$3,_翻訳マスタ!$B$1:$D$1,0)) -> Hàng quý | R8: =INDEX(_翻訳マスタ!$B$117:$D$247,MATCH("KPI_SRC_WG_SUM",_翻訳マスタ!$A$117:$A$247,0),MATCH(言語切替!$B$3,_翻訳マスタ!$B$1:$D$1,0)) -> Tổng hợp từ các WG | S8: =INDEX(_翻訳マスタ!$B$117:$D$247,MATCH("ROLE_PMO",_翻訳マスタ!$A$117:$A$247,0),MATCH(言語切替!$B$3,_翻訳マスタ!$B$1:$D$1,0)) -> Ban điều hành | W8: =IF(OR(U8="",V8=""),"",IF(U8=0,"",V8/U8)) | X8: =IF(A8="","",IF(W8="",INDEX(_翻訳マスタ!$B$89:$D$89,1,MATCH(言語切替!$B$3,_翻訳マスタ!$B$1:$D$1,0)),IF(W8>=1,INDEX(_翻訳マスタ!$B$93:$D$93,1,MATCH(言語切替!$B$3,_翻訳マスタ!$B$1:$D$1,0)),IF(W8>=0.8,INDEX(_翻訳マスタ!$B$91:$D$91,1,MATCH(言語切替!$B$3,_翻訳マスタ!$B$1:$D$1,0)),INDEX(_翻訳マスタ!$B$94:$D$94,1,MATCH(言語切替!$B$3,_翻訳マスタ!$B$1:$D$1,0)))))) -> Chưa thiết lập | Z8: =INDEX(_翻訳マスタ!$D$2:$D$300,MATCH("KPI_EX4_ACTION",_翻訳マスタ!$A$2:$A$300,0)) -> Xác định quy tắc tính toán | AA8: =IF(Z8="","",_xlfn.TRANSLATE(Z8,"","vi")) -> Xác định quy tắc tính toán | AB8: =IF(Z8="","",_xlfn.TRANSLATE(Z8,"","ja")) -> 計算ルールを定義する | AC8: =IF(Z8="","",_xlfn.TRANSLATE(Z8,"","zh-Hans")) -> 定义计算规则 | AD8: =INDEX(_翻訳マスタ!$D$2:$D$300,MATCH("COMMON_EXAMPLE",_翻訳マスタ!$A$2:$A$300,0)) -> Ví dụ nhập liệu | AE8: =IF(AD8="","",_xlfn.TRANSLATE(AD8,"","vi")) -> Ví dụ nhập liệu | AF8: =IF(AD8="","",_xlfn.TRANSLATE(AD8,"","ja")) -> データ入力の例 | AG8: =IF(AD8="","",_xlfn.TRANSLATE(AD8,"","zh-Hans")) -> 数据录入示例
E9: =IF(D9="","",_xlfn.TRANSLATE(D9,"","vi")) | F9: =IF(D9="","",_xlfn.TRANSLATE(D9,"","ja")) | G9: =IF(D9="","",_xlfn.TRANSLATE(D9,"","zh-Hans")) | H9: tôi tên là | I9: =IF(H9="","",_xlfn.TRANSLATE(H9,"","vi")) -> tôi tên là | J9: =IF(H9="","",_xlfn.TRANSLATE(H9,"","ja")) -> 私の名前は | K9: =IF(H9="","",_xlfn.TRANSLATE(H9,"","zh-Hans")) -> 我的名字是 | M9: =IF(L9="","",_xlfn.TRANSLATE(L9,"","vi")) | N9: =IF(L9="","",_xlfn.TRANSLATE(L9,"","ja")) | O9: =IF(L9="","",_xlfn.TRANSLATE(L9,"","zh-Hans")) | W9: =IF(OR(U9="",V9=""),"",IF(U9=0,"",V9/U9)) | X9: =IF(A9="","",IF(W9="",INDEX(_翻訳マスタ!$B$89:$D$89,1,MATCH(言語切替!$B$3,_翻訳マスタ!$B$1:$D$1,0)),IF(W9>=1,INDEX(_翻訳マスタ!$B$93:$D$93,1,MATCH(言語切替!$B$3,_翻訳マスタ!$B$1:$D$1,0)),IF(W9>=0.8,INDEX(_翻訳マスタ!$B$91:$D$91,1,MATCH(言語切替!$B$3,_翻訳マスタ!$B$1:$D$1,0)),INDEX(_翻訳マスタ!$B$94:$D$94,1,MATCH(言語切替!$B$3,_翻訳マスタ!$B$1:$D$1,0)))))) | AA9: =IF(Z9="","",_xlfn.TRANSLATE(Z9,"","vi")) | AB9: =IF(Z9="","",_xlfn.TRANSLATE(Z9,"","ja")) | AC9: =IF(Z9="","",_xlfn.TRANSLATE(Z9,"","zh-Hans")) | AE9: =IF(AD9="","",_xlfn.TRANSLATE(AD9,"","vi")) | AF9: =IF(AD9="","",_xlfn.TRANSLATE(AD9,"","ja")) | AG9: =IF(AD9="","",_xlfn.TRANSLATE(AD9,"","zh-Hans"))
E10: =IF(D10="","",_xlfn.TRANSLATE(D10,"","vi")) | F10: =IF(D10="","",_xlfn.TRANSLATE(D10,"","ja")) | G10: =IF(D10="","",_xlfn.TRANSLATE(D10,"","zh-Hans")) | I10: =IF(H10="","",_xlfn.TRANSLATE(H10,"","vi")) | J10: =IF(H10="","",_xlfn.TRANSLATE(H10,"","ja")) | K10: =IF(H10="","",_xlfn.TRANSLATE(H10,"","zh-Hans")) | M10: =IF(L10="","",_xlfn.TRANSLATE(L10,"","vi")) | N10: =IF(L10="","",_xlfn.TRANSLATE(L10,"","ja")) | O10: =IF(L10="","",_xlfn.TRANSLATE(L10,"","zh-Hans")) | W10: =IF(OR(U10="",V10=""),"",IF(U10=0,"",V10/U10)) | X10: =IF(A10="","",IF(W10="",INDEX(_翻訳マスタ!$B$89:$D$89,1,MATCH(言語切替!$B$3,_翻訳マスタ!$B$1:$D$1,0)),IF(W10>=1,INDEX(_翻訳マスタ!$B$93:$D$93,1,MATCH(言語切替!$B$3,_翻訳マスタ!$B$1:$D$1,0)),IF(W10>=0.8,INDEX(_翻訳マスタ!$B$91:$D$91,1,MATCH(言語切替!$B$3,_翻訳マスタ!$B$1:$D$1,0)),INDEX(_翻訳マスタ!$B$94:$D$94,1,MATCH(言語切替!$B$3,_翻訳マスタ!$B$1:$D$1,0)))))) | AA10: =IF(Z10="","",_xlfn.TRANSLATE(Z10,"","vi")) | AB10: =IF(Z10="","",_xlfn.TRANSLATE(Z10,"","ja")) | AC10: =IF(Z10="","",_xlfn.TRANSLATE(Z10,"","zh-Hans")) | AE10: =IF(AD10="","",_xlfn.TRANSLATE(AD10,"","vi")) | AF10: =IF(AD10="","",_xlfn.TRANSLATE(AD10,"","ja")) | AG10: =IF(AD10="","",_xlfn.TRANSLATE(AD10,"","zh-Hans"))
E11: =IF(D11="","",_xlfn.TRANSLATE(D11,"","vi")) | F11: =IF(D11="","",_xlfn.TRANSLATE(D11,"","ja")) | G11: =IF(D11="","",_xlfn.TRANSLATE(D11,"","zh-Hans")) | I11: =IF(H11="","",_xlfn.TRANSLATE(H11,"","vi")) | J11: =IF(H11="","",_xlfn.TRANSLATE(H11,"","ja")) | K11: =IF(H11="","",_xlfn.TRANSLATE(H11,"","zh-Hans")) | M11: =IF(L11="","",_xlfn.TRANSLATE(L11,"","vi")) | N11: =IF(L11="","",_xlfn.TRANSLATE(L11,"","ja")) | O11: =IF(L11="","",_xlfn.TRANSLATE(L11,"","zh-Hans")) | W11: =IF(OR(U11="",V11=""),"",IF(U11=0,"",V11/U11)) | X11: =IF(A11="","",IF(W11="",INDEX(_翻訳マスタ!$B$89:$D$89,1,MATCH(言語切替!$B$3,_翻訳マスタ!$B$1:$D$1,0)),IF(W11>=1,INDEX(_翻訳マスタ!$B$93:$D$93,1,MATCH(言語切替!$B$3,_翻訳マスタ!$B$1:$D$1,0)),IF(W11>=0.8,INDEX(_翻訳マスタ!$B$91:$D$91,1,MATCH(言語切替!$B$3,_翻訳マスタ!$B$1:$D$1,0)),INDEX(_翻訳マスタ!$B$94:$D$94,1,MATCH(言語切替!$B$3,_翻訳マスタ!$B$1:$D$1,0)))))) | AA11: =IF(Z11="","",_xlfn.TRANSLATE(Z11,"","vi")) | AB11: =IF(Z11="","",_xlfn.TRANSLATE(Z11,"","ja")) | AC11: =IF(Z11="","",_xlfn.TRANSLATE(Z11,"","zh-Hans")) | AE11: =IF(AD11="","",_xlfn.TRANSLATE(AD11,"","vi")) | AF11: =IF(AD11="","",_xlfn.TRANSLATE(AD11,"","ja")) | AG11: =IF(AD11="","",_xlfn.TRANSLATE(AD11,"","zh-Hans"))
E12: =IF(D12="","",_xlfn.TRANSLATE(D12,"","vi")) | F12: =IF(D12="","",_xlfn.TRANSLATE(D12,"","ja")) | G12: =IF(D12="","",_xlfn.TRANSLATE(D12,"","zh-Hans")) | I12: =IF(H12="","",_xlfn.TRANSLATE(H12,"","vi")) | J12: =IF(H12="","",_xlfn.TRANSLATE(H12,"","ja")) | K12: =IF(H12="","",_xlfn.TRANSLATE(H12,"","zh-Hans")) | M12: =IF(L12="","",_xlfn.TRANSLATE(L12,"","vi")) | N12: =IF(L12="","",_xlfn.TRANSLATE(L12,"","ja")) | O12: =IF(L12="","",_xlfn.TRANSLATE(L12,"","zh-Hans")) | W12: =IF(OR(U12="",V12=""),"",IF(U12=0,"",V12/U12)) | X12: =IF(A12="","",IF(W12="",INDEX(_翻訳マスタ!$B$89:$D$89,1,MATCH(言語切替!$B$3,_翻訳マスタ!$B$1:$D$1,0)),IF(W12>=1,INDEX(_翻訳マスタ!$B$93:$D$93,1,MATCH(言語切替!$B$3,_翻訳マスタ!$B$1:$D$1,0)),IF(W12>=0.8,INDEX(_翻訳マスタ!$B$91:$D$91,1,MATCH(言語切替!$B$3,_翻訳マスタ!$B$1:$D$1,0)),INDEX(_翻訳マスタ!$B$94:$D$94,1,MATCH(言語切替!$B$3,_翻訳マスタ!$B$1:$D$1,0)))))) | AA12: =IF(Z12="","",_xlfn.TRANSLATE(Z12,"","vi")) | AB12: =IF(Z12="","",_xlfn.TRANSLATE(Z12,"","ja")) | AC12: =IF(Z12="","",_xlfn.TRANSLATE(Z12,"","zh-Hans")) | AE12: =IF(AD12="","",_xlfn.TRANSLATE(AD12,"","vi")) | AF12: =IF(AD12="","",_xlfn.TRANSLATE(AD12,"","ja")) | AG12: =IF(AD12="","",_xlfn.TRANSLATE(AD12,"","zh-Hans"))
E13: =IF(D13="","",_xlfn.TRANSLATE(D13,"","vi")) | F13: =IF(D13="","",_xlfn.TRANSLATE(D13,"","ja")) | G13: =IF(D13="","",_xlfn.TRANSLATE(D13,"","zh-Hans")) | I13: =IF(H13="","",_xlfn.TRANSLATE(H13,"","vi")) | J13: =IF(H13="","",_xlfn.TRANSLATE(H13,"","ja")) | K13: =IF(H13="","",_xlfn.TRANSLATE(H13,"","zh-Hans")) | M13: =IF(L13="","",_xlfn.TRANSLATE(L13,"","vi")) | N13: =IF(L13="","",_xlfn.TRANSLATE(L13,"","ja")) | O13: =IF(L13="","",_xlfn.TRANSLATE(L13,"","zh-Hans")) | W13: =IF(OR(U13="",V13=""),"",IF(U13=0,"",V13/U13)) | X13: =IF(A13="","",IF(W13="",INDEX(_翻訳マスタ!$B$89:$D$89,1,MATCH(言語切替!$B$3,_翻訳マスタ!$B$1:$D$1,0)),IF(W13>=1,INDEX(_翻訳マスタ!$B$93:$D$93,1,MATCH(言語切替!$B$3,_翻訳マスタ!$B$1:$D$1,0)),IF(W13>=0.8,INDEX(_翻訳マスタ!$B$91:$D$91,1,MATCH(言語切替!$B$3,_翻訳マスタ!$B$1:$D$1,0)),INDEX(_翻訳マスタ!$B$94:$D$94,1,MATCH(言語切替!$B$3,_翻訳マスタ!$B$1:$D$1,0)))))) | AA13: =IF(Z13="","",_xlfn.TRANSLATE(Z13,"","vi")) | AB13: =IF(Z13="","",_xlfn.TRANSLATE(Z13,"","ja")) | AC13: =IF(Z13="","",_xlfn.TRANSLATE(Z13,"","zh-Hans")) | AE13: =IF(AD13="","",_xlfn.TRANSLATE(AD13,"","vi")) | AF13: =IF(AD13="","",_xlfn.TRANSLATE(AD13,"","ja")) | AG13: =IF(AD13="","",_xlfn.TRANSLATE(AD13,"","zh-Hans"))
E14: =IF(D14="","",_xlfn.TRANSLATE(D14,"","vi")) | F14: =IF(D14="","",_xlfn.TRANSLATE(D14,"","ja")) | G14: =IF(D14="","",_xlfn.TRANSLATE(D14,"","zh-Hans")) | I14: =IF(H14="","",_xlfn.TRANSLATE(H14,"","vi")) | J14: =IF(H14="","",_xlfn.TRANSLATE(H14,"","ja")) | K14: =IF(H14="","",_xlfn.TRANSLATE(H14,"","zh-Hans")) | M14: =IF(L14="","",_xlfn.TRANSLATE(L14,"","vi")) | N14: =IF(L14="","",_xlfn.TRANSLATE(L14,"","ja")) | O14: =IF(L14="","",_xlfn.TRANSLATE(L14,"","zh-Hans")) | W14: =IF(OR(U14="",V14=""),"",IF(U14=0,"",V14/U14)) | X14: =IF(A14="","",IF(W14="",INDEX(_翻訳マスタ!$B$89:$D$89,1,MATCH(言語切替!$B$3,_翻訳マスタ!$B$1:$D$1,0)),IF(W14>=1,INDEX(_翻訳マスタ!$B$93:$D$93,1,MATCH(言語切替!$B$3,_翻訳マスタ!$B$1:$D$1,0)),IF(W14>=0.8,INDEX(_翻訳マスタ!$B$91:$D$91,1,MATCH(言語切替!$B$3,_翻訳マスタ!$B$1:$D$1,0)),INDEX(_翻訳マスタ!$B$94:$D$94,1,MATCH(言語切替!$B$3,_翻訳マスタ!$B$1:$D$1,0)))))) | AA14: =IF(Z14="","",_xlfn.TRANSLATE(Z14,"","vi")) | AB14: =IF(Z14="","",_xlfn.TRANSLATE(Z14,"","ja")) | AC14: =IF(Z14="","",_xlfn.TRANSLATE(Z14,"","zh-Hans")) | AE14: =IF(AD14="","",_xlfn.TRANSLATE(AD14,"","vi")) | AF14: =IF(AD14="","",_xlfn.TRANSLATE(AD14,"","ja")) | AG14: =IF(AD14="","",_xlfn.TRANSLATE(AD14,"","zh-Hans"))
E15: =IF(D15="","",_xlfn.TRANSLATE(D15,"","vi")) | F15: =IF(D15="","",_xlfn.TRANSLATE(D15,"","ja")) | G15: =IF(D15="","",_xlfn.TRANSLATE(D15,"","zh-Hans")) | I15: =IF(H15="","",_xlfn.TRANSLATE(H15,"","vi")) | J15: =IF(H15="","",_xlfn.TRANSLATE(H15,"","ja")) | K15: =IF(H15="","",_xlfn.TRANSLATE(H15,"","zh-Hans")) | M15: =IF(L15="","",_xlfn.TRANSLATE(L15,"","vi")) | N15: =IF(L15="","",_xlfn.TRANSLATE(L15,"","ja")) | O15: =IF(L15="","",_xlfn.TRANSLATE(L15,"","zh-Hans")) | W15: =IF(OR(U15="",V15=""),"",IF(U15=0,"",V15/U15)) | X15: =IF(A15="","",IF(W15="",INDEX(_翻訳マスタ!$B$89:$D$89,1,MATCH(言語切替!$B$3,_翻訳マスタ!$B$1:$D$1,0)),IF(W15>=1,INDEX(_翻訳マスタ!$B$93:$D$93,1,MATCH(言語切替!$B$3,_翻訳マスタ!$B$1:$D$1,0)),IF(W15>=0.8,INDEX(_翻訳マスタ!$B$91:$D$91,1,MATCH(言語切替!$B$3,_翻訳マスタ!$B$1:$D$1,0)),INDEX(_翻訳マスタ!$B$94:$D$94,1,MATCH(言語切替!$B$3,_翻訳マスタ!$B$1:$D$1,0)))))) | AA15: =IF(Z15="","",_xlfn.TRANSLATE(Z15,"","vi")) | AB15: =IF(Z15="","",_xlfn.TRANSLATE(Z15,"","ja")) | AC15: =IF(Z15="","",_xlfn.TRANSLATE(Z15,"","zh-Hans")) | AE15: =IF(AD15="","",_xlfn.TRANSLATE(AD15,"","vi")) | AF15: =IF(AD15="","",_xlfn.TRANSLATE(AD15,"","ja")) | AG15: =IF(AD15="","",_xlfn.TRANSLATE(AD15,"","zh-Hans"))
E16: =IF(D16="","",_xlfn.TRANSLATE(D16,"","vi")) | F16: =IF(D16="","",_xlfn.TRANSLATE(D16,"","ja")) | G16: =IF(D16="","",_xlfn.TRANSLATE(D16,"","zh-Hans")) | I16: =IF(H16="","",_xlfn.TRANSLATE(H16,"","vi")) | J16: =IF(H16="","",_xlfn.TRANSLATE(H16,"","ja")) | K16: =IF(H16="","",_xlfn.TRANSLATE(H16,"","zh-Hans")) | M16: =IF(L16="","",_xlfn.TRANSLATE(L16,"","vi")) | N16: =IF(L16="","",_xlfn.TRANSLATE(L16,"","ja")) | O16: =IF(L16="","",_xlfn.TRANSLATE(L16,"","zh-Hans")) | W16: =IF(OR(U16="",V16=""),"",IF(U16=0,"",V16/U16)) | X16: =IF(A16="","",IF(W16="",INDEX(_翻訳マスタ!$B$89:$D$89,1,MATCH(言語切替!$B$3,_翻訳マスタ!$B$1:$D$1,0)),IF(W16>=1,INDEX(_翻訳マスタ!$B$93:$D$93,1,MATCH(言語切替!$B$3,_翻訳マスタ!$B$1:$D$1,0)),IF(W16>=0.8,INDEX(_翻訳マスタ!$B$91:$D$91,1,MATCH(言語切替!$B$3,_翻訳マスタ!$B$1:$D$1,0)),INDEX(_翻訳マスタ!$B$94:$D$94,1,MATCH(言語切替!$B$3,_翻訳マスタ!$B$1:$D$1,0)))))) | AA16: =IF(Z16="","",_xlfn.TRANSLATE(Z16,"","vi")) | AB16: =IF(Z16="","",_xlfn.TRANSLATE(Z16,"","ja")) | AC16: =IF(Z16="","",_xlfn.TRANSLATE(Z16,"","zh-Hans")) | AE16: =IF(AD16="","",_xlfn.TRANSLATE(AD16,"","vi")) | AF16: =IF(AD16="","",_xlfn.TRANSLATE(AD16,"","ja")) | AG16: =IF(AD16="","",_xlfn.TRANSLATE(AD16,"","zh-Hans"))
E17: =IF(D17="","",_xlfn.TRANSLATE(D17,"","vi")) | F17: =IF(D17="","",_xlfn.TRANSLATE(D17,"","ja")) | G17: =IF(D17="","",_xlfn.TRANSLATE(D17,"","zh-Hans")) | I17: =IF(H17="","",_xlfn.TRANSLATE(H17,"","vi")) | J17: =IF(H17="","",_xlfn.TRANSLATE(H17,"","ja")) | K17: =IF(H17="","",_xlfn.TRANSLATE(H17,"","zh-Hans")) | M17: =IF(L17="","",_xlfn.TRANSLATE(L17,"","vi")) | N17: =IF(L17="","",_xlfn.TRANSLATE(L17,"","ja")) | O17: =IF(L17="","",_xlfn.TRANSLATE(L17,"","zh-Hans")) | W17: =IF(OR(U17="",V17=""),"",IF(U17=0,"",V17/U17)) | X17: =IF(A17="","",IF(W17="",INDEX(_翻訳マスタ!$B$89:$D$89,1,MATCH(言語切替!$B$3,_翻訳マスタ!$B$1:$D$1,0)),IF(W17>=1,INDEX(_翻訳マスタ!$B$93:$D$93,1,MATCH(言語切替!$B$3,_翻訳マスタ!$B$1:$D$1,0)),IF(W17>=0.8,INDEX(_翻訳マスタ!$B$91:$D$91,1,MATCH(言語切替!$B$3,_翻訳マスタ!$B$1:$D$1,0)),INDEX(_翻訳マスタ!$B$94:$D$94,1,MATCH(言語切替!$B$3,_翻訳マスタ!$B$1:$D$1,0)))))) | AA17: =IF(Z17="","",_xlfn.TRANSLATE(Z17,"","vi")) | AB17: =IF(Z17="","",_xlfn.TRANSLATE(Z17,"","ja")) | AC17: =IF(Z17="","",_xlfn.TRANSLATE(Z17,"","zh-Hans")) | AE17: =IF(AD17="","",_xlfn.TRANSLATE(AD17,"","vi")) | AF17: =IF(AD17="","",_xlfn.TRANSLATE(AD17,"","ja")) | AG17: =IF(AD17="","",_xlfn.TRANSLATE(AD17,"","zh-Hans"))
E18: =IF(D18="","",_xlfn.TRANSLATE(D18,"","vi")) | F18: =IF(D18="","",_xlfn.TRANSLATE(D18,"","ja")) | G18: =IF(D18="","",_xlfn.TRANSLATE(D18,"","zh-Hans")) | I18: =IF(H18="","",_xlfn.TRANSLATE(H18,"","vi")) | J18: =IF(H18="","",_xlfn.TRANSLATE(H18,"","ja")) | K18: =IF(H18="","",_xlfn.TRANSLATE(H18,"","zh-Hans")) | M18: =IF(L18="","",_xlfn.TRANSLATE(L18,"","vi")) | N18: =IF(L18="","",_xlfn.TRANSLATE(L18,"","ja")) | O18: =IF(L18="","",_xlfn.TRANSLATE(L18,"","zh-Hans")) | W18: =IF(OR(U18="",V18=""),"",IF(U18=0,"",V18/U18)) | X18: =IF(A18="","",IF(W18="",INDEX(_翻訳マスタ!$B$89:$D$89,1,MATCH(言語切替!$B$3,_翻訳マスタ!$B$1:$D$1,0)),IF(W18>=1,INDEX(_翻訳マスタ!$B$93:$D$93,1,MATCH(言語切替!$B$3,_翻訳マスタ!$B$1:$D$1,0)),IF(W18>=0.8,INDEX(_翻訳マスタ!$B$91:$D$91,1,MATCH(言語切替!$B$3,_翻訳マスタ!$B$1:$D$1,0)),INDEX(_翻訳マスタ!$B$94:$D$94,1,MATCH(言語切替!$B$3,_翻訳マスタ!$B$1:$D$1,0)))))) | AA18: =IF(Z18="","",_xlfn.TRANSLATE(Z18,"","vi")) | AB18: =IF(Z18="","",_xlfn.TRANSLATE(Z18,"","ja")) | AC18: =IF(Z18="","",_xlfn.TRANSLATE(Z18,"","zh-Hans")) | AE18: =IF(AD18="","",_xlfn.TRANSLATE(AD18,"","vi")) | AF18: =IF(AD18="","",_xlfn.TRANSLATE(AD18,"","ja")) | AG18: =IF(AD18="","",_xlfn.TRANSLATE(AD18,"","zh-Hans"))
E19: =IF(D19="","",_xlfn.TRANSLATE(D19,"","vi")) | F19: =IF(D19="","",_xlfn.TRANSLATE(D19,"","ja")) | G19: =IF(D19="","",_xlfn.TRANSLATE(D19,"","zh-Hans")) | I19: =IF(H19="","",_xlfn.TRANSLATE(H19,"","vi")) | J19: =IF(H19="","",_xlfn.TRANSLATE(H19,"","ja")) | K19: =IF(H19="","",_xlfn.TRANSLATE(H19,"","zh-Hans")) | M19: =IF(L19="","",_xlfn.TRANSLATE(L19,"","vi")) | N19: =IF(L19="","",_xlfn.TRANSLATE(L19,"","ja")) | O19: =IF(L19="","",_xlfn.TRANSLATE(L19,"","zh-Hans")) | W19: =IF(OR(U19="",V19=""),"",IF(U19=0,"",V19/U19)) | X19: =IF(A19="","",IF(W19="",INDEX(_翻訳マスタ!$B$89:$D$89,1,MATCH(言語切替!$B$3,_翻訳マスタ!$B$1:$D$1,0)),IF(W19>=1,INDEX(_翻訳マスタ!$B$93:$D$93,1,MATCH(言語切替!$B$3,_翻訳マスタ!$B$1:$D$1,0)),IF(W19>=0.8,INDEX(_翻訳マスタ!$B$91:$D$91,1,MATCH(言語切替!$B$3,_翻訳マスタ!$B$1:$D$1,0)),INDEX(_翻訳マスタ!$B$94:$D$94,1,MATCH(言語切替!$B$3,_翻訳マスタ!$B$1:$D$1,0)))))) | AA19: =IF(Z19="","",_xlfn.TRANSLATE(Z19,"","vi")) | AB19: =IF(Z19="","",_xlfn.TRANSLATE(Z19,"","ja")) | AC19: =IF(Z19="","",_xlfn.TRANSLATE(Z19,"","zh-Hans")) | AE19: =IF(AD19="","",_xlfn.TRANSLATE(AD19,"","vi")) | AF19: =IF(AD19="","",_xlfn.TRANSLATE(AD19,"","ja")) | AG19: =IF(AD19="","",_xlfn.TRANSLATE(AD19,"","zh-Hans"))
E20: =IF(D20="","",_xlfn.TRANSLATE(D20,"","vi")) | F20: =IF(D20="","",_xlfn.TRANSLATE(D20,"","ja")) | G20: =IF(D20="","",_xlfn.TRANSLATE(D20,"","zh-Hans")) | I20: =IF(H20="","",_xlfn.TRANSLATE(H20,"","vi")) | J20: =IF(H20="","",_xlfn.TRANSLATE(H20,"","ja")) | K20: =IF(H20="","",_xlfn.TRANSLATE(H20,"","zh-Hans")) | M20: =IF(L20="","",_xlfn.TRANSLATE(L20,"","vi")) | N20: =IF(L20="","",_xlfn.TRANSLATE(L20,"","ja")) | O20: =IF(L20="","",_xlfn.TRANSLATE(L20,"","zh-Hans")) | W20: =IF(OR(U20="",V20=""),"",IF(U20=0,"",V20/U20)) | X20: =IF(A20="","",IF(W20="",INDEX(_翻訳マスタ!$B$89:$D$89,1,MATCH(言語切替!$B$3,_翻訳マスタ!$B$1:$D$1,0)),IF(W20>=1,INDEX(_翻訳マスタ!$B$93:$D$93,1,MATCH(言語切替!$B$3,_翻訳マスタ!$B$1:$D$1,0)),IF(W20>=0.8,INDEX(_翻訳マスタ!$B$91:$D$91,1,MATCH(言語切替!$B$3,_翻訳マスタ!$B$1:$D$1,0)),INDEX(_翻訳マスタ!$B$94:$D$94,1,MATCH(言語切替!$B$3,_翻訳マスタ!$B$1:$D$1,0)))))) | AA20: =IF(Z20="","",_xlfn.TRANSLATE(Z20,"","vi")) | AB20: =IF(Z20="","",_xlfn.TRANSLATE(Z20,"","ja")) | AC20: =IF(Z20="","",_xlfn.TRANSLATE(Z20,"","zh-Hans")) | AE20: =IF(AD20="","",_xlfn.TRANSLATE(AD20,"","vi")) | AF20: =IF(AD20="","",_xlfn.TRANSLATE(AD20,"","ja")) | AG20: =IF(AD20="","",_xlfn.TRANSLATE(AD20,"","zh-Hans"))
E21: =IF(D21="","",_xlfn.TRANSLATE(D21,"","vi")) | F21: =IF(D21="","",_xlfn.TRANSLATE(D21,"","ja")) | G21: =IF(D21="","",_xlfn.TRANSLATE(D21,"","zh-Hans")) | I21: =IF(H21="","",_xlfn.TRANSLATE(H21,"","vi")) | J21: =IF(H21="","",_xlfn.TRANSLATE(H21,"","ja")) | K21: =IF(H21="","",_xlfn.TRANSLATE(H21,"","zh-Hans")) | M21: =IF(L21="","",_xlfn.TRANSLATE(L21,"","vi")) | N21: =IF(L21="","",_xlfn.TRANSLATE(L21,"","ja")) | O21: =IF(L21="","",_xlfn.TRANSLATE(L21,"","zh-Hans")) | W21: =IF(OR(U21="",V21=""),"",IF(U21=0,"",V21/U21)) | X21: =IF(A21="","",IF(W21="",INDEX(_翻訳マスタ!$B$89:$D$89,1,MATCH(言語切替!$B$3,_翻訳マスタ!$B$1:$D$1,0)),IF(W21>=1,INDEX(_翻訳マスタ!$B$93:$D$93,1,MATCH(言語切替!$B$3,_翻訳マスタ!$B$1:$D$1,0)),IF(W21>=0.8,INDEX(_翻訳マスタ!$B$91:$D$91,1,MATCH(言語切替!$B$3,_翻訳マスタ!$B$1:$D$1,0)),INDEX(_翻訳マスタ!$B$94:$D$94,1,MATCH(言語切替!$B$3,_翻訳マスタ!$B$1:$D$1,0)))))) | AA21: =IF(Z21="","",_xlfn.TRANSLATE(Z21,"","vi")) | AB21: =IF(Z21="","",_xlfn.TRANSLATE(Z21,"","ja")) | AC21: =IF(Z21="","",_xlfn.TRANSLATE(Z21,"","zh-Hans")) | AE21: =IF(AD21="","",_xlfn.TRANSLATE(AD21,"","vi")) | AF21: =IF(AD21="","",_xlfn.TRANSLATE(AD21,"","ja")) | AG21: =IF(AD21="","",_xlfn.TRANSLATE(AD21,"","zh-Hans"))
... E30: =IF(D30="","",_xlfn.TRANSLATE(D30,"","vi")) | F30: =IF(D30="","",_xlfn.TRANSLATE(D30,"","ja")) | G30: =IF(D30="","",_xlfn.TRANSLATE(D30,"","zh-Hans")) | I30: =IF(H30="","",_xlfn.TRANSLATE(H30,"","vi")) | J30: =IF(H30="","",_xlfn.TRANSLATE(H30,"","ja")) | K30: =IF(H30="","",_xlfn.TRANSLATE(H30,"","zh-Hans")) | M30: =IF(L30="","",_xlfn.TRANSLATE(L30,"","vi")) | N30: =IF(L30="","",_xlfn.TRANSLATE(L30,"","ja")) | O30: =IF(L30="","",_xlfn.TRANSLATE(L30,"","zh-Hans")) | W30: =IF(OR(U30="",V30=""),"",IF(U30=0,"",V30/U30)) | X30: =IF(A30="","",IF(W30="",INDEX(_翻訳マスタ!$B$89:$D$89,1,MATCH(言語切替!$B$3,_翻訳マスタ!$B$1:$D$1,0)),IF(W30>=1,INDEX(_翻訳マスタ!$B$93:$D$93,1,MATCH(言語切替!$B$3,_翻訳マスタ!$B$1:$D$1,0)),IF(W30>=0.8,INDEX(_翻訳マスタ!$B$91:$D$91,1,MATCH(言語切替!$B$3,_翻訳マスタ!$B$1:$D$1,0)),INDEX(_翻訳マスタ!$B$94:$D$94,1,MATCH(言語切替!$B$3,_翻訳マスタ!$B$1:$D$1,0)))))) | AA30: =IF(Z30="","",_xlfn.TRANSLATE(Z30,"","vi")) | AB30: =IF(Z30="","",_xlfn.TRANSLATE(Z30,"","ja")) | AC30: =IF(Z30="","",_xlfn.TRANSLATE(Z30,"","zh-Hans")) | AE30: =IF(AD30="","",_xlfn.TRANSLATE(AD30,"","vi")) | AF30: =IF(AD30="","",_xlfn.TRANSLATE(AD30,"","ja")) | AG30: =IF(AD30="","",_xlfn.TRANSLATE(AD30,"","zh-Hans"))
F31: =IF(D31="","",_xlfn.TRANSLATE(D31,"vi","ja")) | G31: =IF(D31="","",_xlfn.TRANSLATE(D31,"vi","zh-Hans")) | J31: =IF(H31="","",_xlfn.TRANSLATE(H31,"vi","ja")) | K31: =IF(H31="","",_xlfn.TRANSLATE(H31,"vi","zh-Hans")) | N31: =IF(L31="","",_xlfn.TRANSLATE(L31,"vi","ja")) | O31: =IF(L31="","",_xlfn.TRANSLATE(L31,"vi","zh-Hans")) | W31: =IF(OR(U31="",V31=""),"",IF(U31=0,"",V31/U31)) | X31: =IF(A31="","",IF(W31="",INDEX(_翻訳マスタ!$B$89:$D$89,1,MATCH(言語切替!$B$3,_翻訳マスタ!$B$1:$D$1,0)),IF(W31>=1,INDEX(_翻訳マスタ!$B$93:$D$93,1,MATCH(言語切替!$B$3,_翻訳マスタ!$B$1:$D$1,0)),IF(W31>=0.8,INDEX(_翻訳マスタ!$B$91:$D$91,1,MATCH(言語切替!$B$3,_翻訳マスタ!$B$1:$D$1,0)),INDEX(_翻訳マスタ!$B$94:$D$94,1,MATCH(言語切替!$B$3,_翻訳マスタ!$B$1:$D$1,0)))))) | AB31: =IF(Z31="","",_xlfn.TRANSLATE(Z31,"vi","ja")) | AC31: =IF(Z31="","",_xlfn.TRANSLATE(Z31,"vi","zh-Hans")) | AF31: =IF(AD31="","",_xlfn.TRANSLATE(AD31,"vi","ja")) | AG31: =IF(AD31="","",_xlfn.TRANSLATE(AD31,"vi","zh-Hans"))
F32: =IF(D32="","",_xlfn.TRANSLATE(D32,"vi","ja")) | G32: =IF(D32="","",_xlfn.TRANSLATE(D32,"vi","zh-Hans")) | J32: =IF(H32="","",_xlfn.TRANSLATE(H32,"vi","ja")) | K32: =IF(H32="","",_xlfn.TRANSLATE(H32,"vi","zh-Hans")) | N32: =IF(L32="","",_xlfn.TRANSLATE(L32,"vi","ja")) | O32: =IF(L32="","",_xlfn.TRANSLATE(L32,"vi","zh-Hans")) | W32: =IF(OR(U32="",V32=""),"",IF(U32=0,"",V32/U32)) | X32: =IF(A32="","",IF(W32="",INDEX(_翻訳マスタ!$B$89:$D$89,1,MATCH(言語切替!$B$3,_翻訳マスタ!$B$1:$D$1,0)),IF(W32>=1,INDEX(_翻訳マスタ!$B$93:$D$93,1,MATCH(言語切替!$B$3,_翻訳マスタ!$B$1:$D$1,0)),IF(W32>=0.8,INDEX(_翻訳マスタ!$B$91:$D$91,1,MATCH(言語切替!$B$3,_翻訳マスタ!$B$1:$D$1,0)),INDEX(_翻訳マスタ!$B$94:$D$94,1,MATCH(言語切替!$B$3,_翻訳マスタ!$B$1:$D$1,0)))))) | AB32: =IF(Z32="","",_xlfn.TRANSLATE(Z32,"vi","ja")) | AC32: =IF(Z32="","",_xlfn.TRANSLATE(Z32,"vi","zh-Hans")) | AF32: =IF(AD32="","",_xlfn.TRANSLATE(AD32,"vi","ja")) | AG32: =IF(AD32="","",_xlfn.TRANSLATE(AD32,"vi","zh-Hans"))
F33: =IF(D33="","",_xlfn.TRANSLATE(D33,"vi","ja")) | G33: =IF(D33="","",_xlfn.TRANSLATE(D33,"vi","zh-Hans")) | J33: =IF(H33="","",_xlfn.TRANSLATE(H33,"vi","ja")) | K33: =IF(H33="","",_xlfn.TRANSLATE(H33,"vi","zh-Hans")) | N33: =IF(L33="","",_xlfn.TRANSLATE(L33,"vi","ja")) | O33: =IF(L33="","",_xlfn.TRANSLATE(L33,"vi","zh-Hans")) | W33: =IF(OR(U33="",V33=""),"",IF(U33=0,"",V33/U33)) | X33: =IF(A33="","",IF(W33="",INDEX(_翻訳マスタ!$B$89:$D$89,1,MATCH(言語切替!$B$3,_翻訳マスタ!$B$1:$D$1,0)),IF(W33>=1,INDEX(_翻訳マスタ!$B$93:$D$93,1,MATCH(言語切替!$B$3,_翻訳マスタ!$B$1:$D$1,0)),IF(W33>=0.8,INDEX(_翻訳マスタ!$B$91:$D$91,1,MATCH(言語切替!$B$3,_翻訳マスタ!$B$1:$D$1,0)),INDEX(_翻訳マスタ!$B$94:$D$94,1,MATCH(言語切替!$B$3,_翻訳マスタ!$B$1:$D$1,0)))))) | AB33: =IF(Z33="","",_xlfn.TRANSLATE(Z33,"vi","ja")) | AC33: =IF(Z33="","",_xlfn.TRANSLATE(Z33,"vi","zh-Hans")) | AF33: =IF(AD33="","",_xlfn.TRANSLATE(AD33,"vi","ja")) | AG33: =IF(AD33="","",_xlfn.TRANSLATE(AD33,"vi","zh-Hans"))
F34: =IF(D34="","",_xlfn.TRANSLATE(D34,"vi","ja")) | G34: =IF(D34="","",_xlfn.TRANSLATE(D34,"vi","zh-Hans")) | J34: =IF(H34="","",_xlfn.TRANSLATE(H34,"vi","ja")) | K34: =IF(H34="","",_xlfn.TRANSLATE(H34,"vi","zh-Hans")) | N34: =IF(L34="","",_xlfn.TRANSLATE(L34,"vi","ja")) | O34: =IF(L34="","",_xlfn.TRANSLATE(L34,"vi","zh-Hans")) | W34: =IF(OR(U34="",V34=""),"",IF(U34=0,"",V34/U34)) | X34: =IF(A34="","",IF(W34="",INDEX(_翻訳マスタ!$B$89:$D$89,1,MATCH(言語切替!$B$3,_翻訳マスタ!$B$1:$D$1,0)),IF(W34>=1,INDEX(_翻訳マスタ!$B$93:$D$93,1,MATCH(言語切替!$B$3,_翻訳マスタ!$B$1:$D$1,0)),IF(W34>=0.8,INDEX(_翻訳マスタ!$B$91:$D$91,1,MATCH(言語切替!$B$3,_翻訳マスタ!$B$1:$D$1,0)),INDEX(_翻訳マスタ!$B$94:$D$94,1,MATCH(言語切替!$B$3,_翻訳マスタ!$B$1:$D$1,0)))))) | AB34: =IF(Z34="","",_xlfn.TRANSLATE(Z34,"vi","ja")) | AC34: =IF(Z34="","",_xlfn.TRANSLATE(Z34,"vi","zh-Hans")) | AF34: =IF(AD34="","",_xlfn.TRANSLATE(AD34,"vi","ja")) | AG34: =IF(AD34="","",_xlfn.TRANSLATE(AD34,"vi","zh-Hans"))
F35: =IF(D35="","",_xlfn.TRANSLATE(D35,"vi","ja")) | G35: =IF(D35="","",_xlfn.TRANSLATE(D35,"vi","zh-Hans")) | J35: =IF(H35="","",_xlfn.TRANSLATE(H35,"vi","ja")) | K35: =IF(H35="","",_xlfn.TRANSLATE(H35,"vi","zh-Hans")) | N35: =IF(L35="","",_xlfn.TRANSLATE(L35,"vi","ja")) | O35: =IF(L35="","",_xlfn.TRANSLATE(L35,"vi","zh-Hans")) | W35: =IF(OR(U35="",V35=""),"",IF(U35=0,"",V35/U35)) | X35: =IF(A35="","",IF(W35="",INDEX(_翻訳マスタ!$B$89:$D$89,1,MATCH(言語切替!$B$3,_翻訳マスタ!$B$1:$D$1,0)),IF(W35>=1,INDEX(_翻訳マスタ!$B$93:$D$93,1,MATCH(言語切替!$B$3,_翻訳マスタ!$B$1:$D$1,0)),IF(W35>=0.8,INDEX(_翻訳マスタ!$B$91:$D$91,1,MATCH(言語切替!$B$3,_翻訳マスタ!$B$1:$D$1,0)),INDEX(_翻訳マスタ!$B$94:$D$94,1,MATCH(言語切替!$B$3,_翻訳マスタ!$B$1:$D$1,0)))))) | AB35: =IF(Z35="","",_xlfn.TRANSLATE(Z35,"vi","ja")) | AC35: =IF(Z35="","",_xlfn.TRANSLATE(Z35,"vi","zh-Hans")) | AF35: =IF(AD35="","",_xlfn.TRANSLATE(AD35,"vi","ja")) | AG35: =IF(AD35="","",_xlfn.TRANSLATE(AD35,"vi","zh-Hans"))
F36: =IF(D36="","",_xlfn.TRANSLATE(D36,"vi","ja")) | G36: =IF(D36="","",_xlfn.TRANSLATE(D36,"vi","zh-Hans")) | J36: =IF(H36="","",_xlfn.TRANSLATE(H36,"vi","ja")) | K36: =IF(H36="","",_xlfn.TRANSLATE(H36,"vi","zh-Hans")) | N36: =IF(L36="","",_xlfn.TRANSLATE(L36,"vi","ja")) | O36: =IF(L36="","",_xlfn.TRANSLATE(L36,"vi","zh-Hans")) | W36: =IF(OR(U36="",V36=""),"",IF(U36=0,"",V36/U36)) | X36: =IF(A36="","",IF(W36="",INDEX(_翻訳マスタ!$B$89:$D$89,1,MATCH(言語切替!$B$3,_翻訳マスタ!$B$1:$D$1,0)),IF(W36>=1,INDEX(_翻訳マスタ!$B$93:$D$93,1,MATCH(言語切替!$B$3,_翻訳マスタ!$B$1:$D$1,0)),IF(W36>=0.8,INDEX(_翻訳マスタ!$B$91:$D$91,1,MATCH(言語切替!$B$3,_翻訳マスタ!$B$1:$D$1,0)),INDEX(_翻訳マスタ!$B$94:$D$94,1,MATCH(言語切替!$B$3,_翻訳マスタ!$B$1:$D$1,0)))))) | AB36: =IF(Z36="","",_xlfn.TRANSLATE(Z36,"vi","ja")) | AC36: =IF(Z36="","",_xlfn.TRANSLATE(Z36,"vi","zh-Hans")) | AF36: =IF(AD36="","",_xlfn.TRANSLATE(AD36,"vi","ja")) | AG36: =IF(AD36="","",_xlfn.TRANSLATE(AD36,"vi","zh-Hans"))
F37: =IF(D37="","",_xlfn.TRANSLATE(D37,"vi","ja")) | G37: =IF(D37="","",_xlfn.TRANSLATE(D37,"vi","zh-Hans")) | J37: =IF(H37="","",_xlfn.TRANSLATE(H37,"vi","ja")) | K37: =IF(H37="","",_xlfn.TRANSLATE(H37,"vi","zh-Hans")) | N37: =IF(L37="","",_xlfn.TRANSLATE(L37,"vi","ja")) | O37: =IF(L37="","",_xlfn.TRANSLATE(L37,"vi","zh-Hans")) | W37: =IF(OR(U37="",V37=""),"",IF(U37=0,"",V37/U37)) | X37: =IF(A37="","",IF(W37="",INDEX(_翻訳マスタ!$B$89:$D$89,1,MATCH(言語切替!$B$3,_翻訳マスタ!$B$1:$D$1,0)),IF(W37>=1,INDEX(_翻訳マスタ!$B$93:$D$93,1,MATCH(言語切替!$B$3,_翻訳マスタ!$B$1:$D$1,0)),IF(W37>=0.8,INDEX(_翻訳マスタ!$B$91:$D$91,1,MATCH(言語切替!$B$3,_翻訳マスタ!$B$1:$D$1,0)),INDEX(_翻訳マスタ!$B$94:$D$94,1,MATCH(言語切替!$B$3,_翻訳マスタ!$B$1:$D$1,0)))))) | AB37: =IF(Z37="","",_xlfn.TRANSLATE(Z37,"vi","ja")) | AC37: =IF(Z37="","",_xlfn.TRANSLATE(Z37,"vi","zh-Hans")) | AF37: =IF(AD37="","",_xlfn.TRANSLATE(AD37,"vi","ja")) | AG37: =IF(AD37="","",_xlfn.TRANSLATE(AD37,"vi","zh-Hans"))
F38: =IF(D38="","",_xlfn.TRANSLATE(D38,"vi","ja")) | G38: =IF(D38="","",_xlfn.TRANSLATE(D38,"vi","zh-Hans")) | J38: =IF(H38="","",_xlfn.TRANSLATE(H38,"vi","ja")) | K38: =IF(H38="","",_xlfn.TRANSLATE(H38,"vi","zh-Hans")) | N38: =IF(L38="","",_xlfn.TRANSLATE(L38,"vi","ja")) | O38: =IF(L38="","",_xlfn.TRANSLATE(L38,"vi","zh-Hans")) | W38: =IF(OR(U38="",V38=""),"",IF(U38=0,"",V38/U38)) | X38: =IF(A38="","",IF(W38="",INDEX(_翻訳マスタ!$B$89:$D$89,1,MATCH(言語切替!$B$3,_翻訳マスタ!$B$1:$D$1,0)),IF(W38>=1,INDEX(_翻訳マスタ!$B$93:$D$93,1,MATCH(言語切替!$B$3,_翻訳マスタ!$B$1:$D$1,0)),IF(W38>=0.8,INDEX(_翻訳マスタ!$B$91:$D$91,1,MATCH(言語切替!$B$3,_翻訳マスタ!$B$1:$D$1,0)),INDEX(_翻訳マスタ!$B$94:$D$94,1,MATCH(言語切替!$B$3,_翻訳マスタ!$B$1:$D$1,0)))))) | AB38: =IF(Z38="","",_xlfn.TRANSLATE(Z38,"vi","ja")) | AC38: =IF(Z38="","",_xlfn.TRANSLATE(Z38,"vi","zh-Hans")) | AF38: =IF(AD38="","",_xlfn.TRANSLATE(AD38,"vi","ja")) | AG38: =IF(AD38="","",_xlfn.TRANSLATE(AD38,"vi","zh-Hans"))
F39: =IF(D39="","",_xlfn.TRANSLATE(D39,"vi","ja")) | G39: =IF(D39="","",_xlfn.TRANSLATE(D39,"vi","zh-Hans")) | J39: =IF(H39="","",_xlfn.TRANSLATE(H39,"vi","ja")) | K39: =IF(H39="","",_xlfn.TRANSLATE(H39,"vi","zh-Hans")) | N39: =IF(L39="","",_xlfn.TRANSLATE(L39,"vi","ja")) | O39: =IF(L39="","",_xlfn.TRANSLATE(L39,"vi","zh-Hans")) | W39: =IF(OR(U39="",V39=""),"",IF(U39=0,"",V39/U39)) | X39: =IF(A39="","",IF(W39="",INDEX(_翻訳マスタ!$B$89:$D$89,1,MATCH(言語切替!$B$3,_翻訳マスタ!$B$1:$D$1,0)),IF(W39>=1,INDEX(_翻訳マスタ!$B$93:$D$93,1,MATCH(言語切替!$B$3,_翻訳マスタ!$B$1:$D$1,0)),IF(W39>=0.8,INDEX(_翻訳マスタ!$B$91:$D$91,1,MATCH(言語切替!$B$3,_翻訳マスタ!$B$1:$D$1,0)),INDEX(_翻訳マスタ!$B$94:$D$94,1,MATCH(言語切替!$B$3,_翻訳マスタ!$B$1:$D$1,0)))))) | AB39: =IF(Z39="","",_xlfn.TRANSLATE(Z39,"vi","ja")) | AC39: =IF(Z39="","",_xlfn.TRANSLATE(Z39,"vi","zh-Hans")) | AF39: =IF(AD39="","",_xlfn.TRANSLATE(AD39,"vi","ja")) | AG39: =IF(AD39="","",_xlfn.TRANSLATE(AD39,"vi","zh-Hans"))
F40: =IF(D40="","",_xlfn.TRANSLATE(D40,"vi","ja")) | G40: =IF(D40="","",_xlfn.TRANSLATE(D40,"vi","zh-Hans")) | J40: =IF(H40="","",_xlfn.TRANSLATE(H40,"vi","ja")) | K40: =IF(H40="","",_xlfn.TRANSLATE(H40,"vi","zh-Hans")) | N40: =IF(L40="","",_xlfn.TRANSLATE(L40,"vi","ja")) | O40: =IF(L40="","",_xlfn.TRANSLATE(L40,"vi","zh-Hans")) | W40: =IF(OR(U40="",V40=""),"",IF(U40=0,"",V40/U40)) | X40: =IF(A40="","",IF(W40="",INDEX(_翻訳マスタ!$B$89:$D$89,1,MATCH(言語切替!$B$3,_翻訳マスタ!$B$1:$D$1,0)),IF(W40>=1,INDEX(_翻訳マスタ!$B$93:$D$93,1,MATCH(言語切替!$B$3,_翻訳マスタ!$B$1:$D$1,0)),IF(W40>=0.8,INDEX(_翻訳マスタ!$B$91:$D$91,1,MATCH(言語切替!$B$3,_翻訳マスタ!$B$1:$D$1,0)),INDEX(_翻訳マスタ!$B$94:$D$94,1,MATCH(言語切替!$B$3,_翻訳マスタ!$B$1:$D$1,0)))))) | AB40: =IF(Z40="","",_xlfn.TRANSLATE(Z40,"vi","ja")) | AC40: =IF(Z40="","",_xlfn.TRANSLATE(Z40,"vi","zh-Hans")) | AF40: =IF(AD40="","",_xlfn.TRANSLATE(AD40,"vi","ja")) | AG40: =IF(AD40="","",_xlfn.TRANSLATE(AD40,"vi","zh-Hans"))
F41: =IF(D41="","",_xlfn.TRANSLATE(D41,"vi","ja")) | G41: =IF(D41="","",_xlfn.TRANSLATE(D41,"vi","zh-Hans")) | J41: =IF(H41="","",_xlfn.TRANSLATE(H41,"vi","ja")) | K41: =IF(H41="","",_xlfn.TRANSLATE(H41,"vi","zh-Hans")) | N41: =IF(L41="","",_xlfn.TRANSLATE(L41,"vi","ja")) | O41: =IF(L41="","",_xlfn.TRANSLATE(L41,"vi","zh-Hans")) | W41: =IF(OR(U41="",V41=""),"",IF(U41=0,"",V41/U41)) | X41: =IF(A41="","",IF(W41="",INDEX(_翻訳マスタ!$B$89:$D$89,1,MATCH(言語切替!$B$3,_翻訳マスタ!$B$1:$D$1,0)),IF(W41>=1,INDEX(_翻訳マスタ!$B$93:$D$93,1,MATCH(言語切替!$B$3,_翻訳マスタ!$B$1:$D$1,0)),IF(W41>=0.8,INDEX(_翻訳マスタ!$B$91:$D$91,1,MATCH(言語切替!$B$3,_翻訳マスタ!$B$1:$D$1,0)),INDEX(_翻訳マスタ!$B$94:$D$94,1,MATCH(言語切替!$B$3,_翻訳マスタ!$B$1:$D$1,0)))))) | AB41: =IF(Z41="","",_xlfn.TRANSLATE(Z41,"vi","ja")) | AC41: =IF(Z41="","",_xlfn.TRANSLATE(Z41,"vi","zh-Hans")) | AF41: =IF(AD41="","",_xlfn.TRANSLATE(AD41,"vi","ja")) | AG41: =IF(AD41="","",_xlfn.TRANSLATE(AD41,"vi","zh-Hans"))
F42: =IF(D42="","",_xlfn.TRANSLATE(D42,"vi","ja")) | G42: =IF(D42="","",_xlfn.TRANSLATE(D42,"vi","zh-Hans")) | J42: =IF(H42="","",_xlfn.TRANSLATE(H42,"vi","ja")) | K42: =IF(H42="","",_xlfn.TRANSLATE(H42,"vi","zh-Hans")) | N42: =IF(L42="","",_xlfn.TRANSLATE(L42,"vi","ja")) | O42: =IF(L42="","",_xlfn.TRANSLATE(L42,"vi","zh-Hans")) | W42: =IF(OR(U42="",V42=""),"",IF(U42=0,"",V42/U42)) | X42: =IF(A42="","",IF(W42="",INDEX(_翻訳マスタ!$B$89:$D$89,1,MATCH(言語切替!$B$3,_翻訳マスタ!$B$1:$D$1,0)),IF(W42>=1,INDEX(_翻訳マスタ!$B$93:$D$93,1,MATCH(言語切替!$B$3,_翻訳マスタ!$B$1:$D$1,0)),IF(W42>=0.8,INDEX(_翻訳マスタ!$B$91:$D$91,1,MATCH(言語切替!$B$3,_翻訳マスタ!$B$1:$D$1,0)),INDEX(_翻訳マスタ!$B$94:$D$94,1,MATCH(言語切替!$B$3,_翻訳マスタ!$B$1:$D$1,0)))))) | AB42: =IF(Z42="","",_xlfn.TRANSLATE(Z42,"vi","ja")) | AC42: =IF(Z42="","",_xlfn.TRANSLATE(Z42,"vi","zh-Hans")) | AF42: =IF(AD42="","",_xlfn.TRANSLATE(AD42,"vi","ja")) | AG42: =IF(AD42="","",_xlfn.TRANSLATE(AD42,"vi","zh-Hans"))
... F204: =IF(D204="","",_xlfn.TRANSLATE(D204,"vi","ja")) | G204: =IF(D204="","",_xlfn.TRANSLATE(D204,"vi","zh-Hans")) | J204: =IF(H204="","",_xlfn.TRANSLATE(H204,"vi","ja")) | K204: =IF(H204="","",_xlfn.TRANSLATE(H204,"vi","zh-Hans")) | N204: =IF(L204="","",_xlfn.TRANSLATE(L204,"vi","ja")) | O204: =IF(L204="","",_xlfn.TRANSLATE(L204,"vi","zh-Hans")) | W204: =IF(OR(U204="",V204=""),"",IF(U204=0,"",V204/U204)) | X204: =IF(A204="","",IF(W204="",INDEX(_翻訳マスタ!$B$89:$D$89,1,MATCH(言語切替!$B$3,_翻訳マスタ!$B$1:$D$1,0)),IF(W204>=1,INDEX(_翻訳マスタ!$B$93:$D$93,1,MATCH(言語切替!$B$3,_翻訳マスタ!$B$1:$D$1,0)),IF(W204>=0.8,INDEX(_翻訳マスタ!$B$91:$D$91,1,MATCH(言語切替!$B$3,_翻訳マスタ!$B$1:$D$1,0)),INDEX(_翻訳マスタ!$B$94:$D$94,1,MATCH(言語切替!$B$3,_翻訳マスタ!$B$1:$D$1,0)))))) | AB204: =IF(Z204="","",_xlfn.TRANSLATE(Z204,"vi","ja")) | AC204: =IF(Z204="","",_xlfn.TRANSLATE(Z204,"vi","zh-Hans")) | AF204: =IF(AD204="","",_xlfn.TRANSLATE(AD204,"vi","ja")) | AG204: =IF(AD204="","",_xlfn.TRANSLATE(AD204,"vi","zh-Hans"))

Sheet 07_更新履歴
A1: =INDEX(_翻訳マスタ!$B$117:$D$247,MATCH("REV_TITLE",_翻訳マスタ!$A$117:$A$247,0),MATCH(言語切替!$B$3,_翻訳マスタ!$B$1:$D$1,0)) -> Lịch sử cập nhật
A2: =INDEX(_翻訳マスタ!$B$117:$D$247,MATCH("REV_DESC",_翻訳マスタ!$A$117:$A$247,0),MATCH(言語切替!$B$3,_翻訳マスタ!$B$1:$D$1,0)) -> Ghi lại các thay đổi quan trọng về quy tắc, dữ liệu danh mục và thay đổi cấu trúc.
A3: =INDEX(_翻訳マスタ!$B$2:$D$300,MATCH("PARA_HOWTO",_翻訳マスタ!$A$2:$A$300,0),MATCH(言語切替!$B$3,_翻訳マスタ!$B$1:$D$1,0)) -> Quy tắc nhập: 【Tiêu đề VÀNG】= Được phép nhập / chọn dữ liệu (Gõ bất kỳ tiếng Việt/Nhật/Trung vào ô [Nhập]) 【Tiêu đề XANH DƯƠNG】= Cấm nhập (Tự động tính toán & dịch tự động 3 thứ tiếng).
A4: =INDEX(_翻訳マスタ!$B$117:$D$247,MATCH("REV_COL_NO",_翻訳マスタ!$A$117:$A$247,0),MATCH(言語切替!$B$3,_翻訳マスタ!$B$1:$D$1,0)) -> Số cập nhật | B4: =INDEX(_翻訳マスタ!$B$117:$D$247,MATCH("REV_COL_DATE",_翻訳マスタ!$A$117:$A$247,0),MATCH(言語切替!$B$3,_翻訳マスタ!$B$1:$D$1,0)) -> Ngày cập nhật | C4: =INDEX(_翻訳マスタ!$B$117:$D$247,MATCH("REV_COL_AUTHOR",_翻訳マスタ!$A$117:$A$247,0),MATCH(言語切替!$B$3,_翻訳マスタ!$B$1:$D$1,0)) -> Người cập nhật | D4: =INDEX(_翻訳マスタ!$B$117:$D$247,MATCH("REV_COL_TARGET",_翻訳マスタ!$A$117:$A$247,0),MATCH(言語切替!$B$3,_翻訳マスタ!$B$1:$D$1,0)) -> Trang tính áp dụng | E4: =INDEX(_翻訳マスタ!$B$2:$D$300,MATCH("REV_COL_CONTENT",_翻訳マスタ!$A$2:$A$300,0),MATCH(言語切替!$B$3,_翻訳マスタ!$B$1:$D$1,0))&INDEX(_翻訳マスタ!$B$2:$D$300,MATCH("NEW_INPUT_SUFFIX",_翻訳マスタ!$A$2:$A$300,0),MATCH(言語切替!$B$3,_翻訳マスタ!$B$1:$D$1,0)) -> Nội dung thay đổi [Nhập: VI/JP/CN] | F4: =INDEX(_翻訳マスタ!$B$2:$D$300,MATCH("REV_COL_CONTENT",_翻訳マスタ!$A$2:$A$300,0),MATCH(言語切替!$B$3,_翻訳マスタ!$B$1:$D$1,0))&INDEX(_翻訳マスタ!$B$2:$D$300,MATCH("NEW_VI_SUFFIX",_翻訳マスタ!$A$2:$A$300,0),MATCH(言語切替!$B$3,_翻訳マスタ!$B$1:$D$1,0)) -> Nội dung thay đổi (VI) | G4: =INDEX(_翻訳マスタ!$B$2:$D$300,MATCH("REV_COL_CONTENT",_翻訳マスタ!$A$2:$A$300,0),MATCH(言語切替!$B$3,_翻訳マスタ!$B$1:$D$1,0))&INDEX(_翻訳マスタ!$B$2:$D$300,MATCH("NEW_JP_SUFFIX",_翻訳マスタ!$A$2:$A$300,0),MATCH(言語切替!$B$3,_翻訳マスタ!$B$1:$D$1,0)) -> Nội dung thay đổi (JP) | H4: =INDEX(_翻訳マスタ!$B$2:$D$300,MATCH("REV_COL_CONTENT",_翻訳マスタ!$A$2:$A$300,0),MATCH(言語切替!$B$3,_翻訳マスタ!$B$1:$D$1,0))&INDEX(_翻訳マスタ!$B$2:$D$300,MATCH("NEW_CN_SUFFIX",_翻訳マスタ!$A$2:$A$300,0),MATCH(言語切替!$B$3,_翻訳マスタ!$B$1:$D$1,0)) -> Nội dung thay đổi (CN) | I4: =INDEX(_翻訳マスタ!$B$2:$D$300,MATCH("REV_COL_REASON",_翻訳マスタ!$A$2:$A$300,0),MATCH(言語切替!$B$3,_翻訳マスタ!$B$1:$D$1,0))&INDEX(_翻訳マスタ!$B$2:$D$300,MATCH("NEW_INPUT_SUFFIX",_翻訳マスタ!$A$2:$A$300,0),MATCH(言語切替!$B$3,_翻訳マスタ!$B$1:$D$1,0)) -> Lý do thay đổi [Nhập: VI/JP/CN] | J4: =INDEX(_翻訳マスタ!$B$2:$D$300,MATCH("REV_COL_REASON",_翻訳マスタ!$A$2:$A$300,0),MATCH(言語切替!$B$3,_翻訳マスタ!$B$1:$D$1,0))&INDEX(_翻訳マスタ!$B$2:$D$300,MATCH("NEW_VI_SUFFIX",_翻訳マスタ!$A$2:$A$300,0),MATCH(言語切替!$B$3,_翻訳マスタ!$B$1:$D$1,0)) -> Lý do thay đổi (VI) | K4: =INDEX(_翻訳マスタ!$B$2:$D$300,MATCH("REV_COL_REASON",_翻訳マスタ!$A$2:$A$300,0),MATCH(言語切替!$B$3,_翻訳マスタ!$B$1:$D$1,0))&INDEX(_翻訳マスタ!$B$2:$D$300,MATCH("NEW_JP_SUFFIX",_翻訳マスタ!$A$2:$A$300,0),MATCH(言語切替!$B$3,_翻訳マスタ!$B$1:$D$1,0)) -> Lý do thay đổi (JP) | L4: =INDEX(_翻訳マスタ!$B$2:$D$300,MATCH("REV_COL_REASON",_翻訳マスタ!$A$2:$A$300,0),MATCH(言語切替!$B$3,_翻訳マスタ!$B$1:$D$1,0))&INDEX(_翻訳マスタ!$B$2:$D$300,MATCH("NEW_CN_SUFFIX",_翻訳マスタ!$A$2:$A$300,0),MATCH(言語切替!$B$3,_翻訳マスタ!$B$1:$D$1,0)) -> Lý do thay đổi (CN) | M4: =INDEX(_翻訳マスタ!$B$117:$D$247,MATCH("REV_COL_APPROVER",_翻訳マスタ!$A$117:$A$247,0),MATCH(言語切替!$B$3,_翻訳マスタ!$B$1:$D$1,0)) -> Người phê duyệt | N4: =INDEX(_翻訳マスタ!$B$2:$D$300,MATCH("REV_COL_NOTE",_翻訳マスタ!$A$2:$A$300,0),MATCH(言語切替!$B$3,_翻訳マスタ!$B$1:$D$1,0))&INDEX(_翻訳マスタ!$B$2:$D$300,MATCH("NEW_INPUT_SUFFIX",_翻訳マスタ!$A$2:$A$300,0),MATCH(言語切替!$B$3,_翻訳マスタ!$B$1:$D$1,0)) -> Ghi chú [Nhập: VI/JP/CN] | O4: =INDEX(_翻訳マスタ!$B$2:$D$300,MATCH("REV_COL_NOTE",_翻訳マスタ!$A$2:$A$300,0),MATCH(言語切替!$B$3,_翻訳マスタ!$B$1:$D$1,0))&INDEX(_翻訳マスタ!$B$2:$D$300,MATCH("NEW_VI_SUFFIX",_翻訳マスタ!$A$2:$A$300,0),MATCH(言語切替!$B$3,_翻訳マスタ!$B$1:$D$1,0)) -> Ghi chú (VI) | P4: =INDEX(_翻訳マスタ!$B$2:$D$300,MATCH("REV_COL_NOTE",_翻訳マスタ!$A$2:$A$300,0),MATCH(言語切替!$B$3,_翻訳マスタ!$B$1:$D$1,0))&INDEX(_翻訳マスタ!$B$2:$D$300,MATCH("NEW_JP_SUFFIX",_翻訳マスタ!$A$2:$A$300,0),MATCH(言語切替!$B$3,_翻訳マスタ!$B$1:$D$1,0)) -> Ghi chú (JP) | Q4: =INDEX(_翻訳マスタ!$B$2:$D$300,MATCH("REV_COL_NOTE",_翻訳マスタ!$A$2:$A$300,0),MATCH(言語切替!$B$3,_翻訳マスタ!$B$1:$D$1,0))&INDEX(_翻訳マスタ!$B$2:$D$300,MATCH("NEW_CN_SUFFIX",_翻訳マスタ!$A$2:$A$300,0),MATCH(言語切替!$B$3,_翻訳マスタ!$B$1:$D$1,0)) -> Ghi chú (CN)
A5: REV-001 | B5: 46288 | C5: =INDEX(_翻訳マスタ!$B$117:$D$247,MATCH("ROLE_PMO",_翻訳マスタ!$A$117:$A$247,0),MATCH(言語切替!$B$3,_翻訳マスタ!$B$1:$D$1,0)) -> Ban điều hành | D5: ='02_マスタ'!$A$5 -> Toàn bộ | E5: =INDEX(_翻訳マスタ!$D$2:$D$300,MATCH("REV_EX1_CONTENT",_翻訳マスタ!$A$2:$A$300,0)) -> Tạo bản dự thảo đầu tiên của công cụ quản lý | F5: =IF(E5="","",_xlfn.TRANSLATE(E5,"","vi")) -> Tạo bản dự thảo đầu tiên của công cụ quản lý | G5: =IF(E5="","",_xlfn.TRANSLATE(E5,"","ja")) -> 管理ツールの最初の草案を作成します | H5: =IF(E5="","",_xlfn.TRANSLATE(E5,"","zh-Hans")) -> 创建管理工具的初稿 | I5: =INDEX(_翻訳マスタ!$D$2:$D$300,MATCH("REV_EX1_REASON",_翻訳マスタ!$A$2:$A$300,0)) -> Cụ thể hóa phương án vận hành trong tài liệu giải trình của ban điều hành | J5: =IF(I5="","",_xlfn.TRANSLATE(I5,"","vi")) -> Cụ thể hóa phương án vận hành trong tài liệu giải trình của ban điều hành | K5: =IF(I5="","",_xlfn.TRANSLATE(I5,"","ja")) -> 執行委員会の説明文書で運営計画を具体化してください | L5: =IF(I5="","",_xlfn.TRANSLATE(I5,"","zh-Hans")) -> 在执行委员会的说明文件中具体化运营计划 | N5: =INDEX(_翻訳マスタ!$D$2:$D$300,MATCH("COMMON_EXAMPLE",_翻訳マスタ!$A$2:$A$300,0)) -> Ví dụ nhập liệu | O5: =IF(N5="","",_xlfn.TRANSLATE(N5,"","vi")) -> Ví dụ nhập liệu | P5: =IF(N5="","",_xlfn.TRANSLATE(N5,"","ja")) -> データ入力の例 | Q5: =IF(N5="","",_xlfn.TRANSLATE(N5,"","zh-Hans")) -> 数据录入示例
F6: =IF(E6="","",_xlfn.TRANSLATE(E6,"","vi")) | G6: =IF(E6="","",_xlfn.TRANSLATE(E6,"","ja")) | H6: =IF(E6="","",_xlfn.TRANSLATE(E6,"","zh-Hans")) | J6: =IF(I6="","",_xlfn.TRANSLATE(I6,"","vi")) | K6: =IF(I6="","",_xlfn.TRANSLATE(I6,"","ja")) | L6: =IF(I6="","",_xlfn.TRANSLATE(I6,"","zh-Hans")) | O6: =IF(N6="","",_xlfn.TRANSLATE(N6,"","vi")) | P6: =IF(N6="","",_xlfn.TRANSLATE(N6,"","ja")) | Q6: =IF(N6="","",_xlfn.TRANSLATE(N6,"","zh-Hans"))
F7: =IF(E7="","",_xlfn.TRANSLATE(E7,"","vi")) | G7: =IF(E7="","",_xlfn.TRANSLATE(E7,"","ja")) | H7: =IF(E7="","",_xlfn.TRANSLATE(E7,"","zh-Hans")) | J7: =IF(I7="","",_xlfn.TRANSLATE(I7,"","vi")) | K7: =IF(I7="","",_xlfn.TRANSLATE(I7,"","ja")) | L7: =IF(I7="","",_xlfn.TRANSLATE(I7,"","zh-Hans")) | O7: =IF(N7="","",_xlfn.TRANSLATE(N7,"","vi")) | P7: =IF(N7="","",_xlfn.TRANSLATE(N7,"","ja")) | Q7: =IF(N7="","",_xlfn.TRANSLATE(N7,"","zh-Hans"))
F8: =IF(E8="","",_xlfn.TRANSLATE(E8,"","vi")) | G8: =IF(E8="","",_xlfn.TRANSLATE(E8,"","ja")) | H8: =IF(E8="","",_xlfn.TRANSLATE(E8,"","zh-Hans")) | J8: =IF(I8="","",_xlfn.TRANSLATE(I8,"","vi")) | K8: =IF(I8="","",_xlfn.TRANSLATE(I8,"","ja")) | L8: =IF(I8="","",_xlfn.TRANSLATE(I8,"","zh-Hans")) | O8: =IF(N8="","",_xlfn.TRANSLATE(N8,"","vi")) | P8: =IF(N8="","",_xlfn.TRANSLATE(N8,"","ja")) | Q8: =IF(N8="","",_xlfn.TRANSLATE(N8,"","zh-Hans"))
F9: =IF(E9="","",_xlfn.TRANSLATE(E9,"","vi")) | G9: =IF(E9="","",_xlfn.TRANSLATE(E9,"","ja")) | H9: =IF(E9="","",_xlfn.TRANSLATE(E9,"","zh-Hans")) | J9: =IF(I9="","",_xlfn.TRANSLATE(I9,"","vi")) | K9: =IF(I9="","",_xlfn.TRANSLATE(I9,"","ja")) | L9: =IF(I9="","",_xlfn.TRANSLATE(I9,"","zh-Hans")) | O9: =IF(N9="","",_xlfn.TRANSLATE(N9,"","vi")) | P9: =IF(N9="","",_xlfn.TRANSLATE(N9,"","ja")) | Q9: =IF(N9="","",_xlfn.TRANSLATE(N9,"","zh-Hans"))
F10: =IF(E10="","",_xlfn.TRANSLATE(E10,"","vi")) | G10: =IF(E10="","",_xlfn.TRANSLATE(E10,"","ja")) | H10: =IF(E10="","",_xlfn.TRANSLATE(E10,"","zh-Hans")) | J10: =IF(I10="","",_xlfn.TRANSLATE(I10,"","vi")) | K10: =IF(I10="","",_xlfn.TRANSLATE(I10,"","ja")) | L10: =IF(I10="","",_xlfn.TRANSLATE(I10,"","zh-Hans")) | O10: =IF(N10="","",_xlfn.TRANSLATE(N10,"","vi")) | P10: =IF(N10="","",_xlfn.TRANSLATE(N10,"","ja")) | Q10: =IF(N10="","",_xlfn.TRANSLATE(N10,"","zh-Hans"))
F11: =IF(E11="","",_xlfn.TRANSLATE(E11,"","vi")) | G11: =IF(E11="","",_xlfn.TRANSLATE(E11,"","ja")) | H11: =IF(E11="","",_xlfn.TRANSLATE(E11,"","zh-Hans")) | J11: =IF(I11="","",_xlfn.TRANSLATE(I11,"","vi")) | K11: =IF(I11="","",_xlfn.TRANSLATE(I11,"","ja")) | L11: =IF(I11="","",_xlfn.TRANSLATE(I11,"","zh-Hans")) | O11: =IF(N11="","",_xlfn.TRANSLATE(N11,"","vi")) | P11: =IF(N11="","",_xlfn.TRANSLATE(N11,"","ja")) | Q11: =IF(N11="","",_xlfn.TRANSLATE(N11,"","zh-Hans"))
F12: =IF(E12="","",_xlfn.TRANSLATE(E12,"","vi")) | G12: =IF(E12="","",_xlfn.TRANSLATE(E12,"","ja")) | H12: =IF(E12="","",_xlfn.TRANSLATE(E12,"","zh-Hans")) | J12: =IF(I12="","",_xlfn.TRANSLATE(I12,"","vi")) | K12: =IF(I12="","",_xlfn.TRANSLATE(I12,"","ja")) | L12: =IF(I12="","",_xlfn.TRANSLATE(I12,"","zh-Hans")) | O12: =IF(N12="","",_xlfn.TRANSLATE(N12,"","vi")) | P12: =IF(N12="","",_xlfn.TRANSLATE(N12,"","ja")) | Q12: =IF(N12="","",_xlfn.TRANSLATE(N12,"","zh-Hans"))
F13: =IF(E13="","",_xlfn.TRANSLATE(E13,"","vi")) | G13: =IF(E13="","",_xlfn.TRANSLATE(E13,"","ja")) | H13: =IF(E13="","",_xlfn.TRANSLATE(E13,"","zh-Hans")) | J13: =IF(I13="","",_xlfn.TRANSLATE(I13,"","vi")) | K13: =IF(I13="","",_xlfn.TRANSLATE(I13,"","ja")) | L13: =IF(I13="","",_xlfn.TRANSLATE(I13,"","zh-Hans")) | O13: =IF(N13="","",_xlfn.TRANSLATE(N13,"","vi")) | P13: =IF(N13="","",_xlfn.TRANSLATE(N13,"","ja")) | Q13: =IF(N13="","",_xlfn.TRANSLATE(N13,"","zh-Hans"))
F14: =IF(E14="","",_xlfn.TRANSLATE(E14,"","vi")) | G14: =IF(E14="","",_xlfn.TRANSLATE(E14,"","ja")) | H14: =IF(E14="","",_xlfn.TRANSLATE(E14,"","zh-Hans")) | J14: =IF(I14="","",_xlfn.TRANSLATE(I14,"","vi")) | K14: =IF(I14="","",_xlfn.TRANSLATE(I14,"","ja")) | L14: =IF(I14="","",_xlfn.TRANSLATE(I14,"","zh-Hans")) | O14: =IF(N14="","",_xlfn.TRANSLATE(N14,"","vi")) | P14: =IF(N14="","",_xlfn.TRANSLATE(N14,"","ja")) | Q14: =IF(N14="","",_xlfn.TRANSLATE(N14,"","zh-Hans"))
F15: =IF(E15="","",_xlfn.TRANSLATE(E15,"","vi")) | G15: =IF(E15="","",_xlfn.TRANSLATE(E15,"","ja")) | H15: =IF(E15="","",_xlfn.TRANSLATE(E15,"","zh-Hans")) | J15: =IF(I15="","",_xlfn.TRANSLATE(I15,"","vi")) | K15: =IF(I15="","",_xlfn.TRANSLATE(I15,"","ja")) | L15: =IF(I15="","",_xlfn.TRANSLATE(I15,"","zh-Hans")) | O15: =IF(N15="","",_xlfn.TRANSLATE(N15,"","vi")) | P15: =IF(N15="","",_xlfn.TRANSLATE(N15,"","ja")) | Q15: =IF(N15="","",_xlfn.TRANSLATE(N15,"","zh-Hans"))
F16: =IF(E16="","",_xlfn.TRANSLATE(E16,"","vi")) | G16: =IF(E16="","",_xlfn.TRANSLATE(E16,"","ja")) | H16: =IF(E16="","",_xlfn.TRANSLATE(E16,"","zh-Hans")) | J16: =IF(I16="","",_xlfn.TRANSLATE(I16,"","vi")) | K16: =IF(I16="","",_xlfn.TRANSLATE(I16,"","ja")) | L16: =IF(I16="","",_xlfn.TRANSLATE(I16,"","zh-Hans")) | O16: =IF(N16="","",_xlfn.TRANSLATE(N16,"","vi")) | P16: =IF(N16="","",_xlfn.TRANSLATE(N16,"","ja")) | Q16: =IF(N16="","",_xlfn.TRANSLATE(N16,"","zh-Hans"))
F17: =IF(E17="","",_xlfn.TRANSLATE(E17,"","vi")) | G17: =IF(E17="","",_xlfn.TRANSLATE(E17,"","ja")) | H17: =IF(E17="","",_xlfn.TRANSLATE(E17,"","zh-Hans")) | J17: =IF(I17="","",_xlfn.TRANSLATE(I17,"","vi")) | K17: =IF(I17="","",_xlfn.TRANSLATE(I17,"","ja")) | L17: =IF(I17="","",_xlfn.TRANSLATE(I17,"","zh-Hans")) | O17: =IF(N17="","",_xlfn.TRANSLATE(N17,"","vi")) | P17: =IF(N17="","",_xlfn.TRANSLATE(N17,"","ja")) | Q17: =IF(N17="","",_xlfn.TRANSLATE(N17,"","zh-Hans"))
... F30: =IF(E30="","",_xlfn.TRANSLATE(E30,"","vi")) | G30: =IF(E30="","",_xlfn.TRANSLATE(E30,"","ja")) | H30: =IF(E30="","",_xlfn.TRANSLATE(E30,"","zh-Hans")) | J30: =IF(I30="","",_xlfn.TRANSLATE(I30,"","vi")) | K30: =IF(I30="","",_xlfn.TRANSLATE(I30,"","ja")) | L30: =IF(I30="","",_xlfn.TRANSLATE(I30,"","zh-Hans")) | O30: =IF(N30="","",_xlfn.TRANSLATE(N30,"","vi")) | P30: =IF(N30="","",_xlfn.TRANSLATE(N30,"","ja")) | Q30: =IF(N30="","",_xlfn.TRANSLATE(N30,"","zh-Hans"))
G31: =IF(E31="","",_xlfn.TRANSLATE(E31,"vi","ja")) | H31: =IF(E31="","",_xlfn.TRANSLATE(E31,"vi","zh-Hans")) | K31: =IF(I31="","",_xlfn.TRANSLATE(I31,"vi","ja")) | L31: =IF(I31="","",_xlfn.TRANSLATE(I31,"vi","zh-Hans")) | P31: =IF(N31="","",_xlfn.TRANSLATE(N31,"vi","ja")) | Q31: =IF(N31="","",_xlfn.TRANSLATE(N31,"vi","zh-Hans"))
G32: =IF(E32="","",_xlfn.TRANSLATE(E32,"vi","ja")) | H32: =IF(E32="","",_xlfn.TRANSLATE(E32,"vi","zh-Hans")) | K32: =IF(I32="","",_xlfn.TRANSLATE(I32,"vi","ja")) | L32: =IF(I32="","",_xlfn.TRANSLATE(I32,"vi","zh-Hans")) | P32: =IF(N32="","",_xlfn.TRANSLATE(N32,"vi","ja")) | Q32: =IF(N32="","",_xlfn.TRANSLATE(N32,"vi","zh-Hans"))
G33: =IF(E33="","",_xlfn.TRANSLATE(E33,"vi","ja")) | H33: =IF(E33="","",_xlfn.TRANSLATE(E33,"vi","zh-Hans")) | K33: =IF(I33="","",_xlfn.TRANSLATE(I33,"vi","ja")) | L33: =IF(I33="","",_xlfn.TRANSLATE(I33,"vi","zh-Hans")) | P33: =IF(N33="","",_xlfn.TRANSLATE(N33,"vi","ja")) | Q33: =IF(N33="","",_xlfn.TRANSLATE(N33,"vi","zh-Hans"))
G34: =IF(E34="","",_xlfn.TRANSLATE(E34,"vi","ja")) | H34: =IF(E34="","",_xlfn.TRANSLATE(E34,"vi","zh-Hans")) | K34: =IF(I34="","",_xlfn.TRANSLATE(I34,"vi","ja")) | L34: =IF(I34="","",_xlfn.TRANSLATE(I34,"vi","zh-Hans")) | P34: =IF(N34="","",_xlfn.TRANSLATE(N34,"vi","ja")) | Q34: =IF(N34="","",_xlfn.TRANSLATE(N34,"vi","zh-Hans"))
G35: =IF(E35="","",_xlfn.TRANSLATE(E35,"vi","ja")) | H35: =IF(E35="","",_xlfn.TRANSLATE(E35,"vi","zh-Hans")) | K35: =IF(I35="","",_xlfn.TRANSLATE(I35,"vi","ja")) | L35: =IF(I35="","",_xlfn.TRANSLATE(I35,"vi","zh-Hans")) | P35: =IF(N35="","",_xlfn.TRANSLATE(N35,"vi","ja")) | Q35: =IF(N35="","",_xlfn.TRANSLATE(N35,"vi","zh-Hans"))
G36: =IF(E36="","",_xlfn.TRANSLATE(E36,"vi","ja")) | H36: =IF(E36="","",_xlfn.TRANSLATE(E36,"vi","zh-Hans")) | K36: =IF(I36="","",_xlfn.TRANSLATE(I36,"vi","ja")) | L36: =IF(I36="","",_xlfn.TRANSLATE(I36,"vi","zh-Hans")) | P36: =IF(N36="","",_xlfn.TRANSLATE(N36,"vi","ja")) | Q36: =IF(N36="","",_xlfn.TRANSLATE(N36,"vi","zh-Hans"))
G37: =IF(E37="","",_xlfn.TRANSLATE(E37,"vi","ja")) | H37: =IF(E37="","",_xlfn.TRANSLATE(E37,"vi","zh-Hans")) | K37: =IF(I37="","",_xlfn.TRANSLATE(I37,"vi","ja")) | L37: =IF(I37="","",_xlfn.TRANSLATE(I37,"vi","zh-Hans")) | P37: =IF(N37="","",_xlfn.TRANSLATE(N37,"vi","ja")) | Q37: =IF(N37="","",_xlfn.TRANSLATE(N37,"vi","zh-Hans"))
G38: =IF(E38="","",_xlfn.TRANSLATE(E38,"vi","ja")) | H38: =IF(E38="","",_xlfn.TRANSLATE(E38,"vi","zh-Hans")) | K38: =IF(I38="","",_xlfn.TRANSLATE(I38,"vi","ja")) | L38: =IF(I38="","",_xlfn.TRANSLATE(I38,"vi","zh-Hans")) | P38: =IF(N38="","",_xlfn.TRANSLATE(N38,"vi","ja")) | Q38: =IF(N38="","",_xlfn.TRANSLATE(N38,"vi","zh-Hans"))
G39: =IF(E39="","",_xlfn.TRANSLATE(E39,"vi","ja")) | H39: =IF(E39="","",_xlfn.TRANSLATE(E39,"vi","zh-Hans")) | K39: =IF(I39="","",_xlfn.TRANSLATE(I39,"vi","ja")) | L39: =IF(I39="","",_xlfn.TRANSLATE(I39,"vi","zh-Hans")) | P39: =IF(N39="","",_xlfn.TRANSLATE(N39,"vi","ja")) | Q39: =IF(N39="","",_xlfn.TRANSLATE(N39,"vi","zh-Hans"))
G40: =IF(E40="","",_xlfn.TRANSLATE(E40,"vi","ja")) | H40: =IF(E40="","",_xlfn.TRANSLATE(E40,"vi","zh-Hans")) | K40: =IF(I40="","",_xlfn.TRANSLATE(I40,"vi","ja")) | L40: =IF(I40="","",_xlfn.TRANSLATE(I40,"vi","zh-Hans")) | P40: =IF(N40="","",_xlfn.TRANSLATE(N40,"vi","ja")) | Q40: =IF(N40="","",_xlfn.TRANSLATE(N40,"vi","zh-Hans"))
G41: =IF(E41="","",_xlfn.TRANSLATE(E41,"vi","ja")) | H41: =IF(E41="","",_xlfn.TRANSLATE(E41,"vi","zh-Hans")) | K41: =IF(I41="","",_xlfn.TRANSLATE(I41,"vi","ja")) | L41: =IF(I41="","",_xlfn.TRANSLATE(I41,"vi","zh-Hans")) | P41: =IF(N41="","",_xlfn.TRANSLATE(N41,"vi","ja")) | Q41: =IF(N41="","",_xlfn.TRANSLATE(N41,"vi","zh-Hans"))
G42: =IF(E42="","",_xlfn.TRANSLATE(E42,"vi","ja")) | H42: =IF(E42="","",_xlfn.TRANSLATE(E42,"vi","zh-Hans")) | K42: =IF(I42="","",_xlfn.TRANSLATE(I42,"vi","ja")) | L42: =IF(I42="","",_xlfn.TRANSLATE(I42,"vi","zh-Hans")) | P42: =IF(N42="","",_xlfn.TRANSLATE(N42,"vi","ja")) | Q42: =IF(N42="","",_xlfn.TRANSLATE(N42,"vi","zh-Hans"))
... G104: =IF(E104="","",_xlfn.TRANSLATE(E104,"vi","ja")) | H104: =IF(E104="","",_xlfn.TRANSLATE(E104,"vi","zh-Hans")) | K104: =IF(I104="","",_xlfn.TRANSLATE(I104,"vi","ja")) | L104: =IF(I104="","",_xlfn.TRANSLATE(I104,"vi","zh-Hans")) | P104: =IF(N104="","",_xlfn.TRANSLATE(N104,"vi","ja")) | Q104: =IF(N104="","",_xlfn.TRANSLATE(N104,"vi","zh-Hans"))

Sheet _ゴミ箱_Backup
A1: =INDEX(_翻訳マスタ!$B$2:$D$300,MATCH("GOMI_NO",_翻訳マスタ!$A$2:$A$300,0),MATCH(言語切替!$B$3,_翻訳マスタ!$B$1:$D$1,0)) -> Số | B1: =INDEX(_翻訳マスタ!$B$2:$D$300,MATCH("GOMI_DATE",_翻訳マスタ!$A$2:$A$300,0),MATCH(言語切替!$B$3,_翻訳マスタ!$B$1:$D$1,0)) -> Ngày xóa | C1: =INDEX(_翻訳マスタ!$B$2:$D$300,MATCH("GOMI_SHEET",_翻訳マスタ!$A$2:$A$300,0),MATCH(言語切替!$B$3,_翻訳マスタ!$B$1:$D$1,0)) -> Trang tính | D1: =INDEX(_翻訳マスタ!$B$2:$D$300,MATCH("GOMI_ID",_翻訳マスタ!$A$2:$A$300,0),MATCH(言語切替!$B$3,_翻訳マスタ!$B$1:$D$1,0)) -> Mã | E1: =INDEX(_翻訳マスタ!$B$2:$D$300,MATCH("GOMI_SNAP",_翻訳マスタ!$A$2:$A$300,0),MATCH(言語切替!$B$3,_翻訳マスタ!$B$1:$D$1,0)) -> Nội dung snapshot | F1: =INDEX(_翻訳マスタ!$B$2:$D$300,MATCH("GOMI_BY",_翻訳マスタ!$A$2:$A$300,0),MATCH(言語切替!$B$3,_翻訳マスタ!$B$1:$D$1,0)) -> Người xóa | G1: =INDEX(_翻訳マスタ!$B$2:$D$300,MATCH("GOMI_REASON",_翻訳マスタ!$A$2:$A$300,0),MATCH(言語切替!$B$3,_翻訳マスタ!$B$1:$D$1,0)) -> Lý do
A2: DEL-001 | C2: 04_課題ToDo | D2: IS-001 | E2: Do not delete physically, copy here then set Withdrawn | F2: PMO

Sheet _翻訳マスタ
A1: キー | B1: 日本語 | C1: 中文 | D1: Tiếng Việt
A2: TITLE | B2: スマートファクトリー分科会 管理ツール | C2: 智能工厂分科会 管理工具 | D2: Công cụ quản lý Tiểu ban Nhà máy Thông minh
A3: PURPOSE | B3: 目的：9つのWGを横断して、計画・課題・判断・KPIを一つの管理サイクルで運用するための初版案 | C3: 目的：跨9个工作组，以统一的管理周期管理计划、课题、决策和KPI的初版方案 | D3: Mục đích: Bản dự thảo đầu tiên nhằm quản lý kế hoạch, vấn đề, quyết định và KPI của 9 WG trong một chu trình quản lý thống nhất
A4: PRINCIPLE_HEADER | B4: 1. 基本原則 | C4: 1. 基本原则 | D4: 1. Nguyên tắc cơ bản
A5: P1 | B5: • 詳細な議論は議事録・関連資料に残す | C5: • 详细讨论保留在会议纪要及相关资料中 | D5: • Lưu các thảo luận chi tiết trong biên bản họp và tài liệu liên quan
A6: P2 | B6: • 本ファイルには結論、次アクション、担当、期限、リンクを残す | C6: • 本文件记录结论、下一步行动、负责人、期限和链接 | D6: • Trong tệp này, ghi lại kết luận, hành động tiếp theo, người phụ trách, thời hạn và liên kết
A7: P3 | B7: • 同じ内容を複数シートへ二重入力しない | C7: • 不要在多个工作表中重复录入相同内容 | D7: • Không nhập trùng cùng một nội dung trên nhiều trang tính
A8: P4 | B8: • 行を物理削除せず、変更・取下理由を記録する | C8: • 不要直接删除行，应记录变更或撤回原因 | D8: • Không xóa dòng; hãy ghi lại lý do thay đổi hoặc rút lại
A9: COL_SHEET | B9: シート | C9: 工作表 | D9: Trang tính
A10: COL_USAGE | B10: 用途 | C10: 用途 | D10: Mục đích sử dụng
A11: U1 | B11: 事務局・リーダー会用ダッシュボード | C11: 管理办公室及负责人会议用仪表板 | D11: Bảng điều khiển cho ban điều hành và cuộc họp trưởng nhóm
A12: U2 | B12: 入力候補とWG定義 | C12: 输入候选值和WG定义 | D12: Danh sách lựa chọn nhập liệu và định nghĩa WG
... A32: E4 | B32: • スコープ変更、投資、人員、上位判断が必要 | C32: • 需要变更范围、投资、人员配置或上级决策 | D32: • Cần thay đổi phạm vi, đầu tư, nhân sự hoặc quyết định cấp cao hơn
A33: DASH_TITLE | B33: 全体サマリー | C33: 整体摘要 | D33: Tổng quan | E33: =INDEX(B33:D33,1,MATCH(言語切替!$B$3,$B$1:$D$1,0)) -> Tổng quan
A34: DASH_DESC | B34: 運営事務局・週次WGリーダー会用。入力は不要。WBS／課題ToDo／KPIの情報を自動集計する。 | C34: 供管理办公室及每周WG负责人会议使用。无需输入，自动汇总WBS、课题ToDo和KPI信息。 | D34: Dùng cho ban điều hành và cuộc họp trưởng WG hàng tuần. Không cần nhập liệu; thông tin WBS, Vấn đề/ToDo và KPI được tự động tổng hợp. | E34: =INDEX(B34:D34,1,MATCH(言語切替!$B$3,$B$1:$D$1,0)) -> Dùng cho ban điều hành và cuộc họp trưởng WG hàng tuần. Không cần nhập liệu; thông tin WBS, Vấn đề/ToDo và KPI được tự động tổng hợp.
A35: DASH_OPEN_WBS | B35: 未完了WBS | C35: 未完成WBS | D35: WBS chưa hoàn thành | E35: =INDEX(B35:D35,1,MATCH(言語切替!$B$3,$B$1:$D$1,0)) -> WBS chưa hoàn thành
A36: DASH_DELAY_WBS | B36: 遅延WBS | C36: 延期WBS | D36: WBS chậm tiến độ | E36: =INDEX(B36:D36,1,MATCH(言語切替!$B$3,$B$1:$D$1,0)) -> WBS chậm tiến độ
A37: DASH_OPEN_ISSUES | B37: 未完了課題ToDo | C37: 未完成课题ToDo | D37: Vấn đề/ToDo chưa hoàn thành | E37: =INDEX(B37:D37,1,MATCH(言語切替!$B$3,$B$1:$D$1,0)) -> Vấn đề/ToDo chưa hoàn thành
A38: DASH_HIGH_OVERDUE | B38: High／期限超過 | C38: High／逾期 | D38: High / Quá hạn | E38: =INDEX(B38:D38,1,MATCH(言語切替!$B$3,$B$1:$D$1,0)) -> High / Quá hạn
A39: DASH_KPI_MISS | B39: KPI未達 | C39: KPI未达标 | D39: KPI chưa đạt | E39: =INDEX(B39:D39,1,MATCH(言語切替!$B$3,$B$1:$D$1,0)) -> KPI chưa đạt
A40: DASH_WG | B40: WG | C40: WG | D40: WG | E40: =INDEX(B40:D40,1,MATCH(言語切替!$B$3,$B$1:$D$1,0)) -> WG
A41: DASH_OPEN_ISSUES_SHORT | B41: 未完了課題 | C41: 未完成课题 | D41: Vấn đề chưa hoàn thành | E41: =INDEX(B41:D41,1,MATCH(言語切替!$B$3,$B$1:$D$1,0)) -> Vấn đề chưa hoàn thành
A42: DASH_HIGH_OVERDUE_SHORT | B42: High/超過 | C42: High/逾期 | D42: High/Quá hạn | E42: =INDEX(B42:D42,1,MATCH(言語切替!$B$3,$B$1:$D$1,0)) -> High/Quá hạn
A43: DASH_WAITING | B43: 判断/他WG待ち | C43: 待决策/等待其他WG | D43: Chờ quyết định/WG khác | E43: =INDEX(B43:D43,1,MATCH(言語切替!$B$3,$B$1:$D$1,0)) -> Chờ quyết định/WG khác
A44: DASH_CHART_TITLE | B44: WG別 未完了課題 | C44: 各WG未完成课题 | D44: Vấn đề chưa hoàn thành theo WG | E44: =INDEX(B44:D44,1,MATCH(言語切替!$B$3,$B$1:$D$1,0)) -> Vấn đề chưa hoàn thành theo WG
A45: DASH_COUNT | B45: 件数 | C45: 数量 | D45: Số lượng | E45: =INDEX(B45:D45,1,MATCH(言語切替!$B$3,$B$1:$D$1,0)) -> Số lượng
A46: DASH_ALL | B46: 全体 | C46: 整体 | D46: Toàn bộ
A47: M_TITLE | B47: 入力マスタ | C47: 输入主数据 | D47: Danh mục nhập liệu
A48: M_DESC | B48: 入力規則で使用する候補値。事務局のみが変更する。 | C48: 用于数据验证的候选值。仅限管理办公室修改。 | D48: Các giá trị lựa chọn dùng cho xác thực dữ liệu. Chỉ ban điều hành được thay đổi.
A49: M_WG | B49: WG | C49: WG | D49: WG
A50: M_SITE | B50: 拠点 | C50: 据点 | D50: Đơn vị
A51: M_STATUS | B51: ステータス | C51: 状态 | D51: Trạng thái
A52: M_PRIORITY | B52: 優先度 | C52: 优先级 | D52: Mức ưu tiên
A53: M_TYPE | B53: 区分 | C53: 分类 | D53: Phân loại
A54: M_KPI_LEVEL | B54: KPI階層 | C54: KPI层级 | D54: Cấp KPI
A55: M_JUDGMENT | B55: 判定 | C55: 判定 | D55: Đánh giá
A56: M_ALL | B56: 全体 | C56: 整体 | D56: Toàn bộ
A57: M_WG1 | B57: WG-1 | C57: WG-1 | D57: WG-1
... A263: NEW_INPUT_SUFFIX | B263: [入力: VI/JP/CN] | C263: [输入: VI/JP/CN] | D263: [Nhập: VI/JP/CN]
